{
"type": "FeatureCollection",
"name": "sevilla",
"crs": { "type": "name", "properties": { "name": "urn:ogc:def:crs:OGC:1.3:CRS84" } },
"features": [
{ "type": "Feature", "properties": { "viviendas": 10216, "n_flats": 226, "n_rooms": 26, "n_all": 252, "ratio_flats": 2.21221613155834, "ratio_rooms": 0.25450274079874707, "ratio": 2.4667188723570872, "mean_price": 125.03829787234042, "mean_revenue": 972.02056737588657, "profit": 353.11176370336261, "net_profit": 1.0, "ingresos_medios": 13725.783029554224 }, "geometry": { "type": "MultiPolygon", "coordinates": [ [ [ [ -6.032921018664848, 37.301873982200313 ], [ -6.032918775781313, 37.302099336915823 ], [ -6.032516957773487, 37.304452315158066 ], [ -6.031747820659868, 37.3094548360936 ], [ -6.031257205519007, 37.309734654199623 ], [ -6.030854595005938, 37.309964255528833 ], [ -6.030068229576995, 37.310326831587062 ], [ -6.02908982564959, 37.310964585412449 ], [ -6.028073558389369, 37.311783554373925 ], [ -6.027305643972093, 37.312325834665522 ], [ -6.026947523223299, 37.312677385675705 ], [ -6.026029728290522, 37.313421666006917 ], [ -6.023616783491856, 37.315141332863973 ], [ -6.02264729810944, 37.316004086288331 ], [ -6.021965446593779, 37.316724332898808 ], [ -6.021201198089612, 37.316797947107304 ], [ -6.021000114724139, 37.316848127744478 ], [ -6.018240931653227, 37.3175313346823 ], [ -6.016823122008994, 37.316495240239867 ], [ -6.016486527581748, 37.316260535121167 ], [ -6.015716841857835, 37.315631433760416 ], [ -6.014940189562203, 37.31511056725315 ], [ -6.01400486532462, 37.314855098028261 ], [ -6.014565983749368, 37.314498411973986 ], [ -6.016422993440835, 37.313541031465149 ], [ -6.017382904896753, 37.313002893334428 ], [ -6.01792146499443, 37.312646767498443 ], [ -6.018587321149953, 37.312089158572739 ], [ -6.020975442198953, 37.309748514058185 ], [ -6.021816070704849, 37.309051288001484 ], [ -6.022237583741959, 37.308589997426679 ], [ -6.022772547709466, 37.307864444264915 ], [ -6.023590829329877, 37.306609119883134 ], [ -6.024616347030426, 37.305177264127167 ], [ -6.025699525881941, 37.304059291038904 ], [ -6.026872850676935, 37.302939000799398 ], [ -6.028485139589128, 37.301798434797853 ], [ -6.030094876895566, 37.300874173536393 ], [ -6.031753511453252, 37.300327075877469 ], [ -6.032695998436508, 37.300203850515238 ], [ -6.032888191042396, 37.300496207445889 ], [ -6.032921018664848, 37.301873982200313 ] ] ], [ [ [ -5.99713263739358, 37.371328980669688 ], [ -5.997182105620836, 37.368444390093885 ], [ -5.997124627707445, 37.368161996145169 ], [ -5.996867063719495, 37.367772093746687 ], [ -5.994731873096693, 37.367715802106432 ], [ -5.994183682738143, 37.367943708704281 ], [ -5.993976549564597, 37.367996232785778 ], [ -5.993829556861351, 37.368051770604687 ], [ -5.992544278626023, 37.368690289330218 ], [ -5.992479210745881, 37.367651222064637 ], [ -5.992731536494012, 37.36363068639583 ], [ -5.992894806003906, 37.361027021731964 ], [ -5.993333892109097, 37.354028304518394 ], [ -5.993404938512462, 37.350280445531212 ], [ -5.993445265834342, 37.34815519462316 ], [ -5.99446406137316, 37.336208514442504 ], [ -5.992757547350843, 37.332230820898296 ], [ -5.991905859800586, 37.330396212066965 ], [ -5.991681347967463, 37.32984323209574 ], [ -5.991481319518259, 37.329285127604891 ], [ -5.991305686652638, 37.328719669911393 ], [ -5.991154797796321, 37.328151301578316 ], [ -5.990975445101927, 37.327288595664868 ], [ -5.990834575984416, 37.326246971464805 ], [ -5.990799714367056, 37.32554953478985 ], [ -5.990805137149017, 37.325197952244437 ], [ -5.990842059378561, 37.324674413532271 ], [ -5.990913161735659, 37.32415226270377 ], [ -5.990979775096482, 37.323808192199124 ], [ -5.99129105453915, 37.32261541478028 ], [ -5.991607991711382, 37.32160498716194 ], [ -5.99197268885898, 37.320582105623863 ], [ -5.992185152122836, 37.320067618062765 ], [ -5.992419994523966, 37.319557083440053 ], [ -5.992813475346621, 37.318805993778057 ], [ -5.993041843982275, 37.318417285597803 ], [ -5.993256020454487, 37.318086067506655 ], [ -5.993924660301259, 37.318284569988968 ], [ -5.996620157639923, 37.318829008460639 ], [ -5.997814602945509, 37.31907808861947 ], [ -5.999483218336803, 37.319333098022682 ], [ -6.00039526768357, 37.319571266002761 ], [ -6.001740964279559, 37.319933550548335 ], [ -6.003087010980319, 37.32030487528904 ], [ -6.003150031320132, 37.320753817000885 ], [ -6.003101411228169, 37.321232589583886 ], [ -6.003719992925837, 37.322883818965295 ], [ -6.004797512484612, 37.324442297962598 ], [ -6.005489029326155, 37.325091463226194 ], [ -6.007791301434873, 37.326519686291213 ], [ -6.009787110519515, 37.327901555162562 ], [ -6.011628629656595, 37.329089110525651 ], [ -6.013056453985335, 37.330088930862892 ], [ -6.016382540420985, 37.333410127382713 ], [ -6.02100750240209, 37.336752046998875 ], [ -6.021418994341678, 37.337164998603882 ], [ -6.021580675705249, 37.337539272031528 ], [ -6.02180280939999, 37.338729258854244 ], [ -6.022097987163731, 37.34031030771078 ], [ -6.022445295635713, 37.341373618413293 ], [ -6.022527880144157, 37.343714248933651 ], [ -6.022662096708312, 37.344810064220454 ], [ -6.022638651301829, 37.346772691678275 ], [ -6.022620646052047, 37.348280123674527 ], [ -6.022523076970636, 37.349787373586651 ], [ -6.022421435079624, 37.350348589804042 ], [ -6.022246138820622, 37.351605552939866 ], [ -6.022266203756747, 37.352388917869717 ], [ -6.022508895586104, 37.354500168720058 ], [ -6.02245850722921, 37.355213256073242 ], [ -6.022147418749942, 37.356743975477436 ], [ -6.022028771659635, 37.358287785199956 ], [ -6.02204994769379, 37.359098192421378 ], [ -6.02239893104592, 37.362045247529693 ], [ -6.022408436360746, 37.362125513660487 ], [ -6.022042368008937, 37.367351921582795 ], [ -6.021830505264474, 37.367969932088833 ], [ -6.021207384200095, 37.367976932075322 ], [ -6.018396258092575, 37.368476779198673 ], [ -6.016262528248144, 37.368824060503442 ], [ -6.015871555822837, 37.368813754111841 ], [ -6.015416414973947, 37.368676724941558 ], [ -6.015304211327437, 37.369037727947649 ], [ -6.015523609074016, 37.371690196463064 ], [ -6.014202440241913, 37.372039261804275 ], [ -6.011860146187022, 37.372776976955663 ], [ -6.011037186587732, 37.373147118703166 ], [ -6.009434777282513, 37.373969587977747 ], [ -6.009434634316418, 37.37396954206082 ], [ -6.009036541532132, 37.37384455699403 ], [ -6.008545308792725, 37.37313622018722 ], [ -6.007805836717224, 37.372195413830617 ], [ -6.007583244138637, 37.372027654090793 ], [ -6.007285415937401, 37.371911334371426 ], [ -6.006593157070275, 37.37176448578586 ], [ -6.004513390468781, 37.371447954343793 ], [ -6.00382428940189, 37.371375358897595 ], [ -6.002810894661328, 37.371306516201869 ], [ -6.001899902964276, 37.371286841744606 ], [ -6.001567289262479, 37.371295288354062 ], [ -5.999811159887624, 37.371346639520823 ], [ -5.998680292583311, 37.371370814137705 ], [ -5.99713263739358, 37.371328980669688 ] ] ], [ [ [ -5.998628715487945, 37.38204948159639 ], [ -5.997869467027349, 37.382451684199445 ], [ -5.997568576737473, 37.382110362816029 ], [ -5.996368031953137, 37.380748462442746 ], [ -5.996314744248371, 37.380684666363621 ], [ -5.998944854066848, 37.37942975006424 ], [ -5.999654628287037, 37.38030470471039 ], [ -5.999837844574516, 37.38050955540136 ], [ -6.000727939602403, 37.381383479441183 ], [ -6.001209715438695, 37.381837526531335 ], [ -6.000785068046281, 37.382165924934228 ], [ -6.001049729029869, 37.382463316043243 ], [ -6.000792423389357, 37.382677079064194 ], [ -6.000662480898987, 37.382542977900791 ], [ -6.000179376950076, 37.382023637503039 ], [ -5.999473667970666, 37.38135899657491 ], [ -5.998463413748454, 37.381855427756641 ], [ -5.998628715487945, 37.38204948159639 ] ] ], [ [ [ -5.982533220302217, 37.389354195598251 ], [ -5.982535227684559, 37.389146932573418 ], [ -5.982714145294999, 37.388531923958467 ], [ -5.982841955687618, 37.388400299734073 ], [ -5.983410474704697, 37.388708055275103 ], [ -5.98359129440548, 37.388845454795309 ], [ -5.984230410424936, 37.389081611097609 ], [ -5.984478113959836, 37.389187959656162 ], [ -5.984221586744344, 37.389816165425962 ], [ -5.984120401870372, 37.390476491330183 ], [ -5.984089827823327, 37.390889494857582 ], [ -5.982649801699706, 37.390301863924023 ], [ -5.982818262889531, 37.391644671476861 ], [ -5.982766256819473, 37.39185548093667 ], [ -5.982222490747577, 37.392711710076341 ], [ -5.981057866529717, 37.392168911850277 ], [ -5.98169294065006, 37.391256371236658 ], [ -5.982450803969059, 37.390210059613878 ], [ -5.982592081414379, 37.389789725739504 ], [ -5.982533220302217, 37.389354195598251 ] ] ], [ [ [ -5.985215979205623, 37.394850411922214 ], [ -5.985159583078485, 37.394779757615794 ], [ -5.98493834046128, 37.394442981253754 ], [ -5.985000958879549, 37.394060686260573 ], [ -5.985013472130668, 37.393672922694549 ], [ -5.985112810354346, 37.393632123124753 ], [ -5.984965827510615, 37.393329454157289 ], [ -5.985471840146441, 37.393199533228042 ], [ -5.985870193312985, 37.393058817946297 ], [ -5.986261107650857, 37.392954349759613 ], [ -5.986458692604684, 37.393041700333015 ], [ -5.986613359598793, 37.393136920504709 ], [ -5.986732483989433, 37.393271314201527 ], [ -5.986755457844765, 37.393250492011667 ], [ -5.987815139004121, 37.392984898842919 ], [ -5.987936507735303, 37.39330845867476 ], [ -5.988186984825729, 37.393275126063074 ], [ -5.988254817138166, 37.393325175271315 ], [ -5.988216736001761, 37.393380205605197 ], [ -5.988185869817526, 37.393549944728058 ], [ -5.988206195851843, 37.393585449535003 ], [ -5.98823785846024, 37.393787432826436 ], [ -5.988202443185851, 37.394171253290672 ], [ -5.988085186851783, 37.394631509900428 ], [ -5.987986880200491, 37.394829954007712 ], [ -5.987977802980401, 37.394845943101323 ], [ -5.987344818312998, 37.394778625288836 ], [ -5.986515441742061, 37.394876171685461 ], [ -5.986463193990812, 37.394983355169927 ], [ -5.986272219352176, 37.395071536008636 ], [ -5.985546963315494, 37.395524621909921 ], [ -5.985271985275249, 37.395777088514428 ], [ -5.985024464339202, 37.395524309093126 ], [ -5.985211348208813, 37.395418189892993 ], [ -5.985522244998188, 37.395207606135699 ], [ -5.98524790464394, 37.394867612882798 ], [ -5.985215979205623, 37.394850411922214 ] ] ], [ [ [ -5.985459757190196, 37.407416045085995 ], [ -5.985829879563275, 37.406570960157907 ], [ -5.985958211083349, 37.406313191862189 ], [ -5.98614466303548, 37.406004387945757 ], [ -5.98632774652732, 37.405704656956807 ], [ -5.986459269253491, 37.405593198713774 ], [ -5.986985578696434, 37.404532445504984 ], [ -5.987600298567997, 37.403395092566022 ], [ -5.987842233687803, 37.40307137694036 ], [ -5.987947181861409, 37.403095758722081 ], [ -5.988206619590978, 37.403104958563468 ], [ -5.989273682654768, 37.403053224057381 ], [ -5.989731699795054, 37.403032613605347 ], [ -5.991768456849973, 37.403307689840958 ], [ -5.993025245900054, 37.403478612274924 ], [ -5.993726497890182, 37.403577971165653 ], [ -5.994299424018393, 37.403637786590828 ], [ -5.99548073279952, 37.403839861230026 ], [ -5.995823611267191, 37.403524825203426 ], [ -5.99732015029407, 37.404369867663867 ], [ -5.994964481208743, 37.40704092542439 ], [ -5.993041474656057, 37.406259605310815 ], [ -5.99288338705677, 37.406492479016656 ], [ -5.991434777631938, 37.405537407208321 ], [ -5.990719382899452, 37.406184911358508 ], [ -5.989583935253684, 37.405889421866682 ], [ -5.989531983193951, 37.406386618951956 ], [ -5.989194172220458, 37.406910122652484 ], [ -5.988405785811044, 37.408091469573975 ], [ -5.988382658124633, 37.408074281318257 ], [ -5.988190492287158, 37.407896675874674 ], [ -5.988007329141144, 37.407795404297808 ], [ -5.987812819695445, 37.40774175014468 ], [ -5.985459757190196, 37.407416045085995 ] ] ], [ [ [ -5.995902251150359, 37.421394928664576 ], [ -5.995848102471823, 37.420603383667405 ], [ -5.996010034721314, 37.420130729929944 ], [ -5.997808056678714, 37.420175215009259 ], [ -5.998977851530003, 37.420046433259444 ], [ -6.000006812967011, 37.419786033068149 ], [ -6.001310476542636, 37.419050130655556 ], [ -6.002832461144504, 37.417840127340483 ], [ -6.004136426295682, 37.417113156903092 ], [ -6.005172621552399, 37.416753450642922 ], [ -6.006782276194927, 37.416325055695744 ], [ -6.010110041214196, 37.415924965014376 ], [ -6.012307049708198, 37.415778848975286 ], [ -6.013109754434859, 37.414668113183822 ], [ -6.01239688723942, 37.414073626292151 ], [ -6.012690219303705, 37.413219161403504 ], [ -6.01318233265162, 37.413377787656394 ], [ -6.014055469442319, 37.413742959035673 ], [ -6.014468062986924, 37.413326981486271 ], [ -6.014614861690144, 37.413043929061523 ], [ -6.015808558843787, 37.413797359697213 ], [ -6.016189448630965, 37.414076217988153 ], [ -6.017984939879068, 37.415390691989046 ], [ -6.018541679603811, 37.41603421444961 ], [ -6.018855754452173, 37.416260472117209 ], [ -6.01974495681451, 37.41674231326045 ], [ -6.020191150767385, 37.417163412936269 ], [ -6.020465523790961, 37.417525813408467 ], [ -6.020829473162405, 37.417867893132424 ], [ -6.021001663725632, 37.417935603629502 ], [ -6.023012268398682, 37.419334833086928 ], [ -6.027294473450032, 37.421594895938981 ], [ -6.028108777897204, 37.422155892044913 ], [ -6.028447468129235, 37.422389221050409 ], [ -6.028479737050133, 37.422411460416562 ], [ -6.028972241766224, 37.422858391452209 ], [ -6.02995870476121, 37.423788210063087 ], [ -6.03013889714062, 37.424053870361895 ], [ -6.032328037495359, 37.427070211306756 ], [ -6.033028804031342, 37.428196552069103 ], [ -6.033250146253141, 37.428362041618811 ], [ -6.033511182434149, 37.428391376042988 ], [ -6.034555364715882, 37.428229408315367 ], [ -6.034997021892919, 37.428254121719668 ], [ -6.035548257032641, 37.428194915793355 ], [ -6.036008782362937, 37.428408298484896 ], [ -6.036563639583092, 37.428997731233764 ], [ -6.037490601498885, 37.429568587993252 ], [ -6.037719964605612, 37.429652774922303 ], [ -6.038137589183417, 37.429642034764996 ], [ -6.039216419359555, 37.429776487657541 ], [ -6.03966786546937, 37.429764872576079 ], [ -6.040270802064627, 37.429866517712199 ], [ -6.040890487979425, 37.430102801131426 ], [ -6.041356154206996, 37.430162927473511 ], [ -6.042759764068681, 37.429946572521885 ], [ -6.043200271052887, 37.429944248778092 ], [ -6.043791594423464, 37.430037128564152 ], [ -6.044249966421524, 37.430196485724089 ], [ -6.044569165337661, 37.430329982094086 ], [ -6.044623993551779, 37.430826562049738 ], [ -6.044493717912569, 37.430807699985621 ], [ -6.044183498497032, 37.430789803687134 ], [ -6.044235737127819, 37.431325293620098 ], [ -6.044258147125726, 37.431522608249672 ], [ -6.044321414744935, 37.432076208548104 ], [ -6.044324389725166, 37.43210279820066 ], [ -6.043982964757315, 37.432132094262577 ], [ -6.043959617045628, 37.431934492895849 ], [ -6.043892400337137, 37.431940378320817 ], [ -6.043829663983087, 37.431945964416919 ], [ -6.043769753886409, 37.431951197412133 ], [ -6.043706740023604, 37.431956767168423 ], [ -6.043704389196152, 37.43195703049151 ], [ -6.043643473464853, 37.431962402872628 ], [ -6.043606488918653, 37.431965679849057 ], [ -6.04357846974942, 37.431968082412382 ], [ -6.043518959258974, 37.431973418513266 ], [ -6.043455139040393, 37.431979026937654 ], [ -6.043434986464948, 37.43198082126635 ], [ -6.043393616816648, 37.431984490507794 ], [ -6.043331502983428, 37.431989965687634 ], [ -6.043266640629781, 37.431995677454928 ], [ -6.043139343083125, 37.432007021218801 ], [ -6.043081058936521, 37.43155293619651 ], [ -6.043063382043006, 37.431415805201816 ], [ -6.043109340306771, 37.431319846597852 ], [ -6.04304201378828, 37.43116353228281 ], [ -6.042949579435643, 37.431174711825712 ], [ -6.042673134620857, 37.431204087619108 ], [ -6.042521064563298, 37.43122182569973 ], [ -6.041424887056824, 37.431302736465796 ], [ -6.038727909367132, 37.43150616620045 ], [ -6.038759315783413, 37.431664186810856 ], [ -6.038795594295391, 37.431846049795588 ], [ -6.038812158905526, 37.431929436816105 ], [ -6.03886520598697, 37.432306746999338 ], [ -6.038914031313034, 37.432564828890868 ], [ -6.038926376156659, 37.432629817940736 ], [ -6.038937637973559, 37.432704593156785 ], [ -6.038971498670591, 37.432929015069348 ], [ -6.038964723379896, 37.433072164260331 ], [ -6.03895938917178, 37.433184051612912 ], [ -6.038981164021058, 37.433458719426554 ], [ -6.038963688446741, 37.433739469252941 ], [ -6.038963739129517, 37.433807063306119 ], [ -6.038977725167683, 37.43380672141636 ], [ -6.038999212192035, 37.433958757429401 ], [ -6.038897190544403, 37.434681491952297 ], [ -6.03965571147526, 37.434476801553082 ], [ -6.039661596434609, 37.434495342212536 ], [ -6.040204296987334, 37.434350546962847 ], [ -6.040325676323513, 37.434319761879138 ], [ -6.040689257834106, 37.434227603128342 ], [ -6.040822822921712, 37.434193715049702 ], [ -6.041534593208971, 37.43401317417586 ], [ -6.041847946578671, 37.433934947157844 ], [ -6.0424892251391, 37.433774866977679 ], [ -6.043080432808494, 37.433633418673395 ], [ -6.043703342458821, 37.433518167216761 ], [ -6.043767139999142, 37.433506224893598 ], [ -6.043937982777766, 37.433474697365988 ], [ -6.04394391008238, 37.433473602996848 ], [ -6.043989170244203, 37.433584375539191 ], [ -6.044141283768965, 37.434221495487471 ], [ -6.04417409660689, 37.434359119976648 ], [ -6.044206875442073, 37.434496487630689 ], [ -6.044258006467772, 37.434715592341071 ], [ -6.044352638524527, 37.435120651702007 ], [ -6.044355515212191, 37.435132827206068 ], [ -6.044364910696392, 37.435173405793329 ], [ -6.044484303450355, 37.435689797334106 ], [ -6.044488057766937, 37.435706031926443 ], [ -6.044485828268237, 37.435706364222455 ], [ -6.042734731518108, 37.43596196223622 ], [ -6.042541335032624, 37.435496112757718 ], [ -6.042511305317251, 37.435503197346954 ], [ -6.042458198298355, 37.435519787791861 ], [ -6.04240284757177, 37.435537085669573 ], [ -6.042179016431257, 37.435598614843514 ], [ -6.041801087332176, 37.435691516358347 ], [ -6.041604437935972, 37.435738576377389 ], [ -6.040918608246829, 37.435915408929517 ], [ -6.040350922111624, 37.436056039333565 ], [ -6.040299715986293, 37.436063114427149 ], [ -6.040325664603248, 37.436129005484126 ], [ -6.040336129825032, 37.436155420426871 ], [ -6.040430099094406, 37.436369657671428 ], [ -6.040269751013228, 37.436350219204961 ], [ -6.040002473971166, 37.436354479769882 ], [ -6.039845337673514, 37.43638286107582 ], [ -6.039655038443458, 37.436419942072611 ], [ -6.039382166442654, 37.436500996057447 ], [ -6.039363530471788, 37.436506512532148 ], [ -6.039091664543722, 37.436582008458778 ], [ -6.038673532129594, 37.436712299914632 ], [ -6.038512046807261, 37.436798019311368 ], [ -6.038324244083022, 37.436924821981762 ], [ -6.038257785459861, 37.43697190658758 ], [ -6.038286262956722, 37.437003120385512 ], [ -6.038386963633829, 37.437083546152444 ], [ -6.038414845770398, 37.437105769311387 ], [ -6.038531727176059, 37.437174137148702 ], [ -6.038702241994802, 37.437226439580563 ], [ -6.038834467792472, 37.437247450813139 ], [ -6.039144963042527, 37.437248599634124 ], [ -6.039318480470878, 37.437284618634578 ], [ -6.039348914079357, 37.437290976113637 ], [ -6.039415034127192, 37.437313449298266 ], [ -6.03950485595735, 37.437343912840781 ], [ -6.039718423174894, 37.437495191659117 ], [ -6.039882600537608, 37.437625287506528 ], [ -6.03945300891821, 37.43776584591479 ], [ -6.039433574836337, 37.437771752375099 ], [ -6.039418280930781, 37.437776371905372 ], [ -6.039317509664797, 37.437806977158672 ], [ -6.039269428029245, 37.4378231584408 ], [ -6.039153302858717, 37.437959416722094 ], [ -6.038976620127745, 37.43804253193624 ], [ -6.038762752307769, 37.438129671825862 ], [ -6.038809321793519, 37.438225996008136 ], [ -6.038865798868656, 37.438342496352533 ], [ -6.038963235508955, 37.438538819280502 ], [ -6.039038251199032, 37.438690253417356 ], [ -6.039123218525442, 37.438855824636626 ], [ -6.039170504639372, 37.438948053891188 ], [ -6.039044421864634, 37.439009148388863 ], [ -6.038513584104088, 37.439191760346382 ], [ -6.038217060405431, 37.439303406191058 ], [ -6.038437843238022, 37.439644460305765 ], [ -6.038495742712973, 37.439742341096633 ], [ -6.038501397765072, 37.439776276622304 ], [ -6.038221769904058, 37.439915393055649 ], [ -6.038050070488578, 37.440013750536657 ], [ -6.037788416440032, 37.440163567469178 ], [ -6.037771204503188, 37.4402930323551 ], [ -6.03776393113974, 37.440313519954024 ], [ -6.038027598471851, 37.44089838035476 ], [ -6.037689109937965, 37.441044374715965 ], [ -6.037909377926545, 37.441741195263056 ], [ -6.037548208096403, 37.441982862512617 ], [ -6.037612546979816, 37.44209268356051 ], [ -6.036967746382557, 37.442070271539265 ], [ -6.036703313889975, 37.441959950021072 ], [ -6.03645899644263, 37.441786020535282 ], [ -6.03624597779915, 37.441548210051224 ], [ -6.035377984055475, 37.43880435103987 ], [ -6.03502518318311, 37.43790340559125 ], [ -6.034508252823657, 37.435736198349353 ], [ -6.034311336864046, 37.435056448506089 ], [ -6.032729512095939, 37.43225885639994 ], [ -6.03186746666021, 37.430776230373496 ], [ -6.030855485135141, 37.42865778486135 ], [ -6.029593804252346, 37.426788961241975 ], [ -6.028483620240024, 37.425312705512169 ], [ -6.027971053631861, 37.424929418084112 ], [ -6.027051256131794, 37.425935099427065 ], [ -6.025995323658401, 37.426646942715642 ], [ -6.024127725095185, 37.427685867893722 ], [ -6.023347383076873, 37.427949142257432 ], [ -6.023224281954715, 37.426573678512703 ], [ -6.023251437475444, 37.425563874204762 ], [ -6.023130342701019, 37.425080383944731 ], [ -6.022891635000162, 37.424482837940204 ], [ -6.02275829918748, 37.423414008217208 ], [ -6.022360313711776, 37.42222579144871 ], [ -6.021999610442646, 37.421685429617639 ], [ -6.021564317319972, 37.421255034824263 ], [ -6.021009614534904, 37.420944866790919 ], [ -6.020492412143002, 37.420444502398261 ], [ -6.020096054241577, 37.420139255644855 ], [ -6.019543872983516, 37.419892088456621 ], [ -6.017994946339707, 37.419580227493896 ], [ -6.017223516888965, 37.41950085640277 ], [ -6.016389868633254, 37.419558141977461 ], [ -6.015248099460327, 37.419821567708702 ], [ -6.013819776188995, 37.420263461029137 ], [ -6.01327973666417, 37.420601606337847 ], [ -6.012618410136325, 37.421294259798479 ], [ -6.012368823746641, 37.42183222380288 ], [ -6.012198959331763, 37.422386216581543 ], [ -6.012024540576775, 37.423390810732045 ], [ -6.012015268123696, 37.424850690719161 ], [ -6.013009523973746, 37.431898434926275 ], [ -6.013141752453246, 37.432940287118541 ], [ -6.013304240634523, 37.433611912543064 ], [ -6.01369128568495, 37.434809409787448 ], [ -6.014078495253748, 37.438547864321862 ], [ -6.014065757976766, 37.439638433187277 ], [ -6.013724835909808, 37.440998659345844 ], [ -6.013417301816862, 37.441502045159815 ], [ -6.012953563684509, 37.442054528598149 ], [ -6.012364853333286, 37.442592117967799 ], [ -6.011555558846754, 37.442982184577197 ], [ -6.011331958459742, 37.443041950673951 ], [ -6.010820348816205, 37.442964865307154 ], [ -6.01033465752077, 37.442688931372018 ], [ -6.010005578611413, 37.4423729497789 ], [ -6.009809795196751, 37.441999500602194 ], [ -6.009324742963409, 37.439200650560657 ], [ -6.009090656635149, 37.437305420773598 ], [ -6.00892332733716, 37.436796097938775 ], [ -6.007852259321362, 37.434597789461883 ], [ -6.007444710708038, 37.434013514680785 ], [ -6.006190939356834, 37.432612776599264 ], [ -6.00527377959744, 37.431717028888642 ], [ -6.004468322526117, 37.431070767590029 ], [ -6.003539056718786, 37.430436648972439 ], [ -6.000826507104299, 37.429000826401271 ], [ -5.997417516804592, 37.427663735753718 ], [ -5.992344646176421, 37.42539558366957 ], [ -5.991231727625759, 37.424684896231994 ], [ -5.990880219216496, 37.424369421186057 ], [ -5.9912808054935, 37.424215140921241 ], [ -5.99209822675332, 37.423902421768304 ], [ -5.994686062439057, 37.422912479937857 ], [ -5.995246611123405, 37.422519835702637 ], [ -5.995763250865711, 37.421875984100453 ], [ -5.995902251150359, 37.421394928664576 ] ] ], [ [ [ -5.97032876742159, 37.32632510408154 ], [ -5.970373108958359, 37.326238163032677 ], [ -5.970172313497446, 37.32538493698673 ], [ -5.970085348629898, 37.324996132199168 ], [ -5.968997432031858, 37.324661077721885 ], [ -5.968611794785923, 37.324319490488321 ], [ -5.968643838208432, 37.324320539349188 ], [ -5.968535071810631, 37.323908783437368 ], [ -5.968490243257849, 37.323481912191724 ], [ -5.968492711971093, 37.323029074748653 ], [ -5.968561015193955, 37.322126305040776 ], [ -5.968611529674622, 37.321419942310783 ], [ -5.970212138717775, 37.321001304688558 ], [ -5.97051299758262, 37.321680816453451 ], [ -5.971278193034595, 37.321472349136556 ], [ -5.972066509280758, 37.323646617085309 ], [ -5.972014479992867, 37.328930342473029 ], [ -5.970341520169099, 37.328588728124913 ], [ -5.970761200244496, 37.327601644335395 ], [ -5.970180679910102, 37.327415968491067 ], [ -5.97032876742159, 37.32632510408154 ] ] ], [ [ [ -5.936307995551487, 37.34564415923473 ], [ -5.936346119925735, 37.345363065149421 ], [ -5.93620119181625, 37.345331566733535 ], [ -5.936330567095188, 37.344290150991952 ], [ -5.936450121511993, 37.343327865466698 ], [ -5.936582299634192, 37.342407233733198 ], [ -5.937143771842696, 37.342612040141539 ], [ -5.937236115099155, 37.342639512540266 ], [ -5.937376089978825, 37.342681156431695 ], [ -5.937522176711068, 37.342736560866449 ], [ -5.937565719793215, 37.342759077899451 ], [ -5.937614655772663, 37.342795878093 ], [ -5.937628977535088, 37.342813534654567 ], [ -5.937646264420115, 37.342849088567348 ], [ -5.937649254104352, 37.342899023941023 ], [ -5.937646106889351, 37.342942803405876 ], [ -5.937640100885256, 37.34298808662902 ], [ -5.937556803655808, 37.343627050240315 ], [ -5.937550186915353, 37.343672591925369 ], [ -5.937536668222836, 37.343765768371142 ], [ -5.937529323459949, 37.343809832362759 ], [ -5.937516151425745, 37.343888163987934 ], [ -5.937472662385332, 37.344211188102427 ], [ -5.937424281564518, 37.344569411714197 ], [ -5.937386751198964, 37.344847829559242 ], [ -5.937376098388569, 37.344926229214913 ], [ -5.937321667359268, 37.345325587619904 ], [ -5.937281797500513, 37.345618701520245 ], [ -5.937275366645031, 37.345674257618306 ], [ -5.937267469768533, 37.345740961302617 ], [ -5.937249116830802, 37.345832320525261 ], [ -5.937213111048998, 37.34592741995526 ], [ -5.937176320721838, 37.345973824053402 ], [ -5.937126809556993, 37.346029639694081 ], [ -5.937080803183884, 37.346069109227912 ], [ -5.93700242584235, 37.346116617837325 ], [ -5.936914768515058, 37.34615204829489 ], [ -5.936792178814309, 37.346177903175537 ], [ -5.936686700604089, 37.346176980848327 ], [ -5.936585216550083, 37.346172581063101 ], [ -5.936488465816841, 37.346146081869428 ], [ -5.936408708581897, 37.346106046178058 ], [ -5.936170464879913, 37.345953312332277 ], [ -5.93621431674901, 37.345917772191093 ], [ -5.936276356491302, 37.345887037087024 ], [ -5.936292291952822, 37.345769238329495 ], [ -5.936307995551487, 37.34564415923473 ] ] ], [ [ [ -5.979896258748639, 37.376848297989653 ], [ -5.979975841315757, 37.376705725251171 ], [ -5.980079628733254, 37.376459932633431 ], [ -5.980162182111774, 37.376281429778494 ], [ -5.980234682119344, 37.376150861947679 ], [ -5.981093757005737, 37.376420047174705 ], [ -5.981372473745214, 37.376517914039802 ], [ -5.981404204423264, 37.376564794926225 ], [ -5.981421803083908, 37.376707394477684 ], [ -5.981864473490921, 37.376882006997818 ], [ -5.981628270747473, 37.377313359729357 ], [ -5.981534549305689, 37.377291029231628 ], [ -5.981013619822676, 37.378620176374774 ], [ -5.981258905577377, 37.379210471835826 ], [ -5.979855958856867, 37.378856973758054 ], [ -5.979162965854496, 37.378633461974701 ], [ -5.978807560055608, 37.378536485341847 ], [ -5.979361917806062, 37.376700268570325 ], [ -5.979896258748639, 37.376848297989653 ] ] ], [ [ [ -5.90365622927319, 37.381742169872972 ], [ -5.90351270337908, 37.381691584309998 ], [ -5.900812101400188, 37.380739714845276 ], [ -5.899029588203538, 37.380109229401334 ], [ -5.899051030203508, 37.380100123262061 ], [ -5.898868700158987, 37.379984822304564 ], [ -5.899301251790803, 37.3798298434305 ], [ -5.899814264443306, 37.379652751140142 ], [ -5.900132760094514, 37.379544802199639 ], [ -5.9005100326393, 37.379411568009907 ], [ -5.900566099864273, 37.379393502857113 ], [ -5.900768280556119, 37.379290791611758 ], [ -5.901014406619839, 37.379165543752158 ], [ -5.901172642463341, 37.379085367192012 ], [ -5.901351311911191, 37.378992768336204 ], [ -5.901483236308293, 37.378927542033033 ], [ -5.901599686125068, 37.378848390948477 ], [ -5.902015659795751, 37.37855685082021 ], [ -5.902539031588016, 37.378183996265598 ], [ -5.903001557524241, 37.377860315771677 ], [ -5.903219526184023, 37.377702377425919 ], [ -5.903414535391144, 37.377568844461109 ], [ -5.903975503327867, 37.377319033042966 ], [ -5.904095270010952, 37.377269758012204 ], [ -5.90426693285645, 37.377197072384419 ], [ -5.90429268358928, 37.377191837675959 ], [ -5.904371062021305, 37.377145252009072 ], [ -5.904667729212322, 37.377013985963849 ], [ -5.905954049457117, 37.376903684702249 ], [ -5.906281068893549, 37.376862264421568 ], [ -5.906675957809265, 37.376876392244554 ], [ -5.906804940008598, 37.376889908307476 ], [ -5.907190466227608, 37.376971020170785 ], [ -5.907531040560604, 37.377048468326358 ], [ -5.907751402048132, 37.377107417207178 ], [ -5.907794659472678, 37.377144498070308 ], [ -5.907841269897422, 37.377191033411947 ], [ -5.90791510949273, 37.377246434764892 ], [ -5.908035874377003, 37.377279224793874 ], [ -5.908174640213024, 37.377313955027091 ], [ -5.908340635399211, 37.377357551922195 ], [ -5.908500753206274, 37.377403677495863 ], [ -5.908677859434297, 37.377425543064788 ], [ -5.908888072619657, 37.377453746126015 ], [ -5.90897577472745, 37.377443435074539 ], [ -5.909011264162579, 37.37742015700686 ], [ -5.909035610514167, 37.377329001163261 ], [ -5.909248537836311, 37.376778275623067 ], [ -5.909537424945912, 37.376214235749806 ], [ -5.909747365436965, 37.375957305309846 ], [ -5.909792465786059, 37.375887531747203 ], [ -5.910673814452595, 37.375707207340412 ], [ -5.911684245271283, 37.37548999286917 ], [ -5.911925571692559, 37.375426827864011 ], [ -5.912503287173151, 37.37528670972052 ], [ -5.913440820523244, 37.375057611339287 ], [ -5.913871530343587, 37.37494781253713 ], [ -5.914094195126189, 37.374896546995721 ], [ -5.914589942371498, 37.374798496574499 ], [ -5.914744296371836, 37.381754059751103 ], [ -5.914684330390275, 37.381754011637767 ], [ -5.914730447508211, 37.383869955691829 ], [ -5.91433334456639, 37.38385409808371 ], [ -5.914295503809847, 37.384519623281562 ], [ -5.914220253694567, 37.385418167403984 ], [ -5.913985945252458, 37.385340047051841 ], [ -5.912374119226787, 37.384769246967473 ], [ -5.910557259847253, 37.384187789158723 ], [ -5.906026101042071, 37.38257822711919 ], [ -5.90365622927319, 37.381742169872972 ] ] ], [ [ [ -5.95743560715779, 37.386373922411501 ], [ -5.95740232005325, 37.386735152310891 ], [ -5.955079215187525, 37.386581535556118 ], [ -5.955187641270022, 37.385788144937074 ], [ -5.956034207865661, 37.385239872868134 ], [ -5.956186817245071, 37.385141428292876 ], [ -5.957200800515255, 37.38615904015974 ], [ -5.95743560715779, 37.386373922411501 ] ] ], [ [ [ -5.967777526089819, 37.387536106088476 ], [ -5.969088742007112, 37.387476174069704 ], [ -5.971410757440574, 37.387359233869788 ], [ -5.971474566521781, 37.388073969616286 ], [ -5.971434312354167, 37.388077216646089 ], [ -5.968668725779165, 37.388230047101175 ], [ -5.968333250774841, 37.387986179923679 ], [ -5.967809864074567, 37.387695265947755 ], [ -5.967797647667276, 37.389103439716401 ], [ -5.966783867966596, 37.389910544736232 ], [ -5.966237684266683, 37.389122322592989 ], [ -5.965163957707904, 37.387651287913982 ], [ -5.965098437530892, 37.387538021298312 ], [ -5.965838785705475, 37.387546440475106 ], [ -5.966469802679962, 37.387517116192136 ], [ -5.966681277362007, 37.387509560020064 ], [ -5.967777526089819, 37.387536106088476 ] ] ], [ [ [ -5.967153428890792, 37.403119594468748 ], [ -5.967235362712976, 37.403491475471689 ], [ -5.967206182559737, 37.403584551957891 ], [ -5.966139029265809, 37.404305168579874 ], [ -5.966082331690466, 37.404367416577919 ], [ -5.966063736728191, 37.404433209575757 ], [ -5.966066339631157, 37.404552518747252 ], [ -5.966234513327711, 37.404838862501684 ], [ -5.964527073907573, 37.405248779393027 ], [ -5.964526439461288, 37.405248931375077 ], [ -5.964229804257918, 37.404274241268631 ], [ -5.964215151418371, 37.404067360028655 ], [ -5.96425783195943, 37.403820767505486 ], [ -5.964393689985699, 37.403510977246455 ], [ -5.964512189245442, 37.403262465811515 ], [ -5.964725750203117, 37.402984569144266 ], [ -5.964733124115503, 37.402984384084704 ], [ -5.965062223583707, 37.403027923749441 ], [ -5.966561274246252, 37.40315474280083 ], [ -5.967153428890792, 37.403119594468748 ] ] ] ] } },
{ "type": "Feature", "properties": { "viviendas": 7344, "n_flats": 182, "n_rooms": 38, "n_all": 220, "ratio_flats": 2.4782135076252723, "ratio_rooms": 0.51742919389978215, "ratio": 2.9956427015250542, "mean_price": 416.54901960784315, "mean_revenue": 849.56454248366003, "profit": 233.32268153315943, "net_profit": 1.0, "ingresos_medios": 9495.5766343353407 }, "geometry": { "type": "MultiPolygon", "coordinates": [ [ [ [ -5.988532129688349, 37.317150477007303 ], [ -5.987744829863637, 37.316927076711607 ], [ -5.985554360366575, 37.316594943133282 ], [ -5.984119298306729, 37.316252720281739 ], [ -5.98281322012267, 37.316033368908485 ], [ -5.979883694018367, 37.315269244257578 ], [ -5.979084106183794, 37.315019077305955 ], [ -5.977951399735844, 37.314903467169835 ], [ -5.97597611884853, 37.314592748423934 ], [ -5.973458816507684, 37.313980241739536 ], [ -5.973185135681259, 37.313906036981585 ], [ -5.971939953283557, 37.313617309733331 ], [ -5.972337528096077, 37.313512874174435 ], [ -5.972688402046511, 37.313399384337195 ], [ -5.972902455993669, 37.313286053033266 ], [ -5.973134116487726, 37.313135295055012 ], [ -5.973388558506193, 37.312936424116153 ], [ -5.973609764911538, 37.312726804375679 ], [ -5.973880331882242, 37.312438768685382 ], [ -5.974159991265762, 37.312183423403191 ], [ -5.974386210563795, 37.312015526398703 ], [ -5.974662468692554, 37.311834526378554 ], [ -5.975675444533128, 37.311215243574701 ], [ -5.975865436845201, 37.31109302435403 ], [ -5.975981835381959, 37.311018123439162 ], [ -5.97629535022867, 37.310778014244477 ], [ -5.976554038813295, 37.310544339506528 ], [ -5.976802432023826, 37.310289225653904 ], [ -5.976956141096204, 37.310121819468591 ], [ -5.977087038778761, 37.309969400088349 ], [ -5.977177741223559, 37.309854570742573 ], [ -5.977259891457631, 37.309740857751244 ], [ -5.977278094816032, 37.309712718495447 ], [ -5.977338871491778, 37.309618254379728 ], [ -5.977398343606076, 37.30951057644991 ], [ -5.977472014707969, 37.309352938806292 ], [ -5.977511398870403, 37.309232773247672 ], [ -5.977545049746312, 37.309099538761124 ], [ -5.977578495476127, 37.308875739240186 ], [ -5.977582947142704, 37.308633554563372 ], [ -5.977573301414907, 37.308389026188721 ], [ -5.977564112844671, 37.308156077663114 ], [ -5.977563372866721, 37.308020203151933 ], [ -5.977591946739438, 37.307804019596183 ], [ -5.977587022411442, 37.307781116747968 ], [ -5.977757230202972, 37.307116781709325 ], [ -5.977961280418842, 37.306410794505844 ], [ -5.986065855738086, 37.291918301582079 ], [ -5.986571111673591, 37.291042875531083 ], [ -5.987107689945257, 37.289772819095965 ], [ -5.987316975047883, 37.2891299242578 ], [ -5.987687906529196, 37.287826591181485 ], [ -5.988268141333106, 37.285880356431029 ], [ -5.989870409999167, 37.280701461863025 ], [ -5.991186932346503, 37.276608051686466 ], [ -5.992122091712694, 37.273555765128819 ], [ -5.992844957972747, 37.27166208116833 ], [ -5.994531728392379, 37.268037536800577 ], [ -5.995349669739825, 37.266769692397077 ], [ -5.99645564535494, 37.2650726585168 ], [ -5.997927201814889, 37.26309386783683 ], [ -5.998016902415528, 37.263144518791783 ], [ -5.998086265560594, 37.263187791766391 ], [ -6.003389686531078, 37.269378730947658 ], [ -6.003745383587662, 37.269108398331298 ], [ -6.004590969672524, 37.269591560561828 ], [ -6.006116210643275, 37.269985297005093 ], [ -6.007969844950939, 37.270127406465932 ], [ -6.008709011741854, 37.270144631800619 ], [ -6.008799856013412, 37.270160333258019 ], [ -6.009165725815398, 37.270205095957301 ], [ -6.009654276258103, 37.270381932088334 ], [ -6.010440328240738, 37.270668265613857 ], [ -6.010618423788967, 37.270726843293829 ], [ -6.011048955061471, 37.270553643061383 ], [ -6.011232886317292, 37.27098631150448 ], [ -6.011520365087852, 37.271662517386076 ], [ -6.011791727173281, 37.272300859996072 ], [ -6.011933577650015, 37.272549508694873 ], [ -6.012197769618179, 37.273011318256522 ], [ -6.012313011957064, 37.27321565832009 ], [ -6.012662418116346, 37.273720362318308 ], [ -6.014666645712537, 37.276111162062378 ], [ -6.015017847303636, 37.27643561206034 ], [ -6.018751627167541, 37.279459130610412 ], [ -6.018914721305768, 37.279652091635661 ], [ -6.020236905804166, 37.280852790820923 ], [ -6.021761169260862, 37.282030278095704 ], [ -6.023744390145949, 37.283403217519833 ], [ -6.026522493135045, 37.285756021557965 ], [ -6.029330078138367, 37.288058227309698 ], [ -6.030603683508476, 37.289102508876859 ], [ -6.036580641820606, 37.293868960099473 ], [ -6.037151564661852, 37.294238721923158 ], [ -6.037230669299397, 37.294282877522448 ], [ -6.038653672281186, 37.295077151792448 ], [ -6.040130865436153, 37.295967246411749 ], [ -6.040658514526038, 37.296467276962261 ], [ -6.040677147222086, 37.296484809073981 ], [ -6.041285347902635, 37.297057056554301 ], [ -6.041422915394937, 37.2971864764909 ], [ -6.040706953614558, 37.297727464508739 ], [ -6.040456764104095, 37.297842035693556 ], [ -6.040275063776058, 37.29788322572746 ], [ -6.040262901250049, 37.297648794864216 ], [ -6.039397980640212, 37.298062310071572 ], [ -6.037773106259426, 37.298839126909883 ], [ -6.036031583630129, 37.29956858121534 ], [ -6.035000820033618, 37.299739268039481 ], [ -6.032695998436508, 37.300203850515238 ], [ -6.031753511453252, 37.300327075877469 ], [ -6.030094876895566, 37.300874173536393 ], [ -6.028485139589128, 37.301798434797853 ], [ -6.026872850676935, 37.302939000799398 ], [ -6.025699525881941, 37.304059291038904 ], [ -6.024616347030426, 37.305177264127167 ], [ -6.023590829329877, 37.306609119883134 ], [ -6.022772547709466, 37.307864444264915 ], [ -6.022237583741959, 37.308589997426679 ], [ -6.021816070704849, 37.309051288001484 ], [ -6.020975442198953, 37.309748514058185 ], [ -6.018587321149953, 37.312089158572739 ], [ -6.01792146499443, 37.312646767498443 ], [ -6.017382904896753, 37.313002893334428 ], [ -6.016422993440835, 37.313541031465149 ], [ -6.014565983749368, 37.314498411973986 ], [ -6.01400486532462, 37.314855098028261 ], [ -6.012693012174251, 37.315339047101865 ], [ -6.008882139537541, 37.317093999206087 ], [ -6.007816023068608, 37.317517575270593 ], [ -6.006156792383027, 37.318064355960097 ], [ -6.004990975892261, 37.318535521355855 ], [ -6.004132652894711, 37.319079909336722 ], [ -6.00368523788309, 37.319460730740431 ], [ -6.003415321238638, 37.319764892294799 ], [ -6.003087010980319, 37.32030487528904 ], [ -6.001740964279559, 37.319933550548335 ], [ -6.00039526768357, 37.319571266002761 ], [ -5.999483218336803, 37.319333098022682 ], [ -5.997814602945509, 37.31907808861947 ], [ -5.996620157639923, 37.318829008460639 ], [ -5.993924660301259, 37.318284569988968 ], [ -5.993256020454487, 37.318086067506655 ], [ -5.992805868916197, 37.317952454203784 ], [ -5.991194026166108, 37.317704878539288 ], [ -5.988532129688349, 37.317150477007303 ] ] ], [ [ [ -6.003933467379404, 37.37398563151725 ], [ -6.003662176449821, 37.373591552888385 ], [ -6.003594051512105, 37.373462633040248 ], [ -6.003506152093043, 37.373036858661699 ], [ -6.003510270902471, 37.3728971017498 ], [ -6.003583444440209, 37.37232534714768 ], [ -6.003737906631578, 37.37181008139558 ], [ -6.00382428940189, 37.371375358897595 ], [ -6.004513390468781, 37.371447954343793 ], [ -6.006593157070275, 37.37176448578586 ], [ -6.007285415937401, 37.371911334371426 ], [ -6.007583244138637, 37.372027654090793 ], [ -6.007805836717224, 37.372195413830617 ], [ -6.008545308792725, 37.37313622018722 ], [ -6.009036541532132, 37.37384455699403 ], [ -6.009434634316418, 37.37396954206082 ], [ -6.008983828188725, 37.374300203827204 ], [ -6.006404658145116, 37.375585205615259 ], [ -6.005561142980862, 37.376021117323589 ], [ -6.003678044381425, 37.376988092438467 ], [ -6.003187736511276, 37.376376570478115 ], [ -6.004380454311416, 37.375765089746196 ], [ -6.003583071045904, 37.374767155923038 ], [ -6.003239359170014, 37.374341127579335 ], [ -6.003933467379404, 37.37398563151725 ] ] ], [ [ [ -5.981627743262205, 37.377314323660102 ], [ -5.982114404301057, 37.377441699744146 ], [ -5.981677580159866, 37.378488916622828 ], [ -5.982271995197292, 37.37864512791166 ], [ -5.982338298495816, 37.378515055852986 ], [ -5.982376610019534, 37.378493847413715 ], [ -5.983457901024656, 37.378766112623325 ], [ -5.983193161074674, 37.379320179075911 ], [ -5.983046293827123, 37.379684334983892 ], [ -5.981830766089733, 37.379354556561601 ], [ -5.981258905577377, 37.379210471835826 ], [ -5.981013619822676, 37.378620176374774 ], [ -5.981534549305689, 37.377291029231628 ], [ -5.981628270747473, 37.377313359729357 ], [ -5.981627743262205, 37.377314323660102 ] ] ], [ [ [ -6.000887577318871, 37.378417262727979 ], [ -6.001412304485577, 37.37905943797896 ], [ -6.001625335789233, 37.37886705787966 ], [ -6.002172978744215, 37.379420814131841 ], [ -6.003037063282592, 37.380225590114073 ], [ -6.002843199757303, 37.380345384826541 ], [ -6.002239738779775, 37.38064452850211 ], [ -6.000727939602403, 37.381383479441183 ], [ -5.999837844574516, 37.38050955540136 ], [ -5.999654628287037, 37.38030470471039 ], [ -5.998944854066848, 37.37942975006424 ], [ -5.9989438209519, 37.379428476059253 ], [ -5.999912597842826, 37.378937612246766 ], [ -6.000887577318871, 37.378417262727979 ] ] ], [ [ [ -5.981571430207971, 37.384330359039488 ], [ -5.982083291369643, 37.384385055864875 ], [ -5.983409733956789, 37.384628643413549 ], [ -5.983977411846294, 37.384747230499478 ], [ -5.984022210234781, 37.384766144081411 ], [ -5.98610195354765, 37.385644183431204 ], [ -5.985770387619392, 37.386256223522167 ], [ -5.985277467978584, 37.386079455534471 ], [ -5.985264938210818, 37.386102338270724 ], [ -5.984482657072096, 37.385817965527401 ], [ -5.984458930605014, 37.385899649472762 ], [ -5.984105883899722, 37.386546033706487 ], [ -5.98410846926288, 37.386629341718702 ], [ -5.983307204275089, 37.38633870525608 ], [ -5.982885479840786, 37.387245865120605 ], [ -5.982329676080704, 37.388109174506752 ], [ -5.981960286760994, 37.387929271810989 ], [ -5.981757895672665, 37.387853238386214 ], [ -5.981466319896644, 37.387802080838647 ], [ -5.981104864189728, 37.387777373043718 ], [ -5.981106040388449, 37.387669222370633 ], [ -5.981208221698733, 37.386925541357144 ], [ -5.98120932531683, 37.386917657159906 ], [ -5.981571430207971, 37.384330359039488 ] ] ], [ [ [ -5.987977802980401, 37.394845943101323 ], [ -5.987986880200491, 37.394829954007712 ], [ -5.988493472174068, 37.394873482570517 ], [ -5.988911828151481, 37.394619594355262 ], [ -5.989164444414795, 37.394662772011799 ], [ -5.989455557507564, 37.394741011918789 ], [ -5.990095540406199, 37.39485995568846 ], [ -5.990406343032226, 37.394937676853786 ], [ -5.990261427445625, 37.395545081739833 ], [ -5.990222983562909, 37.395802832899761 ], [ -5.990272847045937, 37.395902934408859 ], [ -5.990287806795159, 37.396244978496512 ], [ -5.989799673005138, 37.396216750216304 ], [ -5.989638639029068, 37.396241120008554 ], [ -5.98974964367231, 37.396618988043727 ], [ -5.989730131426136, 37.396678049711106 ], [ -5.989704136927212, 37.396694484176678 ], [ -5.989324260446172, 37.396726610871134 ], [ -5.989350697239636, 37.397018811920226 ], [ -5.989324631400014, 37.397260454949944 ], [ -5.989392698329939, 37.397263251388004 ], [ -5.989403469363969, 37.397467997458982 ], [ -5.988361335886608, 37.397474035611083 ], [ -5.988305497436507, 37.397112823487468 ], [ -5.988265245364874, 37.396415511563987 ], [ -5.988212493218864, 37.39641909854037 ], [ -5.988206694029537, 37.396349414103987 ], [ -5.987822029718489, 37.396350097468755 ], [ -5.987845843771543, 37.396189578941197 ], [ -5.987971265032386, 37.395521903264296 ], [ -5.98793328029222, 37.394995744716184 ], [ -5.987977802980401, 37.394845943101323 ] ] ], [ [ [ -5.96687175550087, 37.324833545881731 ], [ -5.967767876427223, 37.324856126602711 ], [ -5.967786625884987, 37.324292469553519 ], [ -5.968611794785923, 37.324319490488321 ], [ -5.968997432031858, 37.324661077721885 ], [ -5.970085348629898, 37.324996132199168 ], [ -5.970172313497446, 37.32538493698673 ], [ -5.970373108958359, 37.326238163032677 ], [ -5.97032876742159, 37.32632510408154 ], [ -5.970180679910102, 37.327415968491067 ], [ -5.970761200244496, 37.327601644335395 ], [ -5.970341520169099, 37.328588728124913 ], [ -5.970226757933533, 37.328565293196277 ], [ -5.969426337066118, 37.328425439932325 ], [ -5.969217141086347, 37.329090760704013 ], [ -5.969053771091673, 37.329446237115569 ], [ -5.968847625435918, 37.329613178140491 ], [ -5.96843672689544, 37.329223995622947 ], [ -5.969027226755866, 37.327540306176253 ], [ -5.96918996538787, 37.326820993494763 ], [ -5.96912595929478, 37.325802211940371 ], [ -5.968942061263983, 37.325377694804644 ], [ -5.966875830179071, 37.325420237229636 ], [ -5.966887915687068, 37.325414303134465 ], [ -5.966859641266056, 37.325412760042468 ], [ -5.96687175550087, 37.324833545881731 ] ] ], [ [ [ -5.914684330390275, 37.381754011637767 ], [ -5.914744296371836, 37.381754059751103 ], [ -5.919177867167348, 37.381757520388852 ], [ -5.919194130938073, 37.382176719365141 ], [ -5.919168700853914, 37.383369397331855 ], [ -5.91917292527611, 37.385902940439379 ], [ -5.916655024035793, 37.385810303300211 ], [ -5.915722375579212, 37.385756730550249 ], [ -5.915270271708294, 37.385695818242091 ], [ -5.914821113502829, 37.385601006955476 ], [ -5.914508080804986, 37.385514131239873 ], [ -5.914220253694567, 37.385418167403984 ], [ -5.914295503809847, 37.384519623281562 ], [ -5.91433334456639, 37.38385409808371 ], [ -5.914730447508211, 37.383869955691829 ], [ -5.914684330390275, 37.381754011637767 ] ] ], [ [ [ -5.957535580592812, 37.385339706431445 ], [ -5.958632108123046, 37.386452120137712 ], [ -5.95743560715779, 37.386373922411501 ], [ -5.957200800515255, 37.38615904015974 ], [ -5.956186817245071, 37.385141428292876 ], [ -5.956899440550544, 37.384700133927865 ], [ -5.957535580592812, 37.385339706431445 ] ] ], [ [ [ -5.967809864074567, 37.387695265947755 ], [ -5.968333250774841, 37.387986179923679 ], [ -5.968668725779165, 37.388230047101175 ], [ -5.971434312354167, 37.388077216646089 ], [ -5.9715462790573, 37.389121853739454 ], [ -5.971445033776584, 37.389313618800045 ], [ -5.971350375832436, 37.389388078148052 ], [ -5.968787306125256, 37.391441545911725 ], [ -5.96878716652211, 37.391441585462204 ], [ -5.966827297206232, 37.389956728488933 ], [ -5.966783867966596, 37.389910544736232 ], [ -5.967797647667276, 37.389103439716401 ], [ -5.967809864074567, 37.387695265947755 ] ] ], [ [ [ -5.966361774517564, 37.40480865489959 ], [ -5.966234513327711, 37.404838862501684 ], [ -5.966066339631157, 37.404552518747252 ], [ -5.966063736728191, 37.404433209575757 ], [ -5.966082331690466, 37.404367416577919 ], [ -5.966139029265809, 37.404305168579874 ], [ -5.967206182559737, 37.403584551957891 ], [ -5.967235362712976, 37.403491475471689 ], [ -5.967153428890792, 37.403119594468748 ], [ -5.969025170210318, 37.402988118482213 ], [ -5.96891151541553, 37.403685606108873 ], [ -5.968736715785281, 37.404405217696834 ], [ -5.968775696859142, 37.404938268453343 ], [ -5.968457955302291, 37.404791311223256 ], [ -5.968062891730623, 37.403997800776907 ], [ -5.967958459818188, 37.403788704777526 ], [ -5.966504685079426, 37.404703681410879 ], [ -5.966361774517564, 37.40480865489959 ] ] ], [ [ [ -5.981714547171188, 37.408873439276768 ], [ -5.981816573252675, 37.408873117441829 ], [ -5.983171714742951, 37.409003350567509 ], [ -5.983063039708888, 37.409582759558994 ], [ -5.981803722836997, 37.40945460911832 ], [ -5.981704254482457, 37.409508919980695 ], [ -5.981593809272729, 37.40950945424207 ], [ -5.981368683884912, 37.409600737881391 ], [ -5.981058820151101, 37.409687387281394 ], [ -5.981010735598331, 37.40958723709398 ], [ -5.980663267160787, 37.409677123141861 ], [ -5.980322409560149, 37.408843250892907 ], [ -5.980859303291536, 37.408879221439797 ], [ -5.981271006821682, 37.408855328243064 ], [ -5.981648648495917, 37.408881855201258 ], [ -5.981714547171188, 37.408873439276768 ] ] ] ] } },
{ "type": "Feature", "properties": { "viviendas": 8498, "n_flats": 150, "n_rooms": 32, "n_all": 182, "ratio_flats": 1.7651212049894092, "ratio_rooms": 0.37655919039774066, "ratio": 2.1416803953871497, "mean_price": 267.8, "mean_revenue": 1155.8147058823529, "profit": 487.21220607124519, "net_profit": 1.0, "ingresos_medios": 14400.743334531186 }, "geometry": { "type": "MultiPolygon", "coordinates": [ [ [ [ -5.981648164331943, 37.372252185258745 ], [ -5.981626654557832, 37.37179770045784 ], [ -5.981769060625418, 37.371785474942158 ], [ -5.981775217660955, 37.371784946537737 ], [ -5.98549283361046, 37.371986184646644 ], [ -5.985264330525604, 37.374440572615136 ], [ -5.983943174722695, 37.374147288964856 ], [ -5.9839342773472, 37.37421735854744 ], [ -5.983744483047015, 37.374756005052092 ], [ -5.981988952290584, 37.374559285138311 ], [ -5.980831916948165, 37.37442628465935 ], [ -5.981629164877564, 37.372432896980207 ], [ -5.981648164331943, 37.372252185258745 ] ] ], [ [ [ -6.003583071045904, 37.374767155923038 ], [ -6.004380454311416, 37.375765089746196 ], [ -6.003187736511276, 37.376376570478115 ], [ -6.002391884259452, 37.375380855748197 ], [ -6.003583071045904, 37.374767155923038 ] ] ], [ [ [ -5.981154997110831, 37.383099688374514 ], [ -5.981184982782551, 37.383085443811417 ], [ -5.981373840135776, 37.381769619792315 ], [ -5.981846858232228, 37.381786989463166 ], [ -5.982233558236542, 37.381763726506293 ], [ -5.982268251384309, 37.381625464233046 ], [ -5.981322001818997, 37.380727977008227 ], [ -5.980422350490934, 37.379910463129569 ], [ -5.980317882683083, 37.37989732060047 ], [ -5.979801567136192, 37.37989459657107 ], [ -5.979855958856867, 37.378856973758054 ], [ -5.981258905577377, 37.379210471835826 ], [ -5.981830766089733, 37.379354556561601 ], [ -5.983046293827123, 37.379684334983892 ], [ -5.984631847218187, 37.380105493963718 ], [ -5.984602086602212, 37.380215120903387 ], [ -5.984384484019992, 37.380754647262492 ], [ -5.984192266873062, 37.381331676708662 ], [ -5.983968613396009, 37.38171877491552 ], [ -5.983630560781565, 37.381631949841463 ], [ -5.983778656800019, 37.382352964897841 ], [ -5.983941870862226, 37.383455047498956 ], [ -5.9841146082502, 37.384194512281368 ], [ -5.984022210234781, 37.384766144081411 ], [ -5.983977411846294, 37.384747230499478 ], [ -5.983409733956789, 37.384628643413549 ], [ -5.982083291369643, 37.384385055864875 ], [ -5.981571430207971, 37.384330359039488 ], [ -5.980457993290188, 37.384234579683479 ], [ -5.980921304481088, 37.383209216441379 ], [ -5.981137319566448, 37.383228550958954 ], [ -5.981154997110831, 37.383099688374514 ] ] ], [ [ [ -6.001209715438695, 37.381837526531335 ], [ -6.000727939602403, 37.381383479441183 ], [ -6.002239738779775, 37.38064452850211 ], [ -6.002613155879069, 37.380880581268833 ], [ -6.001922562904788, 37.381582944941997 ], [ -6.00251696750628, 37.381955271629153 ], [ -6.002666658970419, 37.381798287918713 ], [ -6.002804828125837, 37.381718180381036 ], [ -6.003019323392092, 37.381496476201406 ], [ -6.003670072061128, 37.381892166507619 ], [ -6.00362344331655, 37.381942936126222 ], [ -6.003880816179769, 37.382118842614084 ], [ -6.003194088801357, 37.38287062750414 ], [ -6.00269829590624, 37.382732331226158 ], [ -6.002134512063605, 37.382460532508148 ], [ -6.001468328648972, 37.38204948431747 ], [ -6.001209715438695, 37.381837526531335 ] ] ], [ [ [ -5.990272847045937, 37.395902934408859 ], [ -5.990222983562909, 37.395802832899761 ], [ -5.990261427445625, 37.395545081739833 ], [ -5.990406343032226, 37.394937676853786 ], [ -5.991076412860589, 37.395231587878094 ], [ -5.991354030614973, 37.395330465521894 ], [ -5.991439293674864, 37.395380103894112 ], [ -5.991772078266242, 37.395468523491303 ], [ -5.991790252896037, 37.395490630223868 ], [ -5.991808593870917, 37.39551265975512 ], [ -5.992192291862689, 37.395660610169195 ], [ -5.992357066473658, 37.395814142487161 ], [ -5.992545472901667, 37.395915257937567 ], [ -5.992684166624152, 37.396008589393624 ], [ -5.992754363315302, 37.396078890341059 ], [ -5.993101000896886, 37.396018311337798 ], [ -5.993161333557331, 37.396048337793282 ], [ -5.993136456665655, 37.396168359968314 ], [ -5.993779353730416, 37.396174588219147 ], [ -5.993960014672267, 37.396212824535041 ], [ -5.994034132114858, 37.396053228733507 ], [ -5.994234942585941, 37.396106708955138 ], [ -5.993788382827461, 37.396773520056662 ], [ -5.993604293501225, 37.39685255105725 ], [ -5.993355309126442, 37.39699403123555 ], [ -5.993274310266559, 37.39687892088044 ], [ -5.993257286765885, 37.396877099563127 ], [ -5.993301819018939, 37.396671011361697 ], [ -5.993103675914369, 37.396644475686379 ], [ -5.99304724174233, 37.396404849215841 ], [ -5.993088767205658, 37.396167302050614 ], [ -5.993114177890141, 37.396119340133758 ], [ -5.992761802455393, 37.396150799095231 ], [ -5.992728778315164, 37.396171913074674 ], [ -5.992137725173802, 37.396222903235078 ], [ -5.992144528334812, 37.396105586241674 ], [ -5.991935020138794, 37.396099636338782 ], [ -5.991782146354662, 37.396263459101476 ], [ -5.99161226176898, 37.396238453394908 ], [ -5.991487311544886, 37.396237115746843 ], [ -5.991234710340096, 37.396261516739344 ], [ -5.991181840207809, 37.396742682124277 ], [ -5.990567389571892, 37.396742473120604 ], [ -5.990537882057486, 37.396258892475878 ], [ -5.990287806795159, 37.396244978496512 ], [ -5.990272847045937, 37.395902934408859 ] ] ], [ [ [ -5.981051150712065, 37.403285678957566 ], [ -5.981056201508658, 37.403213490197096 ], [ -5.981040860879377, 37.403177799810216 ], [ -5.981147154823543, 37.40314812261537 ], [ -5.984570600126005, 37.403629353587888 ], [ -5.98460276466446, 37.403497908213971 ], [ -5.984736110920096, 37.403305321378497 ], [ -5.984570800810526, 37.403221605193188 ], [ -5.98451124722408, 37.403272670704794 ], [ -5.984625712116899, 37.4029499282722 ], [ -5.984835260317535, 37.402480590535568 ], [ -5.984854151205693, 37.402356219490414 ], [ -5.985679280152576, 37.402767903015246 ], [ -5.985874369743843, 37.401920486322275 ], [ -5.986033021108324, 37.40205388217862 ], [ -5.987386910506993, 37.402844121039344 ], [ -5.987842233687803, 37.40307137694036 ], [ -5.987600298567997, 37.403395092566022 ], [ -5.986985578696434, 37.404532445504984 ], [ -5.986712949490061, 37.40449877677478 ], [ -5.984755503724583, 37.404127018246072 ], [ -5.984013831155888, 37.40389795810507 ], [ -5.983299508032394, 37.403805606751391 ], [ -5.981479252839573, 37.403601501708415 ], [ -5.9813033367377, 37.40359695160727 ], [ -5.980984881114715, 37.403523900901305 ], [ -5.981051150712065, 37.403285678957566 ] ] ], [ [ [ -5.96793583448772, 37.329823496020019 ], [ -5.967823439582256, 37.329695650906231 ], [ -5.967596365503634, 37.329072854950354 ], [ -5.967397748696293, 37.328618305642415 ], [ -5.967365882950185, 37.328501963658354 ], [ -5.967221671106308, 37.328144602015783 ], [ -5.967121102546686, 37.327895387853061 ], [ -5.96700443324448, 37.327664068364165 ], [ -5.966745376649587, 37.327285366669038 ], [ -5.965737206205707, 37.325979318108523 ], [ -5.965754295318459, 37.325970927530904 ], [ -5.966875830179071, 37.325420237229636 ], [ -5.968942061263983, 37.325377694804644 ], [ -5.96912595929478, 37.325802211940371 ], [ -5.96918996538787, 37.326820993494763 ], [ -5.969027226755866, 37.327540306176253 ], [ -5.96843672689544, 37.329223995622947 ], [ -5.968847625435918, 37.329613178140491 ], [ -5.968720779294642, 37.329715899496627 ], [ -5.968461267125903, 37.329927394471341 ], [ -5.968306377255873, 37.329947101176785 ], [ -5.96818371585202, 37.329926989347605 ], [ -5.968139354568579, 37.329919716025707 ], [ -5.968001633773301, 37.329873610497927 ], [ -5.96793583448772, 37.329823496020019 ] ] ], [ [ [ -5.934348821641529, 37.345467596341564 ], [ -5.93430994491117, 37.345440881324691 ], [ -5.934199691939057, 37.345365409452469 ], [ -5.934125129421449, 37.345314502398743 ], [ -5.933914230175888, 37.345213292492566 ], [ -5.933878667914536, 37.345196329397787 ], [ -5.93373299436163, 37.34509577175583 ], [ -5.933255938858156, 37.344759995206175 ], [ -5.933151872087907, 37.344686824226116 ], [ -5.933111832286702, 37.344658622949744 ], [ -5.932981665183685, 37.344566834478599 ], [ -5.933600423341658, 37.343986545129852 ], [ -5.933648026297881, 37.343941685817782 ], [ -5.933694092737709, 37.343898264894953 ], [ -5.933958093337997, 37.344081086842209 ], [ -5.934060162172019, 37.344152369398337 ], [ -5.934189265085253, 37.344236379773591 ], [ -5.934255817201945, 37.344323320549208 ], [ -5.934286814059361, 37.34444626697011 ], [ -5.934295385892724, 37.344504979125894 ], [ -5.934304709685116, 37.344567523810916 ], [ -5.934336854068568, 37.34463919394247 ], [ -5.934344557414966, 37.34465963733993 ], [ -5.934356717694077, 37.344682254318975 ], [ -5.934372694733165, 37.344707357224614 ], [ -5.934423496133206, 37.344765427374938 ], [ -5.93447342301809, 37.344800433653198 ], [ -5.93457868224692, 37.344872889017104 ], [ -5.934897252534685, 37.345089972525066 ], [ -5.935504451824678, 37.345503522256188 ], [ -5.936170464879913, 37.345953312332277 ], [ -5.936408708581897, 37.346106046178058 ], [ -5.936488465816841, 37.346146081869428 ], [ -5.936585216550083, 37.346172581063101 ], [ -5.936686700604089, 37.346176980848327 ], [ -5.936792178814309, 37.346177903175537 ], [ -5.936914768515058, 37.34615204829489 ], [ -5.93700242584235, 37.346116617837325 ], [ -5.937080803183884, 37.346069109227912 ], [ -5.937126809556993, 37.346029639694081 ], [ -5.937176320721838, 37.345973824053402 ], [ -5.937213111048998, 37.34592741995526 ], [ -5.937249116830802, 37.345832320525261 ], [ -5.937267469768533, 37.345740961302617 ], [ -5.937275366645031, 37.345674257618306 ], [ -5.937281797500513, 37.345618701520245 ], [ -5.937321667359268, 37.345325587619904 ], [ -5.937376098388569, 37.344926229214913 ], [ -5.937386751198964, 37.344847829559242 ], [ -5.937424281564518, 37.344569411714197 ], [ -5.937472662385332, 37.344211188102427 ], [ -5.937516151425745, 37.343888163987934 ], [ -5.937529323459949, 37.343809832362759 ], [ -5.937536668222836, 37.343765768371142 ], [ -5.937550186915353, 37.343672591925369 ], [ -5.937556803655808, 37.343627050240315 ], [ -5.937640100885256, 37.34298808662902 ], [ -5.937646106889351, 37.342942803405876 ], [ -5.937649254104352, 37.342899023941023 ], [ -5.937646264420115, 37.342849088567348 ], [ -5.937628977535088, 37.342813534654567 ], [ -5.937614655772663, 37.342795878093 ], [ -5.937565719793215, 37.342759077899451 ], [ -5.937522176711068, 37.342736560866449 ], [ -5.937376089978825, 37.342681156431695 ], [ -5.937236115099155, 37.342639512540266 ], [ -5.937143771842696, 37.342612040141539 ], [ -5.936582299634192, 37.342407233733198 ], [ -5.93626007746365, 37.342289802445471 ], [ -5.935883489427423, 37.342159663811962 ], [ -5.935580166910819, 37.342054993497037 ], [ -5.935333235397181, 37.341970331604124 ], [ -5.935252831561917, 37.341943115364721 ], [ -5.934683203173928, 37.341751179489101 ], [ -5.934304668900097, 37.341617295002429 ], [ -5.933969345492742, 37.341502624462009 ], [ -5.93285946275828, 37.341133066312999 ], [ -5.932554097976321, 37.341028456744915 ], [ -5.93228574194898, 37.340939044958489 ], [ -5.932017070418676, 37.340838840069914 ], [ -5.930165046414224, 37.340206788469793 ], [ -5.929387767919132, 37.339941466440244 ], [ -5.929771659956026, 37.33922625094602 ], [ -5.929790222039681, 37.339191762595043 ], [ -5.92995448667068, 37.338878718919531 ], [ -5.930462997190995, 37.339066218459877 ], [ -5.931776403296118, 37.339530439391346 ], [ -5.93215800507703, 37.339624862030618 ], [ -5.932404626154382, 37.339685885236655 ], [ -5.934111349457284, 37.340034456101442 ], [ -5.934859862211825, 37.34014585695224 ], [ -5.935424527263242, 37.340229895388262 ], [ -5.935926055360881, 37.340274451673928 ], [ -5.936075183105832, 37.340252484597194 ], [ -5.938508489708766, 37.340422358126617 ], [ -5.938232499504322, 37.338740033856325 ], [ -5.93806675009353, 37.337552103601567 ], [ -5.937985442912614, 37.33724895984097 ], [ -5.938153406354816, 37.337244785098804 ], [ -5.938152948164397, 37.337241774279363 ], [ -5.939684952215012, 37.337220945299549 ], [ -5.939790177823407, 37.337617638181548 ], [ -5.939876064886105, 37.338833919940853 ], [ -5.93991275407609, 37.339774974293263 ], [ -5.939973567746351, 37.340019193947342 ], [ -5.940266885141533, 37.340964104678591 ], [ -5.940425719550631, 37.341748540933864 ], [ -5.940554468814691, 37.341980830361202 ], [ -5.940724840786506, 37.342293996304917 ], [ -5.940932713431353, 37.342691555286116 ], [ -5.940917991338127, 37.342971780915221 ], [ -5.940906893837688, 37.343125637068781 ], [ -5.940891541138438, 37.343170387058379 ], [ -5.940519998895743, 37.343179626078111 ], [ -5.940451897718968, 37.343190977043371 ], [ -5.939870188503546, 37.343287929165797 ], [ -5.939307265764871, 37.343322397510427 ], [ -5.938781740288233, 37.343154647664768 ], [ -5.938779667677806, 37.343156081443965 ], [ -5.938774020238463, 37.343159989247575 ], [ -5.938642218396958, 37.344094399986041 ], [ -5.938650783369127, 37.344108201465126 ], [ -5.938689225792605, 37.34417014615115 ], [ -5.938687003009575, 37.34417522490623 ], [ -5.938570903775652, 37.344440461953738 ], [ -5.938445222647749, 37.344723083652589 ], [ -5.93846983260076, 37.34472728989369 ], [ -5.938556509340879, 37.344742102298646 ], [ -5.938615897033297, 37.344752251516447 ], [ -5.938631147020963, 37.344754857639373 ], [ -5.938539114448892, 37.34508791582725 ], [ -5.938537355925424, 37.345094278783279 ], [ -5.938537323611364, 37.345094810319672 ], [ -5.938517451188088, 37.345426643978605 ], [ -5.938501420513979, 37.345694322909971 ], [ -5.938489359509308, 37.345895714700625 ], [ -5.938478005111056, 37.34596318831727 ], [ -5.938474266408222, 37.345985424273458 ], [ -5.938443403828235, 37.346168975435397 ], [ -5.938430443157959, 37.346223162985474 ], [ -5.938423548517519, 37.34625390064334 ], [ -5.938400058258937, 37.34635863082579 ], [ -5.938347222013527, 37.346595376215213 ], [ -5.93834414623842, 37.346603878627008 ], [ -5.938208413074269, 37.346979083988231 ], [ -5.938193877651062, 37.347019264706674 ], [ -5.93806490640692, 37.347222949859038 ], [ -5.938049393916192, 37.347243405093636 ], [ -5.937849553392421, 37.347506915966655 ], [ -5.937689689671995, 37.347717712142334 ], [ -5.937443069706959, 37.347538913882282 ], [ -5.937089258352075, 37.347290626075036 ], [ -5.936736971936424, 37.347043902280248 ], [ -5.936436783499498, 37.346826813403212 ], [ -5.936239895769654, 37.346699278112446 ], [ -5.935873354703997, 37.346455599943866 ], [ -5.935492981245188, 37.346188345975385 ], [ -5.935177762181076, 37.345977956187092 ], [ -5.934767210463688, 37.345709164045545 ], [ -5.934348821641529, 37.345467596341564 ] ] ], [ [ [ -5.954444231131106, 37.38330406624344 ], [ -5.954121861872909, 37.385713420611182 ], [ -5.953461625317394, 37.385678081647008 ], [ -5.953437602559807, 37.38549852099078 ], [ -5.953814717251345, 37.382648497635067 ], [ -5.9545184259162, 37.382709780102459 ], [ -5.954444231131106, 37.38330406624344 ] ] ], [ [ [ -5.914220655749372, 37.389830502732039 ], [ -5.914314564589792, 37.389607441084898 ], [ -5.914448278720676, 37.389396891994238 ], [ -5.914628679526493, 37.389180691111299 ], [ -5.915584807234829, 37.38825830778346 ], [ -5.916234820966864, 37.387580009438956 ], [ -5.916749567972865, 37.387094249182333 ], [ -5.916681130884033, 37.387035112451613 ], [ -5.916651102073089, 37.386984037418443 ], [ -5.916659866693156, 37.386859939505932 ], [ -5.91668694207273, 37.386780401872855 ], [ -5.916741031163815, 37.38670021540289 ], [ -5.916816469651264, 37.386617286127979 ], [ -5.916903881819567, 37.386572315437618 ], [ -5.916749628772703, 37.386380163975105 ], [ -5.916618935952734, 37.386259488770669 ], [ -5.916403453510449, 37.386138656305846 ], [ -5.916176773981729, 37.386072150767404 ], [ -5.914376229114882, 37.385918344911936 ], [ -5.913888147603444, 37.385849272413189 ], [ -5.913798433518454, 37.385792910446298 ], [ -5.913746297519401, 37.385740109087067 ], [ -5.913727095512707, 37.385673038893088 ], [ -5.913735255779883, 37.385533182671679 ], [ -5.913779478157741, 37.3854351931802 ], [ -5.913894994087951, 37.385364766494455 ], [ -5.913985945252458, 37.385340047051841 ], [ -5.914220253694567, 37.385418167403984 ], [ -5.914508080804986, 37.385514131239873 ], [ -5.914821113502829, 37.385601006955476 ], [ -5.915270271708294, 37.385695818242091 ], [ -5.915722375579212, 37.385756730550249 ], [ -5.916655024035793, 37.385810303300211 ], [ -5.91917292527611, 37.385902940439379 ], [ -5.920537980823709, 37.385953140387613 ], [ -5.920299121364573, 37.389717858519795 ], [ -5.920295797875533, 37.389770247990405 ], [ -5.92017494823884, 37.3902242276924 ], [ -5.920091927024243, 37.390692400465809 ], [ -5.914188502309067, 37.390671490453656 ], [ -5.914177730706436, 37.390279837231475 ], [ -5.914180130975884, 37.390045488645576 ], [ -5.914220655749372, 37.389830502732039 ] ] ], [ [ [ -5.971474566521781, 37.388073969616286 ], [ -5.971410757440574, 37.387359233869788 ], [ -5.972276119308789, 37.387303685535599 ], [ -5.972437835231542, 37.387306354412566 ], [ -5.972619379222443, 37.388083436314041 ], [ -5.972813786447774, 37.388279061047335 ], [ -5.973644010373942, 37.388940694267887 ], [ -5.973960987312874, 37.38919403567747 ], [ -5.973984691791096, 37.389212910050254 ], [ -5.973110263869549, 37.389846807537999 ], [ -5.973270565380802, 37.38997151279947 ], [ -5.972699031023202, 37.390418404532767 ], [ -5.972697235084378, 37.390416995405971 ], [ -5.972696797485666, 37.390417381258395 ], [ -5.971350375832436, 37.389388078148052 ], [ -5.971445033776584, 37.389313618800045 ], [ -5.9715462790573, 37.389121853739454 ], [ -5.971434312354167, 37.388077216646089 ], [ -5.971474566521781, 37.388073969616286 ] ] ], [ [ [ -5.967958459818188, 37.403788704777526 ], [ -5.968062891730623, 37.403997800776907 ], [ -5.968457955302291, 37.404791311223256 ], [ -5.968828279964179, 37.40553511576806 ], [ -5.968971783545811, 37.405822133026447 ], [ -5.966943411723662, 37.406310091979755 ], [ -5.966943998213355, 37.406311615362 ], [ -5.965776961538531, 37.406587075821747 ], [ -5.964992531799216, 37.406778419656469 ], [ -5.964795954612412, 37.406113430826323 ], [ -5.964588848194297, 37.405484467157976 ], [ -5.964527073907573, 37.405248779393027 ], [ -5.966234513327711, 37.404838862501684 ], [ -5.966361774517564, 37.40480865489959 ], [ -5.966504685079426, 37.404703681410879 ], [ -5.967958459818188, 37.403788704777526 ] ] ] ] } },
{ "type": "Feature", "properties": { "viviendas": 7340, "n_flats": 120, "n_rooms": 32, "n_all": 152, "ratio_flats": 1.6348773841961852, "ratio_rooms": 0.43596730245231607, "ratio": 2.0708446866485013, "mean_price": 566.55555555555554, "mean_revenue": 796.8481481481482, "profit": 202.74392457151794, "net_profit": 1.0, "ingresos_medios": 12807.253287864305 }, "geometry": { "type": "MultiPolygon", "coordinates": [ [ [ [ -5.972686294182919, 37.373405979947407 ], [ -5.972927861347446, 37.373330055696989 ], [ -5.973121755605725, 37.373241845124724 ], [ -5.973305060128325, 37.373113336595395 ], [ -5.973573848365525, 37.372825011171635 ], [ -5.973825543044935, 37.373007903318083 ], [ -5.975950181050309, 37.374693466925606 ], [ -5.975532514114976, 37.375940636134509 ], [ -5.974963150031736, 37.375457112217653 ], [ -5.974763595320382, 37.375263926533741 ], [ -5.974406766729885, 37.374993594745462 ], [ -5.972753015844355, 37.373629563868469 ], [ -5.972628193486995, 37.373411977530758 ], [ -5.972686294182919, 37.373405979947407 ] ] ], [ [ [ -6.002583591991304, 37.374556016593132 ], [ -6.002875032609107, 37.374512606945416 ], [ -6.003239359170014, 37.374341127579335 ], [ -6.003583071045904, 37.374767155923038 ], [ -6.002391884259452, 37.375380855748197 ], [ -6.003187736511276, 37.376376570478115 ], [ -6.003678044381425, 37.376988092438467 ], [ -6.004372424280985, 37.377851166126383 ], [ -6.004857769056965, 37.378451568230538 ], [ -6.003569164289709, 37.379225385254799 ], [ -6.002392096600739, 37.377633430984488 ], [ -6.002365676831593, 37.377647608253454 ], [ -6.000795373292831, 37.375691688071015 ], [ -6.001294573800497, 37.375437993532394 ], [ -6.002094866128327, 37.375023469538348 ], [ -6.002693768745151, 37.374713170813251 ], [ -6.002583591991304, 37.374556016593132 ] ] ], [ [ [ -5.982329676080704, 37.388109174506752 ], [ -5.982841955687618, 37.388400299734073 ], [ -5.982714145294999, 37.388531923958467 ], [ -5.982535227684559, 37.389146932573418 ], [ -5.982533220302217, 37.389354195598251 ], [ -5.982592081414379, 37.389789725739504 ], [ -5.982450803969059, 37.390210059613878 ], [ -5.98169294065006, 37.391256371236658 ], [ -5.981057866529717, 37.392168911850277 ], [ -5.978951192329266, 37.391201611639566 ], [ -5.981390866755325, 37.38918029202506 ], [ -5.982252100705937, 37.388262025161083 ], [ -5.982329676080704, 37.388109174506752 ] ] ], [ [ [ -5.988206195851843, 37.393585449535003 ], [ -5.988185869817526, 37.393549944728058 ], [ -5.988216736001761, 37.393380205605197 ], [ -5.988254817138166, 37.393325175271315 ], [ -5.988402503862333, 37.393120963987926 ], [ -5.988503020141033, 37.392893197272151 ], [ -5.988694659930043, 37.392865780630366 ], [ -5.989563599185344, 37.392517179886781 ], [ -5.989818510602696, 37.392515255185117 ], [ -5.989822720200977, 37.392479106315946 ], [ -5.990119228229479, 37.392485116337767 ], [ -5.990600516890515, 37.392608126332675 ], [ -5.991422851903154, 37.392724700658711 ], [ -5.991350047056129, 37.393636604591279 ], [ -5.990456881049135, 37.393593900322713 ], [ -5.990447398038361, 37.39379461769429 ], [ -5.990355942977538, 37.394472676657699 ], [ -5.990279746252477, 37.394850794364764 ], [ -5.990406343032226, 37.394937676853786 ], [ -5.990095540406199, 37.39485995568846 ], [ -5.989455557507564, 37.394741011918789 ], [ -5.989164444414795, 37.394662772011799 ], [ -5.988911828151481, 37.394619594355262 ], [ -5.988493472174068, 37.394873482570517 ], [ -5.987986880200491, 37.394829954007712 ], [ -5.988085186851783, 37.394631509900428 ], [ -5.988202443185851, 37.394171253290672 ], [ -5.98823785846024, 37.393787432826436 ], [ -5.988206195851843, 37.393585449535003 ] ] ], [ [ [ -5.980465748297029, 37.40058156193691 ], [ -5.981926906823904, 37.401420943575324 ], [ -5.981962364288854, 37.40135024079737 ], [ -5.983236454903238, 37.401734793769165 ], [ -5.982923034231023, 37.402443287793496 ], [ -5.983206864840399, 37.402523961149377 ], [ -5.982999895738313, 37.402993231047006 ], [ -5.982956625184384, 37.403001059098187 ], [ -5.981420104427333, 37.402571305307646 ], [ -5.981147154823543, 37.40314812261537 ], [ -5.981040860879377, 37.403177799810216 ], [ -5.980583367060668, 37.402263535939539 ], [ -5.980413474366932, 37.401947968784 ], [ -5.980189429729778, 37.401473796062923 ], [ -5.979979312604774, 37.401064610948325 ], [ -5.980465748297029, 37.40058156193691 ] ] ], [ [ [ -5.96622471497521, 37.323691216610172 ], [ -5.96672518695367, 37.323664353974621 ], [ -5.966856972523531, 37.323675351286418 ], [ -5.966851141459061, 37.32428582458833 ], [ -5.967227107687671, 37.324281157243711 ], [ -5.967251204640463, 37.323679761555681 ], [ -5.967758765883696, 37.323681325607978 ], [ -5.967790182749816, 37.322507566012973 ], [ -5.96726473680342, 37.322506450841523 ], [ -5.967266217380359, 37.322119051299822 ], [ -5.967311567089697, 37.322119335854232 ], [ -5.968561015193955, 37.322126305040776 ], [ -5.968492711971093, 37.323029074748653 ], [ -5.968490243257849, 37.323481912191724 ], [ -5.968535071810631, 37.323908783437368 ], [ -5.968643838208432, 37.324320539349188 ], [ -5.968611794785923, 37.324319490488321 ], [ -5.967786625884987, 37.324292469553519 ], [ -5.967767876427223, 37.324856126602711 ], [ -5.96687175550087, 37.324833545881731 ], [ -5.966859641266056, 37.325412760042468 ], [ -5.966887915687068, 37.325414303134465 ], [ -5.966875830179071, 37.325420237229636 ], [ -5.965754295318459, 37.325970927530904 ], [ -5.964255520726226, 37.324087376583073 ], [ -5.965773677791047, 37.323912332516386 ], [ -5.965749413194227, 37.32375082318427 ], [ -5.96622471497521, 37.323691216610172 ] ] ], [ [ [ -5.931247178487546, 37.342537302692676 ], [ -5.931377058542254, 37.342418067275645 ], [ -5.931457182972799, 37.342345235751836 ], [ -5.931492629930239, 37.342312986572686 ], [ -5.931593625437631, 37.342221832070528 ], [ -5.931700086379696, 37.342118986524014 ], [ -5.931790034556916, 37.342020631427879 ], [ -5.931853596785131, 37.341890469448408 ], [ -5.931899988441159, 37.341722334855803 ], [ -5.931922147466858, 37.341553395633696 ], [ -5.931982236891935, 37.341139666210744 ], [ -5.932017070418676, 37.340838840069914 ], [ -5.93228574194898, 37.340939044958489 ], [ -5.932554097976321, 37.341028456744915 ], [ -5.93285946275828, 37.341133066312999 ], [ -5.933969345492742, 37.341502624462009 ], [ -5.934304668900097, 37.341617295002429 ], [ -5.934683203173928, 37.341751179489101 ], [ -5.934664984178789, 37.341879221476219 ], [ -5.934514370037814, 37.342933675665932 ], [ -5.934489186315736, 37.34307766295786 ], [ -5.934445125085924, 37.343170142132934 ], [ -5.93440627432425, 37.343218307684076 ], [ -5.934362214820946, 37.343272843382103 ], [ -5.934261810167031, 37.34337505886333 ], [ -5.934139473574731, 37.343487951284743 ], [ -5.933956614500788, 37.34365285027615 ], [ -5.933910189634259, 37.343695927873426 ], [ -5.933821781161968, 37.343777860269945 ], [ -5.933797606748691, 37.343800622254115 ], [ -5.933694092737709, 37.343898264894953 ], [ -5.933648026297881, 37.343941685817782 ], [ -5.933600423341658, 37.343986545129852 ], [ -5.932981665183685, 37.344566834478599 ], [ -5.932826884729786, 37.344457977461218 ], [ -5.932726126575121, 37.344387120855743 ], [ -5.932469658768954, 37.344206583595408 ], [ -5.931929884463478, 37.343826753952101 ], [ -5.931790751671483, 37.343731438016974 ], [ -5.931701024117976, 37.343670092587743 ], [ -5.931647975901774, 37.343619641468294 ], [ -5.931547170211397, 37.343524299135041 ], [ -5.931257525408836, 37.343328451769651 ], [ -5.930798060781488, 37.343007082821288 ], [ -5.931169830770408, 37.342608993842688 ], [ -5.931247178487546, 37.342537302692676 ] ] ], [ [ [ -5.954121861872909, 37.385713420611182 ], [ -5.954444231131106, 37.38330406624344 ], [ -5.955124916753172, 37.383363631937648 ], [ -5.954805238801428, 37.385763901681592 ], [ -5.954121861872909, 37.385713420611182 ] ] ], [ [ [ -5.972462316293522, 37.390840578150744 ], [ -5.972706653879108, 37.39067231411925 ], [ -5.972657388577261, 37.390635408112701 ], [ -5.972789049030968, 37.390489051705572 ], [ -5.972699031023202, 37.390418404532767 ], [ -5.973270565380802, 37.38997151279947 ], [ -5.973110263869549, 37.389846807537999 ], [ -5.973984691791096, 37.389212910050254 ], [ -5.974043554307369, 37.389259779360856 ], [ -5.974934575472131, 37.389969215643376 ], [ -5.974947252676949, 37.389973550415654 ], [ -5.975382459818667, 37.390122377249476 ], [ -5.975390730509532, 37.390114919919135 ], [ -5.976783517456421, 37.390898437642122 ], [ -5.977987456602876, 37.391618403583813 ], [ -5.978095602535148, 37.391762792016785 ], [ -5.977870510749018, 37.391764935383073 ], [ -5.977216549977242, 37.391916581448932 ], [ -5.977221728255824, 37.392020066690449 ], [ -5.977108762519594, 37.392135534299058 ], [ -5.973804413670265, 37.394759683502933 ], [ -5.973350481542979, 37.395102216547386 ], [ -5.973346861872137, 37.395100073013339 ], [ -5.970922732711314, 37.393171961063352 ], [ -5.970254230748414, 37.392632395178104 ], [ -5.970240216740262, 37.392621039094429 ], [ -5.972462316293522, 37.390840578150744 ] ] ], [ [ [ -5.92801664603904, 37.394427351357699 ], [ -5.926533390117459, 37.39239617339485 ], [ -5.926310189769595, 37.392185440988754 ], [ -5.926095486417291, 37.392027244655068 ], [ -5.925597343961003, 37.390415128444062 ], [ -5.9251063053182, 37.390389140400764 ], [ -5.92421086407018, 37.390106142369056 ], [ -5.924114229946487, 37.390079924956808 ], [ -5.924115101675307, 37.390061824257657 ], [ -5.924200196350366, 37.388294495710547 ], [ -5.922427881967908, 37.388204836831967 ], [ -5.92242371491418, 37.388405203454781 ], [ -5.921238683971862, 37.388358217325404 ], [ -5.921128664405805, 37.38977029935706 ], [ -5.921127017704451, 37.389791436001595 ], [ -5.920299121364573, 37.389717858519795 ], [ -5.920537980823709, 37.385953140387613 ], [ -5.921345935245785, 37.38598284474299 ], [ -5.92232148305467, 37.386019540361445 ], [ -5.923413108374859, 37.386082636308998 ], [ -5.924234183345953, 37.38608035770541 ], [ -5.925703030751224, 37.385978668881293 ], [ -5.926670461413438, 37.385966015515748 ], [ -5.932828045439316, 37.38613555031732 ], [ -5.933914159991998, 37.386176669738582 ], [ -5.934516591013195, 37.386199472946409 ], [ -5.934721695326932, 37.386204009360753 ], [ -5.93715637942945, 37.386257811095881 ], [ -5.940804489260941, 37.386414904489129 ], [ -5.940823697820111, 37.38675456035552 ], [ -5.94085926564727, 37.386958696333508 ], [ -5.941133851708782, 37.387756054269047 ], [ -5.944580831714791, 37.396331582753952 ], [ -5.945128185722937, 37.397340620226593 ], [ -5.945106111922474, 37.397445083408996 ], [ -5.94520038326263, 37.398171058000798 ], [ -5.945198226459701, 37.398451125667691 ], [ -5.94439899974476, 37.39777738951323 ], [ -5.943972106813624, 37.397253994139412 ], [ -5.941430264129925, 37.397036591229103 ], [ -5.941431508451986, 37.39703179089382 ], [ -5.940762214119713, 37.397016813577601 ], [ -5.94027222968088, 37.397022250281836 ], [ -5.940009791399127, 37.397089603616379 ], [ -5.939740033438843, 37.397235985625166 ], [ -5.939568386916602, 37.397449757801439 ], [ -5.939537160850617, 37.397671274058801 ], [ -5.939537995125622, 37.397878509002247 ], [ -5.939602559549439, 37.398106666898265 ], [ -5.939514291083406, 37.39816997996931 ], [ -5.938981477552334, 37.398552373216752 ], [ -5.938739567167951, 37.398761137778223 ], [ -5.937983459482526, 37.399492299823883 ], [ -5.937596800667842, 37.398671485351159 ], [ -5.937357630979653, 37.398123167476257 ], [ -5.937346973763659, 37.398098735947727 ], [ -5.937342376161414, 37.398122336624255 ], [ -5.933886449636132, 37.397934024690308 ], [ -5.933865445850295, 37.398621163283025 ], [ -5.933709644218062, 37.399836147528667 ], [ -5.93347405829398, 37.400538149546811 ], [ -5.933115701642794, 37.401157373348354 ], [ -5.932991772098749, 37.401351176917331 ], [ -5.93169086324804, 37.399557073285003 ], [ -5.931680975826207, 37.399561614948816 ], [ -5.929560316693826, 37.396650739987045 ], [ -5.929558098514964, 37.396651724895975 ], [ -5.928004630340905, 37.394432883468887 ], [ -5.92801664603904, 37.394427351357699 ] ] ], [ [ [ -5.966718462530754, 37.409976228076602 ], [ -5.966999188241211, 37.409885806599355 ], [ -5.967020493067063, 37.409928061981248 ], [ -5.967347279132678, 37.409836542221171 ], [ -5.967331941135829, 37.409805372347051 ], [ -5.968454849926267, 37.409461817650957 ], [ -5.968147973370565, 37.408802749023948 ], [ -5.967913314434807, 37.408650960201896 ], [ -5.967476717267943, 37.40774510776216 ], [ -5.967505197098338, 37.407737617236798 ], [ -5.967378100244211, 37.407481780913635 ], [ -5.96700006392904, 37.406457310944724 ], [ -5.966943998213355, 37.406311615362 ], [ -5.966943411723662, 37.406310091979755 ], [ -5.968971783545811, 37.405822133026447 ], [ -5.970466253535903, 37.408821062564257 ], [ -5.970410155316829, 37.408901323256167 ], [ -5.969679201432966, 37.409507639369778 ], [ -5.968284402834191, 37.410630694375826 ], [ -5.967281764319695, 37.411460053199406 ], [ -5.96701668053014, 37.411604095753951 ], [ -5.966146522527768, 37.410265373315156 ], [ -5.966033924621128, 37.410045226623289 ], [ -5.965906497959393, 37.409705987570739 ], [ -5.966373965744276, 37.409466776425973 ], [ -5.966433035140191, 37.4096049332775 ], [ -5.966548286151569, 37.409577292222764 ], [ -5.966718462530754, 37.409976228076602 ] ] ] ] } },
{ "type": "Feature", "properties": { "viviendas": 9142, "n_flats": 114, "n_rooms": 30, "n_all": 144, "ratio_flats": 1.2469919054911398, "ratio_rooms": 0.3281557646029315, "ratio": 1.5751476700940712, "mean_price": 182.0514705882353, "mean_revenue": 1098.5600490196077, "profit": 458.26588890591916, "net_profit": 1.0, "ingresos_medios": 8399.1099973965956 }, "geometry": { "type": "MultiPolygon", "coordinates": [ [ [ [ -6.004132652894711, 37.319079909336722 ], [ -6.004990975892261, 37.318535521355855 ], [ -6.006156792383027, 37.318064355960097 ], [ -6.007816023068608, 37.317517575270593 ], [ -6.008882139537541, 37.317093999206087 ], [ -6.012693012174251, 37.315339047101865 ], [ -6.01400486532462, 37.314855098028261 ], [ -6.014940189562203, 37.31511056725315 ], [ -6.015716841857835, 37.315631433760416 ], [ -6.016486527581748, 37.316260535121167 ], [ -6.016823122008994, 37.316495240239867 ], [ -6.018240931653227, 37.3175313346823 ], [ -6.021000114724139, 37.316848127744478 ], [ -6.021201198089612, 37.316797947107304 ], [ -6.021965446593779, 37.316724332898808 ], [ -6.02264729810944, 37.316004086288331 ], [ -6.023616783491856, 37.315141332863973 ], [ -6.026029728290522, 37.313421666006917 ], [ -6.026947523223299, 37.312677385675705 ], [ -6.027305643972093, 37.312325834665522 ], [ -6.027395289536928, 37.312873136588109 ], [ -6.027271820006373, 37.313732311365271 ], [ -6.02747536917979, 37.314024422537713 ], [ -6.029169845778, 37.315206496931033 ], [ -6.030376176808027, 37.316310857829336 ], [ -6.031142005147716, 37.317120194029386 ], [ -6.032105478944999, 37.318356978816993 ], [ -6.032798838901007, 37.318204027161855 ], [ -6.033498670725558, 37.318793544923878 ], [ -6.030456696922857, 37.324780822964627 ], [ -6.029165447099063, 37.32710035517178 ], [ -6.027421113099551, 37.330706402348262 ], [ -6.027397124906813, 37.330763354392637 ], [ -6.026638819450009, 37.331607371456535 ], [ -6.025682674748326, 37.333367454679887 ], [ -6.024620243536569, 37.335470982374297 ], [ -6.02455226075322, 37.335770863696354 ], [ -6.024477354830855, 37.336230638997229 ], [ -6.024473748344414, 37.336805719212542 ], [ -6.024495933794807, 37.337358842956498 ], [ -6.024529815488677, 37.33822788607133 ], [ -6.024028237830557, 37.338379981371617 ], [ -6.02180280939999, 37.338729258854244 ], [ -6.021580675705249, 37.337539272031528 ], [ -6.021418994341678, 37.337164998603882 ], [ -6.02100750240209, 37.336752046998875 ], [ -6.016382540420985, 37.333410127382713 ], [ -6.013056453985335, 37.330088930862892 ], [ -6.011628629656595, 37.329089110525651 ], [ -6.009787110519515, 37.327901555162562 ], [ -6.007791301434873, 37.326519686291213 ], [ -6.005489029326155, 37.325091463226194 ], [ -6.004797512484612, 37.324442297962598 ], [ -6.003719992925837, 37.322883818965295 ], [ -6.003101411228169, 37.321232589583886 ], [ -6.003150031320132, 37.320753817000885 ], [ -6.003087010980319, 37.32030487528904 ], [ -6.003415321238638, 37.319764892294799 ], [ -6.00368523788309, 37.319460730740431 ], [ -6.004132652894711, 37.319079909336722 ] ] ], [ [ [ -5.981626654557832, 37.37179770045784 ], [ -5.978456011662295, 37.37216144984562 ], [ -5.978483122702408, 37.372075198830217 ], [ -5.978212491793278, 37.370665125884067 ], [ -5.978149350812051, 37.370296300863927 ], [ -5.981441950130586, 37.369728083941141 ], [ -5.981712249645081, 37.369752891176056 ], [ -5.981769060625418, 37.371785474942158 ], [ -5.981626654557832, 37.37179770045784 ] ] ], [ [ [ -6.000887577318871, 37.378417262727979 ], [ -5.999912597842826, 37.378937612246766 ], [ -5.999415180290347, 37.378314979081296 ], [ -6.00039945139409, 37.377810175301299 ], [ -6.000061903964321, 37.377370475285183 ], [ -5.999312053984264, 37.376461450621278 ], [ -6.00030233970964, 37.375949741864474 ], [ -6.000795373292831, 37.375691688071015 ], [ -6.002365676831593, 37.377647608253454 ], [ -6.000887577318871, 37.378417262727979 ] ] ], [ [ [ -6.006619418447793, 37.378109431241647 ], [ -6.006379969831078, 37.377865460080152 ], [ -6.00687944510793, 37.377604964505103 ], [ -6.007867887636257, 37.378854773006175 ], [ -6.00753070523145, 37.379034563907489 ], [ -6.006967132725956, 37.379474693602091 ], [ -6.006321588070885, 37.380031684750847 ], [ -6.005263459696487, 37.378923292284249 ], [ -6.004857769056965, 37.378451568230538 ], [ -6.004372424280985, 37.377851166126383 ], [ -6.004923831211459, 37.377512792753585 ], [ -6.005914776112897, 37.378528306972235 ], [ -6.006619418447793, 37.378109431241647 ] ] ], [ [ [ -5.977605711492828, 37.387133494885987 ], [ -5.97686997731016, 37.387115990269216 ], [ -5.976931768192975, 37.386616665192406 ], [ -5.976994971704197, 37.386105911446741 ], [ -5.977131526595902, 37.385119367913809 ], [ -5.978023800431935, 37.385501553751517 ], [ -5.978678361786497, 37.385754092609353 ], [ -5.978688077378063, 37.385729929892534 ], [ -5.978766679034716, 37.385855261046935 ], [ -5.979254052956049, 37.386090914983448 ], [ -5.979595139336658, 37.386253966847761 ], [ -5.979440066375886, 37.386563037222899 ], [ -5.979373712526467, 37.386698218032812 ], [ -5.979446103481756, 37.386715465303162 ], [ -5.979663273110471, 37.386767206024238 ], [ -5.98000059065409, 37.386834988767752 ], [ -5.98120932531683, 37.386917657159906 ], [ -5.981208221698733, 37.386925541357144 ], [ -5.981106040388449, 37.387669222370633 ], [ -5.981104864189728, 37.387777373043718 ], [ -5.981079613788945, 37.387774032871327 ], [ -5.979946591540663, 37.387624134090274 ], [ -5.97964146395587, 37.38756877244154 ], [ -5.978365595278783, 37.387215697773989 ], [ -5.977605711492828, 37.387133494885987 ] ] ], [ [ [ -5.990456881049135, 37.393593900322713 ], [ -5.991350047056129, 37.393636604591279 ], [ -5.991422851903154, 37.392724700658711 ], [ -5.991433935435876, 37.392710909553415 ], [ -5.992238961062708, 37.392764861292015 ], [ -5.992267628606504, 37.392784436048444 ], [ -5.993015696887243, 37.392790236226929 ], [ -5.992999623404884, 37.393051944758732 ], [ -5.992977653603525, 37.393063755548212 ], [ -5.992981816568819, 37.393633562746963 ], [ -5.992656104757533, 37.393603539618802 ], [ -5.992570640568079, 37.393619228467394 ], [ -5.992700936742748, 37.393807381973147 ], [ -5.992582853574581, 37.394179825713046 ], [ -5.99254403964393, 37.39438802061111 ], [ -5.992405562217941, 37.394398303265945 ], [ -5.992467375115688, 37.394567944838982 ], [ -5.992403767499745, 37.39476551349712 ], [ -5.992240582110173, 37.395078220247981 ], [ -5.992219513271995, 37.395164379580912 ], [ -5.991790252896037, 37.395490630223868 ], [ -5.991772078266242, 37.395468523491303 ], [ -5.991439293674864, 37.395380103894112 ], [ -5.991354030614973, 37.395330465521894 ], [ -5.991076412860589, 37.395231587878094 ], [ -5.990406343032226, 37.394937676853786 ], [ -5.990279746252477, 37.394850794364764 ], [ -5.990355942977538, 37.394472676657699 ], [ -5.990447398038361, 37.39379461769429 ], [ -5.990456881049135, 37.393593900322713 ] ] ], [ [ [ -5.979672673918717, 37.39853589377455 ], [ -5.979795954337506, 37.398435941088053 ], [ -5.981209641269671, 37.397575828697541 ], [ -5.981453367201171, 37.397443534169831 ], [ -5.981450513462796, 37.397581010584247 ], [ -5.981495435976321, 37.397881736354854 ], [ -5.981607987878676, 37.398437551814986 ], [ -5.981744297632641, 37.398675132275777 ], [ -5.98191617168826, 37.398862249394618 ], [ -5.982111082437724, 37.399001525066652 ], [ -5.982405911976369, 37.399165260162583 ], [ -5.982882990703119, 37.399362757311508 ], [ -5.981962364288854, 37.40135024079737 ], [ -5.981926906823904, 37.401420943575324 ], [ -5.980465748297029, 37.40058156193691 ], [ -5.979979312604774, 37.401064610948325 ], [ -5.980189429729778, 37.401473796062923 ], [ -5.979684769350746, 37.4004953704464 ], [ -5.979271022815955, 37.400915762533167 ], [ -5.977609777613374, 37.399919206030155 ], [ -5.977483334896276, 37.399827800547122 ], [ -5.979348078126524, 37.398800874341852 ], [ -5.979672673918717, 37.39853589377455 ] ] ], [ [ [ -5.9642171206251, 37.323406600313398 ], [ -5.964215583316575, 37.323227410290087 ], [ -5.964214888263763, 37.323146331262464 ], [ -5.964218458295046, 37.323133763708711 ], [ -5.964229527809838, 37.322773083592132 ], [ -5.964221043374975, 37.322557261662887 ], [ -5.964239512328886, 37.322433881580082 ], [ -5.964258669980031, 37.32209072542318 ], [ -5.964425448749211, 37.32209823680045 ], [ -5.964425003182838, 37.322101195378806 ], [ -5.967266217380359, 37.322119051299822 ], [ -5.96726473680342, 37.322506450841523 ], [ -5.967790182749816, 37.322507566012973 ], [ -5.967758765883696, 37.323681325607978 ], [ -5.967251204640463, 37.323679761555681 ], [ -5.967227107687671, 37.324281157243711 ], [ -5.966851141459061, 37.32428582458833 ], [ -5.966856972523531, 37.323675351286418 ], [ -5.96672518695367, 37.323664353974621 ], [ -5.96622471497521, 37.323691216610172 ], [ -5.965749413194227, 37.32375082318427 ], [ -5.965773677791047, 37.323912332516386 ], [ -5.964255520726226, 37.324087376583073 ], [ -5.964214050610807, 37.324092157641225 ], [ -5.964252808816827, 37.323483924814141 ], [ -5.9642171206251, 37.323406600313398 ] ] ], [ [ [ -5.934362214820946, 37.343272843382103 ], [ -5.93440627432425, 37.343218307684076 ], [ -5.934445125085924, 37.343170142132934 ], [ -5.934489186315736, 37.34307766295786 ], [ -5.934514370037814, 37.342933675665932 ], [ -5.934664984178789, 37.341879221476219 ], [ -5.934683203173928, 37.341751179489101 ], [ -5.935252831561917, 37.341943115364721 ], [ -5.935333235397181, 37.341970331604124 ], [ -5.935580166910819, 37.342054993497037 ], [ -5.935883489427423, 37.342159663811962 ], [ -5.93626007746365, 37.342289802445471 ], [ -5.936582299634192, 37.342407233733198 ], [ -5.936450121511993, 37.343327865466698 ], [ -5.936330567095188, 37.344290150991952 ], [ -5.93580322901061, 37.344236884827204 ], [ -5.935831746916254, 37.344042651627412 ], [ -5.93560714075693, 37.34396996629544 ], [ -5.935465883243635, 37.343919918122332 ], [ -5.934920872813371, 37.343830513073001 ], [ -5.934660612863418, 37.343771090163088 ], [ -5.933910189634259, 37.343695927873426 ], [ -5.933956614500788, 37.34365285027615 ], [ -5.934139473574731, 37.343487951284743 ], [ -5.934261810167031, 37.34337505886333 ], [ -5.934362214820946, 37.343272843382103 ] ] ], [ [ [ -5.816956183970009, 37.385761226390223 ], [ -5.813425427285843, 37.385863290124774 ], [ -5.810959537977401, 37.386057117725549 ], [ -5.809921866784049, 37.386090771359008 ], [ -5.809512587512856, 37.385109342456836 ], [ -5.808578476479225, 37.383680778052231 ], [ -5.806712192193714, 37.381175000424754 ], [ -5.805396816554672, 37.379512195536918 ], [ -5.802065376656882, 37.375860700978436 ], [ -5.800204058547595, 37.374084581708011 ], [ -5.798952145454501, 37.372906813867644 ], [ -5.797582341544789, 37.371290225434542 ], [ -5.79592665199359, 37.369572226993419 ], [ -5.79186889654167, 37.365793426323584 ], [ -5.78557014522029, 37.361238299664819 ], [ -5.785483382261123, 37.361093463483556 ], [ -5.785454679967032, 37.361045550541313 ], [ -5.791074974630199, 37.358914314770722 ], [ -5.794290145648286, 37.357353872667666 ], [ -5.798468341727609, 37.355903436276186 ], [ -5.803152268045718, 37.354395820990014 ], [ -5.804826838307682, 37.353905576222822 ], [ -5.807224266961557, 37.353127837200844 ], [ -5.807842884798966, 37.353068089312565 ], [ -5.808837377516162, 37.352503859647321 ], [ -5.810113999858772, 37.35193286070011 ], [ -5.811853266734706, 37.351666270979422 ], [ -5.814383257833902, 37.351425834828014 ], [ -5.817759030385517, 37.351165256539105 ], [ -5.818825202668171, 37.351004711205348 ], [ -5.822476720182086, 37.349070380787197 ], [ -5.824790382285057, 37.347573453753853 ], [ -5.825598051313206, 37.34668683269296 ], [ -5.825824519380376, 37.346296096688967 ], [ -5.825831099510352, 37.346284810819725 ], [ -5.826072632977311, 37.346080788530571 ], [ -5.83080718880494, 37.347400586845261 ], [ -5.830807421157732, 37.34739866014155 ], [ -5.837698059963905, 37.349372641959562 ], [ -5.837709055756926, 37.34940425063045 ], [ -5.837976631853476, 37.349508226041344 ], [ -5.838263578147456, 37.349620756578972 ], [ -5.838563029949912, 37.349737469035958 ], [ -5.838858997296323, 37.349851998147237 ], [ -5.839172463295609, 37.349975129750796 ], [ -5.839483353249599, 37.350096070548055 ], [ -5.839855272497569, 37.350240311745011 ], [ -5.840193304197825, 37.350374105936673 ], [ -5.840529960956571, 37.350505679441184 ], [ -5.840663847894048, 37.350556537456839 ], [ -5.840875732138138, 37.350639344209881 ], [ -5.841212988189102, 37.350770883293315 ], [ -5.841523648620834, 37.350894094861438 ], [ -5.841559905574638, 37.350906712622873 ], [ -5.841682026499491, 37.35095561759973 ], [ -5.841877434698521, 37.351034241056269 ], [ -5.842180214805063, 37.351159893056199 ], [ -5.842499084717841, 37.351300912059571 ], [ -5.842837709287935, 37.351459468828956 ], [ -5.843117312332739, 37.351596893517026 ], [ -5.843406701812408, 37.351736388898992 ], [ -5.843484886317364, 37.351775035658783 ], [ -5.843660250103412, 37.351860967679414 ], [ -5.843783981389633, 37.351918815587602 ], [ -5.843900427562079, 37.351972319659275 ], [ -5.844025274071703, 37.35202785620119 ], [ -5.844142848864108, 37.352076863444729 ], [ -5.844276656218967, 37.352132202114731 ], [ -5.844441043985743, 37.352193577334816 ], [ -5.844566799617109, 37.352240139043673 ], [ -5.844721617513113, 37.352290466083723 ], [ -5.844878041536949, 37.352336272218871 ], [ -5.845049655217134, 37.352383924709954 ], [ -5.845146058621475, 37.352410835693632 ], [ -5.845175683353373, 37.352424145409842 ], [ -5.845383591741935, 37.352489432201992 ], [ -5.846355977198172, 37.352747185314982 ], [ -5.847239340964245, 37.352978958850855 ], [ -5.847270842581096, 37.352725164034261 ], [ -5.847419096555516, 37.351522018589186 ], [ -5.847435274394676, 37.351484142479833 ], [ -5.847257071070574, 37.35127288297322 ], [ -5.846957153969203, 37.350932764528046 ], [ -5.846962505163094, 37.350928280653882 ], [ -5.846857015279967, 37.350833203291437 ], [ -5.846851789145751, 37.350828541654273 ], [ -5.846946236441593, 37.350756811452861 ], [ -5.847042298999534, 37.350671199674068 ], [ -5.84711058791143, 37.350607751499147 ], [ -5.847152684445624, 37.350563743627013 ], [ -5.847207572683721, 37.350501962619845 ], [ -5.847223090845804, 37.350485786339704 ], [ -5.847223515545759, 37.35048430101947 ], [ -5.847226509265228, 37.350481860832367 ], [ -5.847296910539559, 37.350396186662074 ], [ -5.847399566939316, 37.350259348998023 ], [ -5.847564343436371, 37.350026538685171 ], [ -5.847704589225385, 37.34984050740011 ], [ -5.84787238905368, 37.349618121576377 ], [ -5.848079769782442, 37.349329698546427 ], [ -5.848166815786001, 37.349197433673673 ], [ -5.84827703548636, 37.349052015746338 ], [ -5.848944317844747, 37.348128969623112 ], [ -5.849199867067868, 37.347793196391507 ], [ -5.849426988185048, 37.347470703412014 ], [ -5.849681820201306, 37.347116050546134 ], [ -5.852029010191675, 37.3441033651415 ], [ -5.852029658659903, 37.344103739668924 ], [ -5.852068891153565, 37.344056242605802 ], [ -5.852086395253398, 37.344063640855879 ], [ -5.852087082485855, 37.344062534852675 ], [ -5.85208719734935, 37.344062349159351 ], [ -5.852088236978505, 37.344063188223508 ], [ -5.852352577220641, 37.344212850413918 ], [ -5.852442005252349, 37.344217816497633 ], [ -5.852527159117551, 37.344170490699184 ], [ -5.852624602253655, 37.344056140526526 ], [ -5.852626054397749, 37.344056845279951 ], [ -5.852628236292245, 37.34405339370219 ], [ -5.852726265669808, 37.343949676617122 ], [ -5.852823077556693, 37.343845974419594 ], [ -5.852996498009, 37.343699881196713 ], [ -5.85324584740323, 37.34352264785305 ], [ -5.853312153396025, 37.343475985502245 ], [ -5.853461244508851, 37.343371017255322 ], [ -5.853602131078921, 37.343282047554013 ], [ -5.85371203986455, 37.343232080545171 ], [ -5.853869627775821, 37.343156178673681 ], [ -5.853964822952508, 37.343108818494038 ], [ -5.854141265505875, 37.343041480984851 ], [ -5.854316050553177, 37.342994453323158 ], [ -5.854935902863661, 37.342821817443991 ], [ -5.855253230434423, 37.342730821718263 ], [ -5.855470579565988, 37.342660264863703 ], [ -5.85550629016633, 37.342648089903484 ], [ -5.855617261339555, 37.342607155074504 ], [ -5.855525760653085, 37.342501226249382 ], [ -5.856873949049588, 37.342464146991894 ], [ -5.858185870658871, 37.34230809211747 ], [ -5.858394793108308, 37.342283239740105 ], [ -5.858531875420592, 37.342313698696756 ], [ -5.863319547648995, 37.341700077713604 ], [ -5.864924068537039, 37.341805423347211 ], [ -5.866541799809126, 37.342259503728002 ], [ -5.867347957660433, 37.342415685795402 ], [ -5.868300511015637, 37.342595340982712 ], [ -5.869103295910589, 37.342661481081421 ], [ -5.870441335379366, 37.343415189212578 ], [ -5.872671678902575, 37.344667583117243 ], [ -5.875033128145697, 37.346497973424896 ], [ -5.876018975377174, 37.347548542286482 ], [ -5.876696961883848, 37.34815601906741 ], [ -5.877340129541483, 37.348807184216582 ], [ -5.878498814818053, 37.348664116380604 ], [ -5.879007668401012, 37.3486517304434 ], [ -5.879611242537222, 37.349218204229459 ], [ -5.879872339724822, 37.349385316597811 ], [ -5.880210422491117, 37.349667674779347 ], [ -5.880623517226484, 37.350006783466007 ], [ -5.881358271382673, 37.350191616072806 ], [ -5.882037982115733, 37.350841832942912 ], [ -5.882336509196118, 37.351039542437618 ], [ -5.882927974289291, 37.351286472081377 ], [ -5.883587737625679, 37.351414549857047 ], [ -5.884401768078396, 37.351773152387565 ], [ -5.884844480977323, 37.351935801299035 ], [ -5.885181703360429, 37.352188862312829 ], [ -5.885445975098305, 37.352443760922981 ], [ -5.885870225676192, 37.353073168113532 ], [ -5.886101626864506, 37.353414414913793 ], [ -5.886660158323644, 37.353749933811621 ], [ -5.887551425033346, 37.35422152019391 ], [ -5.888439284022454, 37.354607576276557 ], [ -5.889137591228195, 37.354793290428134 ], [ -5.890054035784452, 37.354973633289084 ], [ -5.890641104812491, 37.35510567755923 ], [ -5.891562114832699, 37.355403044981401 ], [ -5.892528183280252, 37.35592910203119 ], [ -5.894571879808361, 37.357041450504688 ], [ -5.895314347006553, 37.357431012376622 ], [ -5.895992000292082, 37.358022656529414 ], [ -5.896589368395098, 37.358415745529101 ], [ -5.898213772082056, 37.359029190854308 ], [ -5.899356047374417, 37.359406714803427 ], [ -5.901440098084732, 37.359675459400648 ], [ -5.902469118849334, 37.359940783061766 ], [ -5.904336770623858, 37.361201475000712 ], [ -5.905966333256193, 37.361945374259257 ], [ -5.907048550537151, 37.362646386991415 ], [ -5.907946727978799, 37.363291051870739 ], [ -5.908993508822158, 37.364019951175798 ], [ -5.909920275251471, 37.36446349129411 ], [ -5.910325691994533, 37.364597656335675 ], [ -5.910703033560347, 37.364565836240537 ], [ -5.914369304219648, 37.36559059249165 ], [ -5.920112333865825, 37.367059534123023 ], [ -5.927721799778891, 37.368256740773631 ], [ -5.931992687212658, 37.369500084456575 ], [ -5.932350676645774, 37.369669286332218 ], [ -5.932422747648745, 37.369709812330591 ], [ -5.932316291593087, 37.369719706708516 ], [ -5.931945866009785, 37.369773955109089 ], [ -5.931303273528322, 37.369884630047693 ], [ -5.930723431049342, 37.369984484067757 ], [ -5.930456953144131, 37.370099188949986 ], [ -5.929886560872609, 37.370527852373023 ], [ -5.929619333540297, 37.370624544405736 ], [ -5.929192145409416, 37.370671207756033 ], [ -5.928527639192159, 37.371003038924314 ], [ -5.926914589535505, 37.371331286060467 ], [ -5.926326231218548, 37.371589144735509 ], [ -5.925002095359011, 37.372378827637029 ], [ -5.924809475488514, 37.372510791004267 ], [ -5.924265262136225, 37.372883640572262 ], [ -5.923486543411327, 37.373182213756728 ], [ -5.921076732331626, 37.373638217621178 ], [ -5.920695745347715, 37.373710704699349 ], [ -5.916863654430073, 37.374296623525666 ], [ -5.916127495497519, 37.374409173992483 ], [ -5.914940188517902, 37.374654730967073 ], [ -5.914638940649049, 37.374705833267278 ], [ -5.914588077922789, 37.374714461305743 ], [ -5.914589942371498, 37.374798496574499 ], [ -5.914094195126189, 37.374896546995721 ], [ -5.913871530343587, 37.37494781253713 ], [ -5.913440820523244, 37.375057611339287 ], [ -5.912503287173151, 37.37528670972052 ], [ -5.911925571692559, 37.375426827864011 ], [ -5.911684245271283, 37.37548999286917 ], [ -5.910673814452595, 37.375707207340412 ], [ -5.909792465786059, 37.375887531747203 ], [ -5.909747365436965, 37.375957305309846 ], [ -5.909537424945912, 37.376214235749806 ], [ -5.909248537836311, 37.376778275623067 ], [ -5.909035610514167, 37.377329001163261 ], [ -5.909011264162579, 37.37742015700686 ], [ -5.90897577472745, 37.377443435074539 ], [ -5.908888072619657, 37.377453746126015 ], [ -5.908677859434297, 37.377425543064788 ], [ -5.908500753206274, 37.377403677495863 ], [ -5.908340635399211, 37.377357551922195 ], [ -5.908174640213024, 37.377313955027091 ], [ -5.908035874377003, 37.377279224793874 ], [ -5.90791510949273, 37.377246434764892 ], [ -5.907841269897422, 37.377191033411947 ], [ -5.907794659472678, 37.377144498070308 ], [ -5.907751402048132, 37.377107417207178 ], [ -5.907531040560604, 37.377048468326358 ], [ -5.907190466227608, 37.376971020170785 ], [ -5.906804940008598, 37.376889908307476 ], [ -5.906675957809265, 37.376876392244554 ], [ -5.906281068893549, 37.376862264421568 ], [ -5.905954049457117, 37.376903684702249 ], [ -5.904667729212322, 37.377013985963849 ], [ -5.904371062021305, 37.377145252009072 ], [ -5.90429268358928, 37.377191837675959 ], [ -5.90426693285645, 37.377197072384419 ], [ -5.904095270010952, 37.377269758012204 ], [ -5.903975503327867, 37.377319033042966 ], [ -5.903414535391144, 37.377568844461109 ], [ -5.903219526184023, 37.377702377425919 ], [ -5.903001557524241, 37.377860315771677 ], [ -5.902539031588016, 37.378183996265598 ], [ -5.902015659795751, 37.37855685082021 ], [ -5.901599686125068, 37.378848390948477 ], [ -5.901483236308293, 37.378927542033033 ], [ -5.901351311911191, 37.378992768336204 ], [ -5.901172642463341, 37.379085367192012 ], [ -5.901014406619839, 37.379165543752158 ], [ -5.900768280556119, 37.379290791611758 ], [ -5.900566099864273, 37.379393502857113 ], [ -5.9005100326393, 37.379411568009907 ], [ -5.900132760094514, 37.379544802199639 ], [ -5.899814264443306, 37.379652751140142 ], [ -5.899301251790803, 37.3798298434305 ], [ -5.898868700158987, 37.379984822304564 ], [ -5.898694352620231, 37.380046390021796 ], [ -5.898291409162224, 37.380338321808495 ], [ -5.897932771484019, 37.380633572852354 ], [ -5.897540857033938, 37.380925230770735 ], [ -5.897298848478774, 37.381094224329132 ], [ -5.897074578264664, 37.381293630958808 ], [ -5.896666782128746, 37.38160330417071 ], [ -5.896313310731752, 37.38188960944855 ], [ -5.895989363436001, 37.382138347662654 ], [ -5.895975371804189, 37.382149090841558 ], [ -5.895929593551395, 37.382182019108157 ], [ -5.895541074409894, 37.382465892164561 ], [ -5.895511379900817, 37.382486168751988 ], [ -5.89545137692188, 37.382526262080773 ], [ -5.895368696317027, 37.382582645721115 ], [ -5.895312299269163, 37.382620170851219 ], [ -5.895246609382188, 37.382664694367868 ], [ -5.895217345558445, 37.382683871826224 ], [ -5.895217354866324, 37.382684025682785 ], [ -5.895150703302739, 37.382725217090019 ], [ -5.895138810990441, 37.382732946886456 ], [ -5.895127255428071, 37.382740096245179 ], [ -5.895080333855163, 37.382766073342836 ], [ -5.895023007155603, 37.382802629027459 ], [ -5.89480704985434, 37.382931315624823 ], [ -5.894461889500652, 37.383146900624169 ], [ -5.89405221068161, 37.383408134004853 ], [ -5.893485058139591, 37.383739327346987 ], [ -5.893537762641531, 37.38392802130862 ], [ -5.889985186819394, 37.386062075828114 ], [ -5.889685430196734, 37.386195534085658 ], [ -5.888365322747604, 37.386813499736725 ], [ -5.887573991441743, 37.387085128712776 ], [ -5.886790795100442, 37.387275471743905 ], [ -5.885993539055964, 37.387394031416839 ], [ -5.885012027857059, 37.387417988422719 ], [ -5.876687482357948, 37.387665909269039 ], [ -5.873959241443684, 37.38778635045567 ], [ -5.872672371699621, 37.387799614652337 ], [ -5.870354338004166, 37.387720707934307 ], [ -5.865687839961682, 37.387356366649804 ], [ -5.864760997827278, 37.387333762336397 ], [ -5.857577167719197, 37.387886111172925 ], [ -5.855418813405706, 37.387848130964159 ], [ -5.854331939243766, 37.387775263822803 ], [ -5.85307342339745, 37.387643448792495 ], [ -5.84986099707606, 37.387802016199416 ], [ -5.849658887425239, 37.387833902658087 ], [ -5.848873555303156, 37.387969995248284 ], [ -5.84750012651474, 37.388084205965768 ], [ -5.846649872439441, 37.387996538242248 ], [ -5.845386934085844, 37.387747567148089 ], [ -5.842789387035888, 37.387143272049983 ], [ -5.842234814938486, 37.38711154245135 ], [ -5.84145766929255, 37.387166301508437 ], [ -5.839605906671566, 37.387472080761214 ], [ -5.837528724450417, 37.38808965176338 ], [ -5.835725073611089, 37.388475321627652 ], [ -5.833907121430866, 37.388780206236859 ], [ -5.831210710089893, 37.389151178037508 ], [ -5.828153279629907, 37.389530748328163 ], [ -5.824353755800201, 37.390000016789401 ], [ -5.822090939767686, 37.390189244458256 ], [ -5.820548839757341, 37.39032510909049 ], [ -5.819285129659892, 37.39035525142512 ], [ -5.819072545103142, 37.388900598797974 ], [ -5.819052103439923, 37.386846646817681 ], [ -5.818925033813805, 37.385867471121877 ], [ -5.816956183970009, 37.385761226390223 ] ] ], [ [ [ -5.95581107847311, 37.384459278020195 ], [ -5.955859416196506, 37.384122418726477 ], [ -5.956545158971664, 37.384175119479238 ], [ -5.957037425724694, 37.384611060424675 ], [ -5.957088969143899, 37.384377790894725 ], [ -5.957239555671555, 37.383234169368194 ], [ -5.957233488112922, 37.383191525976564 ], [ -5.957089182727605, 37.383066718505127 ], [ -5.958486618425325, 37.382112713775058 ], [ -5.958367070089749, 37.383075305745052 ], [ -5.95817988710186, 37.383305251631477 ], [ -5.958164061976778, 37.38334619041067 ], [ -5.958077694775877, 37.384066929609446 ], [ -5.957931781499252, 37.385032450906046 ], [ -5.957922806288708, 37.385091266522345 ], [ -5.957535580592812, 37.385339706431445 ], [ -5.956899440550544, 37.384700133927865 ], [ -5.956186817245071, 37.385141428292876 ], [ -5.956034207865661, 37.385239872868134 ], [ -5.955621552706264, 37.384867263610985 ], [ -5.955631806350089, 37.384445753033035 ], [ -5.95581107847311, 37.384459278020195 ] ] ], [ [ [ -5.977221728255824, 37.392020066690449 ], [ -5.977216549977242, 37.391916581448932 ], [ -5.977870510749018, 37.391764935383073 ], [ -5.978095602535148, 37.391762792016785 ], [ -5.978181053825058, 37.391761976071962 ], [ -5.978296978434641, 37.391760871233885 ], [ -5.978301594455351, 37.391760826953721 ], [ -5.978534598640035, 37.391901365422477 ], [ -5.979618932400411, 37.392401188883092 ], [ -5.979144380698538, 37.392795574546561 ], [ -5.979785331496058, 37.393275893823791 ], [ -5.979542073160411, 37.393491118313989 ], [ -5.979767422315022, 37.393625093787406 ], [ -5.979607365554751, 37.39375754614499 ], [ -5.978008262030928, 37.395113339465084 ], [ -5.977475256897568, 37.395527337739679 ], [ -5.977332016960445, 37.395352576412336 ], [ -5.976279921115353, 37.395798680598375 ], [ -5.97429804813352, 37.395848592842832 ], [ -5.974227345574528, 37.395794221382467 ], [ -5.97370257066981, 37.395380079738189 ], [ -5.973350481542979, 37.395102216547386 ], [ -5.973804413670265, 37.394759683502933 ], [ -5.977108762519594, 37.392135534299058 ], [ -5.977221728255824, 37.392020066690449 ] ] ], [ [ [ -5.945194196593088, 37.398974584064042 ], [ -5.945233307908909, 37.399129549523387 ], [ -5.94532790574606, 37.399504358058529 ], [ -5.941647027899865, 37.398264566404784 ], [ -5.941128344986638, 37.398201168832543 ], [ -5.941430264129925, 37.397036591229103 ], [ -5.943972106813624, 37.397253994139412 ], [ -5.94439899974476, 37.39777738951323 ], [ -5.945198226459701, 37.398451125667691 ], [ -5.945194196593088, 37.398974584064042 ] ] ], [ [ [ -5.968147973370565, 37.408802749023948 ], [ -5.968454849926267, 37.409461817650957 ], [ -5.967331941135829, 37.409805372347051 ], [ -5.967347279132678, 37.409836542221171 ], [ -5.967020493067063, 37.409928061981248 ], [ -5.966999188241211, 37.409885806599355 ], [ -5.966718462530754, 37.409976228076602 ], [ -5.966548286151569, 37.409577292222764 ], [ -5.966433035140191, 37.4096049332775 ], [ -5.966373965744276, 37.409466776425973 ], [ -5.965906497959393, 37.409705987570739 ], [ -5.965458686145015, 37.408201259623326 ], [ -5.967476717267943, 37.40774510776216 ], [ -5.967913314434807, 37.408650960201896 ], [ -5.968147973370565, 37.408802749023948 ] ] ] ] } },
{ "type": "Feature", "properties": { "viviendas": 7659, "n_flats": 224, "n_rooms": 43, "n_all": 267, "ratio_flats": 2.9246637942290117, "ratio_rooms": 0.56143099621360493, "ratio": 3.4860947904426167, "mean_price": 190.60337552742615, "mean_revenue": 1172.6789732770746, "profit": 539.61155226654955, "net_profit": 1.0, "ingresos_medios": 11452.815836344505 }, "geometry": { "type": "MultiPolygon", "coordinates": [ [ [ [ -5.97928798270494, 37.376515088421968 ], [ -5.978456011662295, 37.37216144984562 ], [ -5.981626654557832, 37.37179770045784 ], [ -5.981648164331943, 37.372252185258745 ], [ -5.981629164877564, 37.372432896980207 ], [ -5.980831916948165, 37.37442628465935 ], [ -5.981988952290584, 37.374559285138311 ], [ -5.98184587815244, 37.374986385888441 ], [ -5.982095165464829, 37.375013863951466 ], [ -5.981830002517325, 37.375811265516326 ], [ -5.981935828876136, 37.375824354503948 ], [ -5.982064176329299, 37.375861619093762 ], [ -5.98235062792878, 37.375994085669582 ], [ -5.981866844667516, 37.376877677928327 ], [ -5.981864473490921, 37.376882006997818 ], [ -5.981421803083908, 37.376707394477684 ], [ -5.981404204423264, 37.376564794926225 ], [ -5.981372473745214, 37.376517914039802 ], [ -5.981093757005737, 37.376420047174705 ], [ -5.980234682119344, 37.376150861947679 ], [ -5.980162182111774, 37.376281429778494 ], [ -5.980079628733254, 37.376459932633431 ], [ -5.979975841315757, 37.376705725251171 ], [ -5.979896258748639, 37.376848297989653 ], [ -5.979361917806062, 37.376700268570325 ], [ -5.979354167403637, 37.376698121229353 ], [ -5.979326797814855, 37.376635737859715 ], [ -5.97928798270494, 37.376515088421968 ] ] ], [ [ [ -5.998376171155169, 37.378805389977884 ], [ -5.998282204636635, 37.376751145962992 ], [ -5.998741376281603, 37.376732726724128 ], [ -5.9988139059369, 37.376715091342945 ], [ -5.999312053984264, 37.376461450621278 ], [ -6.000061903964321, 37.377370475285183 ], [ -6.00039945139409, 37.377810175301299 ], [ -5.999415180290347, 37.378314979081296 ], [ -5.999912597842826, 37.378937612246766 ], [ -5.9989438209519, 37.379428476059253 ], [ -5.998944854066848, 37.37942975006424 ], [ -5.996314744248371, 37.380684666363621 ], [ -5.995349147512935, 37.379528614495818 ], [ -5.996484964025537, 37.379107876580271 ], [ -5.99709737348328, 37.378882884172732 ], [ -5.997161039984022, 37.37884294452148 ], [ -5.998376171155169, 37.378805389977884 ] ] ], [ [ [ -5.998628715487945, 37.38204948159639 ], [ -5.998463413748454, 37.381855427756641 ], [ -5.999473667970666, 37.38135899657491 ], [ -6.000179376950076, 37.382023637503039 ], [ -6.000662480898987, 37.382542977900791 ], [ -6.000342245843727, 37.382720066622774 ], [ -6.000067533325055, 37.382909505473485 ], [ -6.001752745420201, 37.384535890543347 ], [ -6.001847107422101, 37.384601072387767 ], [ -6.001286090383106, 37.385293347475198 ], [ -5.998725417375808, 37.383249904112034 ], [ -5.998216075847116, 37.382843864482453 ], [ -5.997920283973829, 37.382508949166024 ], [ -5.997869467027349, 37.382451684199445 ], [ -5.998628715487945, 37.38204948159639 ] ] ], [ [ [ -5.978523379637604, 37.391541270731189 ], [ -5.978951192329266, 37.391201611639566 ], [ -5.981057866529717, 37.392168911850277 ], [ -5.982222490747577, 37.392711710076341 ], [ -5.981804274057667, 37.393366490786988 ], [ -5.981548647035059, 37.393269323981379 ], [ -5.980597686946469, 37.392841515109389 ], [ -5.979618932400411, 37.392401188883092 ], [ -5.978534598640035, 37.391901365422477 ], [ -5.978301594455351, 37.391760826953721 ], [ -5.978523379637604, 37.391541270731189 ] ] ], [ [ [ -5.992467375115688, 37.394567944838982 ], [ -5.992405562217941, 37.394398303265945 ], [ -5.99254403964393, 37.39438802061111 ], [ -5.992582853574581, 37.394179825713046 ], [ -5.992700936742748, 37.393807381973147 ], [ -5.992570640568079, 37.393619228467394 ], [ -5.992656104757533, 37.393603539618802 ], [ -5.992981816568819, 37.393633562746963 ], [ -5.992977653603525, 37.393063755548212 ], [ -5.992999623404884, 37.393051944758732 ], [ -5.993015696887243, 37.392790236226929 ], [ -5.993678214964236, 37.392802726406913 ], [ -5.994810781559937, 37.392738008723562 ], [ -5.994857537946107, 37.392887752379544 ], [ -5.994911357991696, 37.393208492597338 ], [ -5.994743675897336, 37.3935619353771 ], [ -5.994740525213172, 37.393841324064958 ], [ -5.994770183156847, 37.394227998026366 ], [ -5.994755008991682, 37.394298212807179 ], [ -5.994646206360614, 37.394499212395345 ], [ -5.994347938499151, 37.395934927443101 ], [ -5.9942944131318, 37.396017386432341 ], [ -5.994234942585941, 37.396106708955138 ], [ -5.994034132114858, 37.396053228733507 ], [ -5.993960014672267, 37.396212824535041 ], [ -5.993779353730416, 37.396174588219147 ], [ -5.993136456665655, 37.396168359968314 ], [ -5.993161333557331, 37.396048337793282 ], [ -5.993101000896886, 37.396018311337798 ], [ -5.992754363315302, 37.396078890341059 ], [ -5.992684166624152, 37.396008589393624 ], [ -5.992545472901667, 37.395915257937567 ], [ -5.992357066473658, 37.395814142487161 ], [ -5.992192291862689, 37.395660610169195 ], [ -5.991808593870917, 37.39551265975512 ], [ -5.991790252896037, 37.395490630223868 ], [ -5.992219513271995, 37.395164379580912 ], [ -5.992240582110173, 37.395078220247981 ], [ -5.992403767499745, 37.39476551349712 ], [ -5.992467375115688, 37.394567944838982 ] ] ], [ [ [ -6.01758789173374, 37.412656783137507 ], [ -6.018005510860455, 37.412636577623047 ], [ -6.018858512726958, 37.412443128880568 ], [ -6.019673766468562, 37.412202959114069 ], [ -6.02036843893993, 37.411937258856561 ], [ -6.021008060303418, 37.411491775931843 ], [ -6.02144579725343, 37.411080062234902 ], [ -6.022305546332948, 37.410140185320472 ], [ -6.022632528623197, 37.410267738215573 ], [ -6.02351461464758, 37.410798257508596 ], [ -6.023863570807847, 37.411151697851331 ], [ -6.024092336487578, 37.411489141762466 ], [ -6.024612330542141, 37.411933561387904 ], [ -6.025160051264734, 37.412472629139955 ], [ -6.025833345068658, 37.413161055527226 ], [ -6.026228942798761, 37.413580202659311 ], [ -6.026452924315842, 37.41318332700709 ], [ -6.026719220317373, 37.412671089433459 ], [ -6.028075298208189, 37.410128335860954 ], [ -6.028923416325295, 37.408628493669461 ], [ -6.02925595851627, 37.407981046366771 ], [ -6.029417427881148, 37.407538244520097 ], [ -6.029640525029838, 37.407141541712761 ], [ -6.029776532274862, 37.406956867858796 ], [ -6.030143312586302, 37.406566014508044 ], [ -6.030658802056733, 37.406009231857531 ], [ -6.030944421937197, 37.405657217538412 ], [ -6.031002384386598, 37.405754854572415 ], [ -6.031420469017219, 37.406340133224617 ], [ -6.031561065352016, 37.406417581486387 ], [ -6.032033519030922, 37.406572337567525 ], [ -6.032317993112898, 37.406660396766277 ], [ -6.032693185362731, 37.406774733575936 ], [ -6.03272188759235, 37.406745388418216 ], [ -6.032996190658976, 37.406433190584522 ], [ -6.03321539651211, 37.406236839973964 ], [ -6.033299757982229, 37.406253745269822 ], [ -6.033345410193482, 37.406200124796406 ], [ -6.033428822198817, 37.406045404847951 ], [ -6.034723302050192, 37.406574785692683 ], [ -6.035139762100497, 37.405934703432806 ], [ -6.03576090488082, 37.406219128440796 ], [ -6.035813106041966, 37.405317796865425 ], [ -6.035866271346477, 37.405305730575819 ], [ -6.036524981023519, 37.405336480342719 ], [ -6.037402531782323, 37.405418530295314 ], [ -6.037398914903596, 37.405547226077594 ], [ -6.037389628553534, 37.40587975102315 ], [ -6.037310840841952, 37.407100438725948 ], [ -6.037323632753797, 37.408077719025464 ], [ -6.037253714626379, 37.408462436305797 ], [ -6.036985450868986, 37.408955919598604 ], [ -6.036493099552957, 37.409446084135531 ], [ -6.036043922187292, 37.409822575587214 ], [ -6.03576217726144, 37.409982958795432 ], [ -6.035765274195874, 37.411379481311045 ], [ -6.035824374896256, 37.411785647053776 ], [ -6.035892882663799, 37.412031692915008 ], [ -6.036135855790818, 37.412230429410698 ], [ -6.036294459932491, 37.4124561291597 ], [ -6.036360005471249, 37.412613981661046 ], [ -6.036671141341531, 37.41289492601053 ], [ -6.037679699209921, 37.414184972562602 ], [ -6.038687521102942, 37.415455956152854 ], [ -6.040274824243, 37.416864593085883 ], [ -6.040969872570645, 37.417417834408077 ], [ -6.040650512149935, 37.417746927400025 ], [ -6.040258823268551, 37.418149189141367 ], [ -6.03906591478489, 37.419374227021244 ], [ -6.03901267521629, 37.419428900014978 ], [ -6.03878004522129, 37.419543034264422 ], [ -6.037492083903281, 37.419819406186043 ], [ -6.036817130342912, 37.420170165407441 ], [ -6.035965205534668, 37.420615504265143 ], [ -6.03431821705125, 37.421234476000059 ], [ -6.034475093048169, 37.421762080448772 ], [ -6.034771732767535, 37.422394191853321 ], [ -6.034947887782288, 37.423119486813412 ], [ -6.032130752983001, 37.423579267394267 ], [ -6.03013889714062, 37.424053870361895 ], [ -6.02995870476121, 37.423788210063087 ], [ -6.028972241766224, 37.422858391452209 ], [ -6.028479737050133, 37.422411460416562 ], [ -6.028447468129235, 37.422389221050409 ], [ -6.028108777897204, 37.422155892044913 ], [ -6.027294473450032, 37.421594895938981 ], [ -6.023012268398682, 37.419334833086928 ], [ -6.021001663725632, 37.417935603629502 ], [ -6.020829473162405, 37.417867893132424 ], [ -6.020465523790961, 37.417525813408467 ], [ -6.020191150767385, 37.417163412936269 ], [ -6.01974495681451, 37.41674231326045 ], [ -6.018855754452173, 37.416260472117209 ], [ -6.018541679603811, 37.41603421444961 ], [ -6.017984939879068, 37.415390691989046 ], [ -6.016189448630965, 37.414076217988153 ], [ -6.017046548665035, 37.412870870070456 ], [ -6.017275846089219, 37.412626609529006 ], [ -6.017394509731159, 37.412604506642111 ], [ -6.01758789173374, 37.412656783137507 ] ] ], [ [ [ -5.964658091367333, 37.320553680571763 ], [ -5.964943236801971, 37.31968709822452 ], [ -5.965418965907513, 37.319675166623945 ], [ -5.965573875457016, 37.320729816828951 ], [ -5.967168260177438, 37.320737494132189 ], [ -5.967107203304922, 37.320247903850351 ], [ -5.967124429258121, 37.320247471527352 ], [ -5.967149938501218, 37.32024683131241 ], [ -5.967150918499971, 37.320258203468114 ], [ -5.968685722903641, 37.320278240673403 ], [ -5.968611529674622, 37.321419942310783 ], [ -5.968561015193955, 37.322126305040776 ], [ -5.967311567089697, 37.322119335854232 ], [ -5.967266217380359, 37.322119051299822 ], [ -5.964425003182838, 37.322101195378806 ], [ -5.964425448749211, 37.32209823680045 ], [ -5.964658091367333, 37.320553680571763 ] ] ], [ [ [ -5.958367070089749, 37.383075305745052 ], [ -5.958486618425325, 37.382112713775058 ], [ -5.958883796973104, 37.381852709770484 ], [ -5.959545064182016, 37.381426156151257 ], [ -5.959412668535921, 37.382492726740352 ], [ -5.959288185751293, 37.383514051027802 ], [ -5.959165862808376, 37.384431646175656 ], [ -5.959144058547246, 37.384429944101448 ], [ -5.958348041297537, 37.384355276377569 ], [ -5.958325112749745, 37.384529275055286 ], [ -5.958270694002701, 37.384523883180975 ], [ -5.958197330940433, 37.385055130566116 ], [ -5.957931781499252, 37.385032450906046 ], [ -5.958077694775877, 37.384066929609446 ], [ -5.958164061976778, 37.38334619041067 ], [ -5.95817988710186, 37.383305251631477 ], [ -5.958367070089749, 37.383075305745052 ] ] ], [ [ [ -5.976893482462725, 37.384479827780694 ], [ -5.976714719383711, 37.384813207606371 ], [ -5.976795869000968, 37.384910292552476 ], [ -5.977132646804119, 37.385111293203657 ], [ -5.977131526595902, 37.385119367913809 ], [ -5.976994971704197, 37.386105911446741 ], [ -5.976931768192975, 37.386616665192406 ], [ -5.976513072501257, 37.386589130578628 ], [ -5.976452999143349, 37.38658110802708 ], [ -5.976471977690381, 37.386456658203443 ], [ -5.976477885487244, 37.386303929840025 ], [ -5.976485677942398, 37.386198834593365 ], [ -5.976480777746893, 37.386074986321354 ], [ -5.976526650335331, 37.386026150083225 ], [ -5.976620031594712, 37.385365795166798 ], [ -5.97667394908218, 37.384916232291303 ], [ -5.976501149657935, 37.384777541975211 ], [ -5.976064564742144, 37.384616887271186 ], [ -5.976004116128507, 37.384599337068181 ], [ -5.975892640033737, 37.384802405953138 ], [ -5.975666672754909, 37.385132330918026 ], [ -5.975545894025601, 37.385402387179674 ], [ -5.975521004340211, 37.385679566242629 ], [ -5.975516978621182, 37.385879928718211 ], [ -5.97550918481011, 37.385985023962874 ], [ -5.97537785404066, 37.385988331313861 ], [ -5.975173004615308, 37.385945808304832 ], [ -5.975029733996849, 37.385949415924451 ], [ -5.974997424563056, 37.386341216640858 ], [ -5.974962477644717, 37.386666329446619 ], [ -5.974935325154569, 37.38688634700916 ], [ -5.974920864998268, 37.387125117765081 ], [ -5.974913573447538, 37.387187624232453 ], [ -5.974901436920285, 37.387188068582937 ], [ -5.973694980459726, 37.387247712667566 ], [ -5.974229899208035, 37.385080740291848 ], [ -5.974713929995864, 37.383131319735362 ], [ -5.975330675326338, 37.38325321889895 ], [ -5.977205151162742, 37.383611533451003 ], [ -5.976893482462725, 37.384479827780694 ] ] ], [ [ [ -5.939537995125622, 37.397878509002247 ], [ -5.939537160850617, 37.397671274058801 ], [ -5.939568386916602, 37.397449757801439 ], [ -5.939740033438843, 37.397235985625166 ], [ -5.940009791399127, 37.397089603616379 ], [ -5.94027222968088, 37.397022250281836 ], [ -5.940762214119713, 37.397016813577601 ], [ -5.941431508451986, 37.39703179089382 ], [ -5.941430264129925, 37.397036591229103 ], [ -5.941128344986638, 37.398201168832543 ], [ -5.941647027899865, 37.398264566404784 ], [ -5.94532790574606, 37.399504358058529 ], [ -5.943765728060967, 37.400951072914644 ], [ -5.943153575488616, 37.400459531382076 ], [ -5.941711214102287, 37.399552142465289 ], [ -5.939514291083406, 37.39816997996931 ], [ -5.939602559549439, 37.398106666898265 ], [ -5.939537995125622, 37.397878509002247 ] ] ], [ [ [ -5.976923742561533, 37.401326339665282 ], [ -5.977038853220548, 37.40127389587893 ], [ -5.977158024647913, 37.401192057079051 ], [ -5.977388434666318, 37.400951971828576 ], [ -5.977562778603196, 37.400614179972628 ], [ -5.978358569047185, 37.401105468394363 ], [ -5.978303436844795, 37.401165430857844 ], [ -5.978787665248862, 37.401450583344868 ], [ -5.977675203344145, 37.402584640756494 ], [ -5.977500024731243, 37.402478667357201 ], [ -5.977492171676254, 37.402490137551347 ], [ -5.977066443023065, 37.402135949492724 ], [ -5.977014945094671, 37.402159777385442 ], [ -5.976954986126125, 37.402125210819854 ], [ -5.976987157840591, 37.402090633760594 ], [ -5.976967947398618, 37.402050574665687 ], [ -5.976918454204582, 37.402018033033102 ], [ -5.976960830065959, 37.401974170216803 ], [ -5.976901753853548, 37.401935079678118 ], [ -5.976798448610094, 37.401928675875638 ], [ -5.9767916481637, 37.401920918808585 ], [ -5.976236201486241, 37.401287337197168 ], [ -5.975774378560319, 37.400742581767105 ], [ -5.976209338577616, 37.400517626212462 ], [ -5.976923742561533, 37.401326339665282 ] ] ], [ [ [ -5.967281764319695, 37.411460053199406 ], [ -5.968284402834191, 37.410630694375826 ], [ -5.969679201432966, 37.409507639369778 ], [ -5.970410155316829, 37.408901323256167 ], [ -5.970466253535903, 37.408821062564257 ], [ -5.970504355159836, 37.408766038083165 ], [ -5.9706204118019, 37.408943351541517 ], [ -5.970935133862147, 37.409608987469795 ], [ -5.969499326737622, 37.410820908025755 ], [ -5.969361223948371, 37.410716243377188 ], [ -5.969101658533964, 37.410927780019826 ], [ -5.968499733913668, 37.411512817478815 ], [ -5.968237703943248, 37.411661305718567 ], [ -5.96788447384175, 37.411924727400141 ], [ -5.968416490558103, 37.412346121847222 ], [ -5.968421135212231, 37.412342336908345 ], [ -5.968537147371149, 37.412442903791096 ], [ -5.967781327209414, 37.412981621555971 ], [ -5.967212644806804, 37.413415502565741 ], [ -5.967067088138442, 37.413438231622685 ], [ -5.966674480033148, 37.413778923696228 ], [ -5.966666301797266, 37.413773154161014 ], [ -5.966533851602136, 37.413880964976983 ], [ -5.966397544120874, 37.413766138323268 ], [ -5.966179125910028, 37.413598953850503 ], [ -5.965765714732322, 37.413260154251162 ], [ -5.964990124354365, 37.412803798763015 ], [ -5.96666570684573, 37.411743576571041 ], [ -5.966823722963523, 37.41166526042489 ], [ -5.96701668053014, 37.411604095753951 ], [ -5.967281764319695, 37.411460053199406 ] ] ] ] } },
{ "type": "Feature", "properties": { "viviendas": 7238, "n_flats": 214, "n_rooms": 16, "n_all": 230, "ratio_flats": 2.9566178502348714, "ratio_rooms": 0.22105554020447638, "ratio": 3.1776733904393479, "mean_price": 206.78672985781989, "mean_revenue": 1124.2365718799367, "profit": 457.05431655142274, "net_profit": 1.0, "ingresos_medios": 10651.272104937132 }, "geometry": { "type": "MultiPolygon", "coordinates": [ [ [ [ -5.985169841191504, 37.367513890589194 ], [ -5.985257501544597, 37.36771669120666 ], [ -5.985350564701966, 37.368004928224245 ], [ -5.985374030238788, 37.368134969594081 ], [ -5.984338121144457, 37.368273765649654 ], [ -5.983481082281995, 37.368405786851689 ], [ -5.98338565412265, 37.368160403024078 ], [ -5.98316729404101, 37.36773342090838 ], [ -5.98256773477897, 37.366633501437967 ], [ -5.983587093716495, 37.366267609975324 ], [ -5.984294717387096, 37.365995198088754 ], [ -5.985169841191504, 37.367513890589194 ] ] ], [ [ [ -5.996484964025537, 37.379107876580271 ], [ -5.996260348457954, 37.378606747935883 ], [ -5.996082546962938, 37.378061588208482 ], [ -5.995974932555644, 37.377600305874992 ], [ -5.995811268225419, 37.377021011846416 ], [ -5.995845078099136, 37.376810693583877 ], [ -5.998282204636635, 37.376751145962992 ], [ -5.998376171155169, 37.378805389977884 ], [ -5.997161039984022, 37.37884294452148 ], [ -5.99709737348328, 37.378882884172732 ], [ -5.996484964025537, 37.379107876580271 ] ] ], [ [ [ -6.000662480898987, 37.382542977900791 ], [ -6.000792423389357, 37.382677079064194 ], [ -6.001049729029869, 37.382463316043243 ], [ -6.000785068046281, 37.382165924934228 ], [ -6.001209715438695, 37.381837526531335 ], [ -6.001468328648972, 37.38204948431747 ], [ -6.002134512063605, 37.382460532508148 ], [ -6.00269829590624, 37.382732331226158 ], [ -6.002322299836571, 37.383244199098904 ], [ -6.002788943625097, 37.383457586603861 ], [ -6.003149253381473, 37.383581331148775 ], [ -6.002671299828855, 37.384413448276632 ], [ -6.002779264084221, 37.384541333304369 ], [ -6.002840264448929, 37.384668181723207 ], [ -6.002763478161453, 37.384861622169332 ], [ -6.002052993446955, 37.384694957510249 ], [ -6.001900940660231, 37.384637994141677 ], [ -6.001847107422101, 37.384601072387767 ], [ -6.001752745420201, 37.384535890543347 ], [ -6.000067533325055, 37.382909505473485 ], [ -6.000342245843727, 37.382720066622774 ], [ -6.000662480898987, 37.382542977900791 ] ] ], [ [ [ -5.980142047741103, 37.389313505153453 ], [ -5.981242471927622, 37.388732641245298 ], [ -5.980990090040257, 37.388395704313496 ], [ -5.981079613788945, 37.387774032871327 ], [ -5.981104864189728, 37.387777373043718 ], [ -5.981466319896644, 37.387802080838647 ], [ -5.981757895672665, 37.387853238386214 ], [ -5.981960286760994, 37.387929271810989 ], [ -5.982329676080704, 37.388109174506752 ], [ -5.982252100705937, 37.388262025161083 ], [ -5.981390866755325, 37.38918029202506 ], [ -5.978951192329266, 37.391201611639566 ], [ -5.978523379637604, 37.391541270731189 ], [ -5.978301594455351, 37.391760826953721 ], [ -5.978296978434641, 37.391760871233885 ], [ -5.977893387200504, 37.390476408964091 ], [ -5.978267917053787, 37.390276243353334 ], [ -5.980142047741103, 37.389313505153453 ] ] ], [ [ [ -5.979767422315022, 37.393625093787406 ], [ -5.979542073160411, 37.393491118313989 ], [ -5.979785331496058, 37.393275893823791 ], [ -5.979144380698538, 37.392795574546561 ], [ -5.979618932400411, 37.392401188883092 ], [ -5.980597686946469, 37.392841515109389 ], [ -5.981548647035059, 37.393269323981379 ], [ -5.981804274057667, 37.393366490786988 ], [ -5.982222490747577, 37.392711710076341 ], [ -5.982353895274664, 37.39276466062686 ], [ -5.983119124621862, 37.392891811911255 ], [ -5.983072357315399, 37.392971806683605 ], [ -5.982488854195951, 37.393533899099879 ], [ -5.982273851391835, 37.393688036659775 ], [ -5.981975643309554, 37.394119029734007 ], [ -5.981233725205459, 37.395119911187074 ], [ -5.980190267646212, 37.394632633488371 ], [ -5.980163431551389, 37.394619744980865 ], [ -5.980504183574751, 37.394147123570036 ], [ -5.979607365554751, 37.39375754614499 ], [ -5.979767422315022, 37.393625093787406 ] ] ], [ [ [ -5.994646206360614, 37.394499212395345 ], [ -5.994755008991682, 37.394298212807179 ], [ -5.994770183156847, 37.394227998026366 ], [ -5.994740525213172, 37.393841324064958 ], [ -5.994743675897336, 37.3935619353771 ], [ -5.994911357991696, 37.393208492597338 ], [ -5.994857537946107, 37.392887752379544 ], [ -5.994810781559937, 37.392738008723562 ], [ -5.994962225471537, 37.392725164478797 ], [ -5.99539751850272, 37.39269833776374 ], [ -5.996140455027084, 37.392704306797015 ], [ -5.996922827389403, 37.392801613789281 ], [ -5.998470273415433, 37.39296283987985 ], [ -5.999215453626568, 37.393020510830802 ], [ -5.999730471002327, 37.393099796127245 ], [ -5.999557828801273, 37.394230478178613 ], [ -5.998397424230043, 37.394111261513473 ], [ -5.998294745465889, 37.394510337671029 ], [ -5.998170157875912, 37.395232050535149 ], [ -5.997193377884541, 37.395110416497857 ], [ -5.997201897430829, 37.395062886778582 ], [ -5.996715803797438, 37.394976139595343 ], [ -5.996612288609486, 37.394942686993836 ], [ -5.996570038742147, 37.394957269999132 ], [ -5.996424268501075, 37.395120918403123 ], [ -5.995767133970387, 37.395015951002129 ], [ -5.995702237359397, 37.395357688822394 ], [ -5.995443276001687, 37.396386955538389 ], [ -5.995398367451076, 37.396687699189052 ], [ -5.994578333102074, 37.396487707826097 ], [ -5.994800395803663, 37.396072139287796 ], [ -5.9942944131318, 37.396017386432341 ], [ -5.994347938499151, 37.395934927443101 ], [ -5.994646206360614, 37.394499212395345 ] ] ], [ [ [ -6.014412008229386, 37.409111565352006 ], [ -6.015041899980913, 37.407635827765937 ], [ -6.015351493757288, 37.406060127468805 ], [ -6.01563565410375, 37.40525997892145 ], [ -6.015680693303845, 37.404411824536886 ], [ -6.015444720208039, 37.402750931753907 ], [ -6.01552168315904, 37.401289321791367 ], [ -6.015682331129222, 37.400789661237354 ], [ -6.015979775551638, 37.400601836575511 ], [ -6.017342904187768, 37.400233683193193 ], [ -6.01787615581923, 37.400012819799038 ], [ -6.018094592118574, 37.399827061451944 ], [ -6.018728501757446, 37.397891645560179 ], [ -6.019198960556603, 37.396951523606873 ], [ -6.019503663122391, 37.396664430683941 ], [ -6.019685390059323, 37.396556089079688 ], [ -6.019806786784107, 37.396617509383596 ], [ -6.019979499194044, 37.396751367913758 ], [ -6.020287191617459, 37.396972369726896 ], [ -6.020678469422111, 37.397191232579488 ], [ -6.020764539412055, 37.397251016883615 ], [ -6.020917813468579, 37.397347226817764 ], [ -6.021276372414274, 37.397495404254705 ], [ -6.021719472627449, 37.39766525726273 ], [ -6.02213850314184, 37.397830957762949 ], [ -6.022717357109766, 37.398106999957115 ], [ -6.022917440812305, 37.398178169470782 ], [ -6.02320244887081, 37.398280541157312 ], [ -6.023432383351822, 37.398350945854069 ], [ -6.024048249154235, 37.398506832323264 ], [ -6.024692214239057, 37.398766894529409 ], [ -6.025430942497552, 37.399005452819239 ], [ -6.02573290944542, 37.399083544852992 ], [ -6.026954718802628, 37.398999795197881 ], [ -6.027475311985914, 37.39886725309951 ], [ -6.027572179683299, 37.398898147242392 ], [ -6.027802120730579, 37.398968543128746 ], [ -6.028091956329625, 37.399042170751997 ], [ -6.028430706821886, 37.399143152903477 ], [ -6.028773430402132, 37.398452533422279 ], [ -6.029666241927977, 37.398658506094613 ], [ -6.029694942508742, 37.398629161722553 ], [ -6.029739249656406, 37.398542200470786 ], [ -6.029778567767521, 37.398331397222037 ], [ -6.030553510003347, 37.398578531102082 ], [ -6.030615170236028, 37.398329010354537 ], [ -6.030787888661609, 37.398272221133553 ], [ -6.031293545927253, 37.398404398845436 ], [ -6.031359078244492, 37.398392182210337 ], [ -6.031855510883522, 37.39850051636293 ], [ -6.031142676577764, 37.40055160439335 ], [ -6.030551973886512, 37.400364297825149 ], [ -6.029756009972798, 37.400189225133516 ], [ -6.029331939815958, 37.40004752240938 ], [ -6.028920388315252, 37.399919801301799 ], [ -6.028448558562912, 37.399779320791218 ], [ -6.028141384147286, 37.399720441822708 ], [ -6.028054298275278, 37.39993246901939 ], [ -6.027994977718611, 37.399943525363099 ], [ -6.027723432297931, 37.400400978520516 ], [ -6.026946187018519, 37.400420896865711 ], [ -6.026623400483887, 37.400419631554641 ], [ -6.026386499053815, 37.400473380864646 ], [ -6.025730900470842, 37.400518783033306 ], [ -6.024959723853329, 37.400662502915218 ], [ -6.024462802753272, 37.400789659757443 ], [ -6.024149592375949, 37.401026545943921 ], [ -6.02240906068702, 37.402034240511476 ], [ -6.024027329968827, 37.405416295290507 ], [ -6.02408439135016, 37.405605501993918 ], [ -6.024110093711746, 37.40569072392762 ], [ -6.024121590810278, 37.405976513707706 ], [ -6.01934285070033, 37.407834333396544 ], [ -6.022339014157762, 37.410103597876095 ], [ -6.022305546332948, 37.410140185320472 ], [ -6.02144579725343, 37.411080062234902 ], [ -6.021008060303418, 37.411491775931843 ], [ -6.02036843893993, 37.411937258856561 ], [ -6.019673766468562, 37.412202959114069 ], [ -6.018858512726958, 37.412443128880568 ], [ -6.018005510860455, 37.412636577623047 ], [ -6.01758789173374, 37.412656783137507 ], [ -6.017394509731159, 37.412604506642111 ], [ -6.017275846089219, 37.412626609529006 ], [ -6.017046548665035, 37.412870870070456 ], [ -6.016189448630965, 37.414076217988153 ], [ -6.015808558843787, 37.413797359697213 ], [ -6.014614861690144, 37.413043929061523 ], [ -6.014468062986924, 37.413326981486271 ], [ -6.014055469442319, 37.413742959035673 ], [ -6.01318233265162, 37.413377787656394 ], [ -6.012690219303705, 37.413219161403504 ], [ -6.013299012484169, 37.411779975868569 ], [ -6.013754633963789, 37.410182562123545 ], [ -6.014412008229386, 37.409111565352006 ] ] ], [ [ [ -5.965983204909151, 37.317710942709773 ], [ -5.966861326163659, 37.317488529685505 ], [ -5.96692522130499, 37.318202153747556 ], [ -5.966955857638304, 37.31852562114387 ], [ -5.967041616625597, 37.31949140905121 ], [ -5.967124429258121, 37.320247471527352 ], [ -5.967107203304922, 37.320247903850351 ], [ -5.967168260177438, 37.320737494132189 ], [ -5.965573875457016, 37.320729816828951 ], [ -5.965418965907513, 37.319675166623945 ], [ -5.964943236801971, 37.31968709822452 ], [ -5.964949422709889, 37.319668297208189 ], [ -5.965010872943302, 37.319481571397169 ], [ -5.965596067943883, 37.318295520992322 ], [ -5.965983204909151, 37.317710942709773 ] ] ], [ [ [ -5.927695201756053, 37.333719438505184 ], [ -5.927998904157786, 37.333387858110271 ], [ -5.928628533962499, 37.332700626332027 ], [ -5.928651029841366, 37.332671738213925 ], [ -5.928689047024494, 37.332622916666395 ], [ -5.928765738255384, 37.332543489680823 ], [ -5.928808095479508, 37.33249516699729 ], [ -5.928857088227054, 37.332440435425916 ], [ -5.928897698323095, 37.332393443639077 ], [ -5.929096419393495, 37.332176227682062 ], [ -5.929450716295868, 37.332380761581391 ], [ -5.929568872814133, 37.332456835525839 ], [ -5.929645615415028, 37.332498928812569 ], [ -5.929818632244569, 37.332594939886242 ], [ -5.92985997781774, 37.332624714016369 ], [ -5.930021684636534, 37.332741563187085 ], [ -5.930144574037699, 37.332834013454679 ], [ -5.930284405021728, 37.332948029040232 ], [ -5.930452405789358, 37.333074349593332 ], [ -5.930632822609968, 37.333214521625152 ], [ -5.930782962491255, 37.333310692881355 ], [ -5.930935157710129, 37.333412088789174 ], [ -5.930974833359796, 37.333436330747247 ], [ -5.931098297162589, 37.333512122824921 ], [ -5.931145244431415, 37.333536184422613 ], [ -5.9312640497059, 37.333597220444858 ], [ -5.931292182949097, 37.333609313631676 ], [ -5.931326969982996, 37.333624318997366 ], [ -5.931431730316296, 37.333669500841275 ], [ -5.931616866209335, 37.333743173693989 ], [ -5.93176777287553, 37.333793519258094 ], [ -5.93194545152961, 37.333850108279449 ], [ -5.932032119173265, 37.333873977296278 ], [ -5.932089286886695, 37.333889815879495 ], [ -5.932151428310998, 37.33390700342656 ], [ -5.932382505539356, 37.333960384009096 ], [ -5.932601802480064, 37.333990691443375 ], [ -5.932904904337084, 37.334019858173541 ], [ -5.932853066776572, 37.334448993774465 ], [ -5.932818535841281, 37.334684193638559 ], [ -5.932766079750389, 37.335040435671942 ], [ -5.93272221780369, 37.335463003600218 ], [ -5.93271623145823, 37.335520026303364 ], [ -5.932663527590893, 37.335878157671239 ], [ -5.93265520559124, 37.335936379078362 ], [ -5.932514520307546, 37.335887367078399 ], [ -5.931783803481657, 37.335609043175346 ], [ -5.931257910979195, 37.336492687818961 ], [ -5.930901866101673, 37.33707339304663 ], [ -5.930854545546077, 37.337163495441317 ], [ -5.930825157777863, 37.337219639430366 ], [ -5.930776184310711, 37.337312918526131 ], [ -5.930485579160915, 37.337866739278837 ], [ -5.930173906012835, 37.338460642497289 ], [ -5.930132394169119, 37.338539675065817 ], [ -5.92995448667068, 37.338878718919531 ], [ -5.929790222039681, 37.339191762595043 ], [ -5.929771659956026, 37.33922625094602 ], [ -5.929387767919132, 37.339941466440244 ], [ -5.929125539237878, 37.339851669294049 ], [ -5.928323972312082, 37.339577219342615 ], [ -5.927758465743413, 37.339383431560215 ], [ -5.927305464329157, 37.339228119812262 ], [ -5.926824954956842, 37.33906361157868 ], [ -5.930399957756641, 37.335061402610947 ], [ -5.929130719192975, 37.334605960369657 ], [ -5.927674476236784, 37.333742063361193 ], [ -5.927695201756053, 37.333719438505184 ] ] ], [ [ [ -5.959589687683735, 37.381035339910483 ], [ -5.959545064182016, 37.381426156151257 ], [ -5.958883796973104, 37.381852709770484 ], [ -5.958449784856757, 37.381372490891174 ], [ -5.957082700594204, 37.381276062120349 ], [ -5.957059447805228, 37.381465864468694 ], [ -5.956381282268182, 37.381412982073506 ], [ -5.956323100786824, 37.38185822585023 ], [ -5.955688480695357, 37.381804246394438 ], [ -5.955773203620756, 37.381157881236547 ], [ -5.957085384964789, 37.381248977354097 ], [ -5.957122922362191, 37.380849314967662 ], [ -5.959589687683735, 37.381035339910483 ] ] ], [ [ [ -5.942968564911363, 37.40174427354561 ], [ -5.943260341133452, 37.4015042399053 ], [ -5.943765728060967, 37.400951072914644 ], [ -5.94532790574606, 37.399504358058529 ], [ -5.945424107021205, 37.399798541366621 ], [ -5.945628265999241, 37.400206391215605 ], [ -5.946033121132875, 37.400691851200804 ], [ -5.946717808905625, 37.401590829941732 ], [ -5.946896082665948, 37.401923440534283 ], [ -5.944643174021211, 37.403997979130082 ], [ -5.944041941632593, 37.40353087800036 ], [ -5.943280017685722, 37.402984459240606 ], [ -5.942963667528398, 37.402782815373342 ], [ -5.942848183272068, 37.402752474399868 ], [ -5.942844141655784, 37.40269781270954 ], [ -5.942827749234337, 37.402476103436229 ], [ -5.942828690356754, 37.402203037636561 ], [ -5.942829275573936, 37.40203307362561 ], [ -5.942968564911363, 37.40174427354561 ] ] ], [ [ [ -5.979684769350746, 37.4004953704464 ], [ -5.980189429729778, 37.401473796062923 ], [ -5.980413474366932, 37.401947968784 ], [ -5.980583367060668, 37.402263535939539 ], [ -5.979549070474425, 37.404015133000932 ], [ -5.978684096971293, 37.403764386865646 ], [ -5.97812768103279, 37.403622939555767 ], [ -5.978257914456123, 37.403484524336484 ], [ -5.977350138389257, 37.402932978705529 ], [ -5.977675203344145, 37.402584640756494 ], [ -5.978787665248862, 37.401450583344868 ], [ -5.979271022815955, 37.400915762533167 ], [ -5.979684769350746, 37.4004953704464 ] ] ], [ [ [ -5.970424874787666, 37.410829199563025 ], [ -5.97050503140682, 37.410924028951598 ], [ -5.97016370770598, 37.411223213809357 ], [ -5.969996476929333, 37.411096783762972 ], [ -5.969124503655535, 37.411787708046539 ], [ -5.96911247431234, 37.411778986290393 ], [ -5.968421135212231, 37.412342336908345 ], [ -5.968416490558103, 37.412346121847222 ], [ -5.96788447384175, 37.411924727400141 ], [ -5.968237703943248, 37.411661305718567 ], [ -5.968499733913668, 37.411512817478815 ], [ -5.969101658533964, 37.410927780019826 ], [ -5.969361223948371, 37.410716243377188 ], [ -5.969499326737622, 37.410820908025755 ], [ -5.970935133862147, 37.409608987469795 ], [ -5.971230643245036, 37.410236797982868 ], [ -5.970678458810298, 37.410685384635002 ], [ -5.970632875929487, 37.410648258433241 ], [ -5.970424874787666, 37.410829199563025 ] ] ] ] } },
{ "type": "Feature", "properties": { "viviendas": 7332, "n_flats": 115, "n_rooms": 19, "n_all": 134, "ratio_flats": 1.5684669939989089, "ratio_rooms": 0.2591380250954719, "ratio": 1.8276050190943809, "mean_price": 267.88983050847457, "mean_revenue": 947.83827683615823, "profit": 322.37779863053095, "net_profit": 1.0, "ingresos_medios": 14679.987965876677 }, "geometry": { "type": "MultiPolygon", "coordinates": [ [ [ [ -5.977094113512432, 37.365796084501874 ], [ -5.977377720287993, 37.366668421149541 ], [ -5.976316252256145, 37.366808712381484 ], [ -5.976606204663777, 37.368098343204373 ], [ -5.97622574989522, 37.368146070608901 ], [ -5.976279521364426, 37.368297297104853 ], [ -5.976352128258161, 37.368924862503135 ], [ -5.976757213486029, 37.368895586995222 ], [ -5.976760980845505, 37.368990854388514 ], [ -5.977119798887382, 37.370812780090759 ], [ -5.977334660646848, 37.370807366670803 ], [ -5.977011977584758, 37.371711906976309 ], [ -5.977299969222614, 37.371742795888899 ], [ -5.977391947725027, 37.372284699062902 ], [ -5.976554065346602, 37.372382818210404 ], [ -5.975459220612115, 37.366941039082043 ], [ -5.975391598832776, 37.366627374567102 ], [ -5.975239114319562, 37.366169447952515 ], [ -5.976207196234226, 37.36597387111987 ], [ -5.977071401856702, 37.365801139459187 ], [ -5.977094113512432, 37.365796084501874 ] ] ], [ [ [ -5.994071518406254, 37.374632277069644 ], [ -5.994177156013179, 37.374537262438885 ], [ -5.994283395933485, 37.37449402895718 ], [ -5.994367542079024, 37.374480638795227 ], [ -5.994519724883169, 37.374492560670681 ], [ -5.994658213677352, 37.374554341716738 ], [ -5.994734203628298, 37.374628996870868 ], [ -5.994785927829478, 37.374767342938547 ], [ -5.994806371352071, 37.374766824801732 ], [ -5.994845094049431, 37.37493707347614 ], [ -5.994892073154324, 37.375032745741855 ], [ -5.994992581566017, 37.375115802479584 ], [ -5.995823278038344, 37.37564663572865 ], [ -5.995931756380251, 37.375659644872101 ], [ -5.996036406712319, 37.375580413156761 ], [ -5.996145034954049, 37.375383953634071 ], [ -5.996782766211497, 37.375374522179754 ], [ -5.997553330285611, 37.375348247682282 ], [ -5.997521100943247, 37.37471157345459 ], [ -5.998194324519751, 37.374680938654421 ], [ -5.998282204636635, 37.376751145962992 ], [ -5.995845078099136, 37.376810693583877 ], [ -5.995811268225419, 37.377021011846416 ], [ -5.995974932555644, 37.377600305874992 ], [ -5.996082546962938, 37.378061588208482 ], [ -5.996260348457954, 37.378606747935883 ], [ -5.996484964025537, 37.379107876580271 ], [ -5.995349147512935, 37.379528614495818 ], [ -5.99507135140589, 37.379197790072098 ], [ -5.994445382745177, 37.378301300039148 ], [ -5.993519548870556, 37.376527171401804 ], [ -5.99303865505251, 37.375247875678618 ], [ -5.992986934744145, 37.375110266669282 ], [ -5.994037787624045, 37.37486966888455 ], [ -5.994023705190241, 37.374755134317127 ], [ -5.994071518406254, 37.374632277069644 ] ] ], [ [ [ -6.002763478161453, 37.384861622169332 ], [ -6.002840264448929, 37.384668181723207 ], [ -6.002779264084221, 37.384541333304369 ], [ -6.002671299828855, 37.384413448276632 ], [ -6.003149253381473, 37.383581331148775 ], [ -6.002788943625097, 37.383457586603861 ], [ -6.002322299836571, 37.383244199098904 ], [ -6.00269829590624, 37.382732331226158 ], [ -6.003194088801357, 37.38287062750414 ], [ -6.004360398428806, 37.383190157519749 ], [ -6.00460929007909, 37.383312247003573 ], [ -6.004901020265102, 37.383509790280392 ], [ -6.00513419494599, 37.38371559719225 ], [ -6.004413561289304, 37.384186685833775 ], [ -6.004255098348949, 37.384314593325371 ], [ -6.003716034348007, 37.384821662485514 ], [ -6.003463226474779, 37.385100620092736 ], [ -6.003475165504026, 37.385165642273087 ], [ -6.003454410012922, 37.385215718077937 ], [ -6.003392660557952, 37.385273624518682 ], [ -6.003170570474941, 37.385380630609163 ], [ -6.002865939679265, 37.385784841829839 ], [ -6.002454961189103, 37.386248051107593 ], [ -6.002448694260508, 37.386250463006533 ], [ -6.001286090383106, 37.385293347475198 ], [ -6.001847107422101, 37.384601072387767 ], [ -6.001900940660231, 37.384637994141677 ], [ -6.002052993446955, 37.384694957510249 ], [ -6.002763478161453, 37.384861622169332 ] ] ], [ [ [ -5.981233725205459, 37.395119911187074 ], [ -5.981975643309554, 37.394119029734007 ], [ -5.982273851391835, 37.393688036659775 ], [ -5.982488854195951, 37.393533899099879 ], [ -5.983072357315399, 37.392971806683605 ], [ -5.983119124621862, 37.392891811911255 ], [ -5.983602130256189, 37.392965186830239 ], [ -5.983995948960361, 37.393065635721527 ], [ -5.983818741489649, 37.393727875041698 ], [ -5.983636556321226, 37.394219055608986 ], [ -5.981801875338721, 37.396756711670477 ], [ -5.981532769112357, 37.397148674158323 ], [ -5.981459998297914, 37.397299208981281 ], [ -5.981453367201171, 37.397443534169831 ], [ -5.981209641269671, 37.397575828697541 ], [ -5.979795954337506, 37.398435941088053 ], [ -5.979672673918717, 37.39853589377455 ], [ -5.979560941397004, 37.398450890049205 ], [ -5.978399009496889, 37.396781730588756 ], [ -5.978390360735171, 37.396768388573733 ], [ -5.981198136921974, 37.395170316178856 ], [ -5.981233725205459, 37.395119911187074 ] ] ], [ [ [ -5.983893766773613, 37.398783068281844 ], [ -5.983877891649995, 37.398459093405968 ], [ -5.984212518989453, 37.397801920818686 ], [ -5.984394181289084, 37.39788290086436 ], [ -5.985224524269095, 37.398125479655491 ], [ -5.985232934414014, 37.398141026656219 ], [ -5.985382348750437, 37.398416597208652 ], [ -5.98533367515717, 37.398638564073607 ], [ -5.985552355296853, 37.398639815537756 ], [ -5.985574974555891, 37.398724848077741 ], [ -5.985418367066545, 37.399546490401562 ], [ -5.986643744344166, 37.399686717517376 ], [ -5.986631666610465, 37.40020513949365 ], [ -5.986654655396438, 37.400709128385543 ], [ -5.985893150246262, 37.400640551178903 ], [ -5.985807974273937, 37.400372323409627 ], [ -5.985419159874176, 37.400206487660121 ], [ -5.985069061352514, 37.400032866618879 ], [ -5.984680025738396, 37.400286001021961 ], [ -5.984425462259744, 37.400051373866312 ], [ -5.984097548658802, 37.399877207446288 ], [ -5.983393725374095, 37.399550342387997 ], [ -5.983893766773613, 37.398783068281844 ] ] ], [ [ [ -5.980583367060668, 37.402263535939539 ], [ -5.981040860879377, 37.403177799810216 ], [ -5.981056201508658, 37.403213490197096 ], [ -5.981051150712065, 37.403285678957566 ], [ -5.980984881114715, 37.403523900901305 ], [ -5.980223767832711, 37.405070391093986 ], [ -5.980166379626173, 37.405092080285556 ], [ -5.979286157928978, 37.406778950435154 ], [ -5.978855904762451, 37.406627555382528 ], [ -5.97899777225208, 37.406484345158198 ], [ -5.979050823203107, 37.406397440002657 ], [ -5.97938778517936, 37.405740180941805 ], [ -5.978500767417048, 37.405694981768065 ], [ -5.978767136031239, 37.405210678558653 ], [ -5.979038187071774, 37.404715070945656 ], [ -5.979144937975843, 37.404750634200951 ], [ -5.979549070474425, 37.404015133000932 ], [ -5.980583367060668, 37.402263535939539 ] ] ], [ [ [ -5.96692522130499, 37.318202153747556 ], [ -5.966861326163659, 37.317488529685505 ], [ -5.965983204909151, 37.317710942709773 ], [ -5.965996254988727, 37.317691237769594 ], [ -5.966639735141015, 37.316719496344177 ], [ -5.967483703767597, 37.315229654736697 ], [ -5.96903186485682, 37.313001182907648 ], [ -5.969214323175075, 37.313050687761049 ], [ -5.969709185644581, 37.313198051557762 ], [ -5.969072849403828, 37.316177719728664 ], [ -5.96896098734742, 37.316815795022791 ], [ -5.968863569645567, 37.317714791134641 ], [ -5.968685722903641, 37.320278240673403 ], [ -5.967150918499971, 37.320258203468114 ], [ -5.967149938501218, 37.32024683131241 ], [ -5.967124429258121, 37.320247471527352 ], [ -5.967041616625597, 37.31949140905121 ], [ -5.966955857638304, 37.31852562114387 ], [ -5.96692522130499, 37.318202153747556 ] ] ], [ [ [ -5.935204248694157, 37.338040422250849 ], [ -5.932464924407244, 37.337808246518911 ], [ -5.932439480439347, 37.337806089790497 ], [ -5.930825157777863, 37.337219639430366 ], [ -5.930854545546077, 37.337163495441317 ], [ -5.930901866101673, 37.33707339304663 ], [ -5.931257910979195, 37.336492687818961 ], [ -5.931783803481657, 37.335609043175346 ], [ -5.932514520307546, 37.335887367078399 ], [ -5.93265520559124, 37.335936379078362 ], [ -5.932663527590893, 37.335878157671239 ], [ -5.93271623145823, 37.335520026303364 ], [ -5.93272221780369, 37.335463003600218 ], [ -5.932766079750389, 37.335040435671942 ], [ -5.932818535841281, 37.334684193638559 ], [ -5.932853066776572, 37.334448993774465 ], [ -5.932904904337084, 37.334019858173541 ], [ -5.934174773897146, 37.334121708192747 ], [ -5.935152222183782, 37.334200113073287 ], [ -5.935662292334959, 37.334240949446645 ], [ -5.935713308980733, 37.333838666437963 ], [ -5.935953816276404, 37.331943609435747 ], [ -5.936551932017834, 37.332392401288772 ], [ -5.937174472254264, 37.333044484083103 ], [ -5.937372747120406, 37.333535450448274 ], [ -5.937518050289215, 37.334199388669916 ], [ -5.937545850285963, 37.335219093631622 ], [ -5.937585583242256, 37.336238501901207 ], [ -5.937626529129816, 37.336676158775454 ], [ -5.937703318612401, 37.336807760156823 ], [ -5.937982902333842, 37.337239485999085 ], [ -5.937985442912614, 37.33724895984097 ], [ -5.93806675009353, 37.337552103601567 ], [ -5.938232499504322, 37.338740033856325 ], [ -5.938508489708766, 37.340422358126617 ], [ -5.936075183105832, 37.340252484597194 ], [ -5.935926055360881, 37.340274451673928 ], [ -5.935424527263242, 37.340229895388262 ], [ -5.934859862211825, 37.34014585695224 ], [ -5.934862556932662, 37.33994251988107 ], [ -5.934932301466999, 37.339854553416693 ], [ -5.934907638744326, 37.339845874770752 ], [ -5.935204248694157, 37.338040422250849 ] ] ], [ [ [ -5.95426811465672, 37.380735973240959 ], [ -5.95429779322137, 37.380624844130026 ], [ -5.955724939609383, 37.380737828898866 ], [ -5.955680843439034, 37.381097134958189 ], [ -5.9556395130589, 37.381276112442798 ], [ -5.955686587704957, 37.381279441128406 ], [ -5.955671706995527, 37.38139466517292 ], [ -5.955102991398883, 37.381348098623548 ], [ -5.955050870792377, 37.381759366070263 ], [ -5.953944909367194, 37.381667631669337 ], [ -5.954065512874744, 37.380851405883462 ], [ -5.954176240488273, 37.380823855484209 ], [ -5.95423258132298, 37.380788663126047 ], [ -5.95426811465672, 37.380735973240959 ] ] ], [ [ [ -5.976318064625442, 37.38800389964382 ], [ -5.976319168763349, 37.387916015594136 ], [ -5.976158685094232, 37.387877279453868 ], [ -5.975885442358334, 37.387861593189626 ], [ -5.975037065607413, 37.387882951470104 ], [ -5.974908558166715, 37.387904251759444 ], [ -5.973731246831594, 37.387933878931406 ], [ -5.97373959540869, 37.388032743319393 ], [ -5.973644010373942, 37.388940694267887 ], [ -5.972813786447774, 37.388279061047335 ], [ -5.972619379222443, 37.388083436314041 ], [ -5.972437835231542, 37.387306354412566 ], [ -5.972901336170858, 37.387301467746383 ], [ -5.973694980459726, 37.387247712667566 ], [ -5.974901436920285, 37.387188068582937 ], [ -5.974913573447538, 37.387187624232453 ], [ -5.97686997731016, 37.387115990269216 ], [ -5.977605711492828, 37.387133494885987 ], [ -5.978365595278783, 37.387215697773989 ], [ -5.97964146395587, 37.38756877244154 ], [ -5.979528839890337, 37.388281143403269 ], [ -5.979511312885811, 37.388590197040095 ], [ -5.979630131517733, 37.388776425182336 ], [ -5.979611441840333, 37.388869271503211 ], [ -5.97880285397031, 37.389331133959104 ], [ -5.977799785411726, 37.389613208681773 ], [ -5.977522623168189, 37.388439836802526 ], [ -5.97725572639296, 37.38859749414253 ], [ -5.97686959873329, 37.388904556002956 ], [ -5.976343009331711, 37.388492065757212 ], [ -5.976197484327605, 37.388398885546913 ], [ -5.976318064625442, 37.38800389964382 ] ] ], [ [ [ -5.947327252027762, 37.404059474916274 ], [ -5.947295629715979, 37.404161627512998 ], [ -5.947209499485626, 37.404247131280449 ], [ -5.947148054303796, 37.404295977403109 ], [ -5.946992521771378, 37.404376436408882 ], [ -5.946486752829161, 37.40450392130581 ], [ -5.946119416084384, 37.404664008844648 ], [ -5.945983291026573, 37.404766481270158 ], [ -5.945867712364174, 37.404942823318294 ], [ -5.945862176721252, 37.405287634606459 ], [ -5.946034153098792, 37.405722577919256 ], [ -5.946128574221389, 37.405916202374833 ], [ -5.946147370339972, 37.406044129251178 ], [ -5.946116668250981, 37.406198095141939 ], [ -5.946064730926283, 37.40631428267951 ], [ -5.945264519378522, 37.407363675998006 ], [ -5.945207120087052, 37.407507030448251 ], [ -5.945200477895533, 37.407667114602283 ], [ -5.945339260383765, 37.408253851899985 ], [ -5.945318162170045, 37.408468363154583 ], [ -5.945282981894513, 37.408557078944114 ], [ -5.945228667635866, 37.40864409480681 ], [ -5.945149316095843, 37.408713610827427 ], [ -5.945260854113398, 37.409046462665117 ], [ -5.942474641390641, 37.409609204067529 ], [ -5.941307436734919, 37.406304355766679 ], [ -5.942408868870515, 37.40605618210688 ], [ -5.942103768976285, 37.405180757777543 ], [ -5.942806178795339, 37.40532547756176 ], [ -5.94301369309995, 37.405338299563915 ], [ -5.943196366723151, 37.405329249461609 ], [ -5.943374534700766, 37.405295564435825 ], [ -5.944947446963204, 37.404895948361769 ], [ -5.945254517180578, 37.404728360822453 ], [ -5.945285714158903, 37.404583388028968 ], [ -5.945166472684035, 37.404390399616467 ], [ -5.944643174021211, 37.403997979130082 ], [ -5.946896082665948, 37.401923440534283 ], [ -5.947323381325433, 37.402928723308321 ], [ -5.947719090583476, 37.403930309637637 ], [ -5.947327252027762, 37.404059474916274 ] ] ], [ [ [ -5.970424874787666, 37.410829199563025 ], [ -5.970632875929487, 37.410648258433241 ], [ -5.970678458810298, 37.410685384635002 ], [ -5.971230643245036, 37.410236797982868 ], [ -5.971517801286558, 37.410844498792898 ], [ -5.971431248436255, 37.41095032685444 ], [ -5.9703867933032, 37.412551136765323 ], [ -5.970266428768102, 37.412698337652294 ], [ -5.969124503655535, 37.411787708046539 ], [ -5.969996476929333, 37.411096783762972 ], [ -5.97016370770598, 37.411223213809357 ], [ -5.97050503140682, 37.410924028951598 ], [ -5.970424874787666, 37.410829199563025 ] ] ] ] } },
{ "type": "Feature", "properties": { "viviendas": 7242, "n_flats": 96, "n_rooms": 20, "n_all": 116, "ratio_flats": 1.3256006628003314, "ratio_rooms": 0.27616680475006905, "ratio": 1.6017674675504003, "mean_price": 169.77272727272728, "mean_revenue": 1069.5992424242424, "profit": 422.58637735668935, "net_profit": 1.0, "ingresos_medios": 13071.690483347202 }, "geometry": { "type": "MultiPolygon", "coordinates": [ [ [ [ -5.98299681802413, 37.345177739864056 ], [ -5.982786316371898, 37.344969060974954 ], [ -5.982799045275267, 37.344948461275649 ], [ -5.982389552770834, 37.344555563254275 ], [ -5.979600361356652, 37.341566813974978 ], [ -5.979333410249414, 37.341352801550116 ], [ -5.978598307244541, 37.34092079749238 ], [ -5.978506956152454, 37.340768810710628 ], [ -5.977296160899874, 37.340500490427004 ], [ -5.976099358422467, 37.34027767676416 ], [ -5.975175562178697, 37.340149159475175 ], [ -5.974083681136346, 37.340176628308257 ], [ -5.973879338045137, 37.339814999889128 ], [ -5.973567715329581, 37.339544598902684 ], [ -5.97311865744537, 37.33940412517191 ], [ -5.972026675002232, 37.339026867935409 ], [ -5.971123098101232, 37.338606924458013 ], [ -5.970919769838789, 37.338270558892326 ], [ -5.970581783784886, 37.337330510839649 ], [ -5.970361489036596, 37.336652650035333 ], [ -5.970230236476755, 37.336682510765087 ], [ -5.969980658432805, 37.336135283021932 ], [ -5.969430947963781, 37.33449334619673 ], [ -5.968916152696581, 37.333121646561835 ], [ -5.968570393056192, 37.332198493241521 ], [ -5.968441906629042, 37.331855435034072 ], [ -5.96827369803025, 37.331278693110235 ], [ -5.968181220176836, 37.330777512569185 ], [ -5.968151977621958, 37.330342523576626 ], [ -5.96818371585202, 37.329926989347605 ], [ -5.968306377255873, 37.329947101176785 ], [ -5.968461267125903, 37.329927394471341 ], [ -5.968720779294642, 37.329715899496627 ], [ -5.968847625435918, 37.329613178140491 ], [ -5.969053771091673, 37.329446237115569 ], [ -5.969217141086347, 37.329090760704013 ], [ -5.969426337066118, 37.328425439932325 ], [ -5.970226757933533, 37.328565293196277 ], [ -5.970341520169099, 37.328588728124913 ], [ -5.972014479992867, 37.328930342473029 ], [ -5.972066509280758, 37.323646617085309 ], [ -5.971278193034595, 37.321472349136556 ], [ -5.97051299758262, 37.321680816453451 ], [ -5.970212138717775, 37.321001304688558 ], [ -5.968611529674622, 37.321419942310783 ], [ -5.968685722903641, 37.320278240673403 ], [ -5.968863569645567, 37.317714791134641 ], [ -5.96896098734742, 37.316815795022791 ], [ -5.969072849403828, 37.316177719728664 ], [ -5.969709185644581, 37.313198051557762 ], [ -5.969967695559648, 37.31327504784413 ], [ -5.971853054835774, 37.313597129437696 ], [ -5.971939953283557, 37.313617309733331 ], [ -5.973185135681259, 37.313906036981585 ], [ -5.973458816507684, 37.313980241739536 ], [ -5.97597611884853, 37.314592748423934 ], [ -5.977951399735844, 37.314903467169835 ], [ -5.979084106183794, 37.315019077305955 ], [ -5.979883694018367, 37.315269244257578 ], [ -5.98281322012267, 37.316033368908485 ], [ -5.984119298306729, 37.316252720281739 ], [ -5.985554360366575, 37.316594943133282 ], [ -5.987744829863637, 37.316927076711607 ], [ -5.988532129688349, 37.317150477007303 ], [ -5.991194026166108, 37.317704878539288 ], [ -5.992805868916197, 37.317952454203784 ], [ -5.993256020454487, 37.318086067506655 ], [ -5.993041843982275, 37.318417285597803 ], [ -5.992813475346621, 37.318805993778057 ], [ -5.992419994523966, 37.319557083440053 ], [ -5.992185152122836, 37.320067618062765 ], [ -5.99197268885898, 37.320582105623863 ], [ -5.991607991711382, 37.32160498716194 ], [ -5.99129105453915, 37.32261541478028 ], [ -5.990979775096482, 37.323808192199124 ], [ -5.990913161735659, 37.32415226270377 ], [ -5.990842059378561, 37.324674413532271 ], [ -5.990805137149017, 37.325197952244437 ], [ -5.990799714367056, 37.32554953478985 ], [ -5.990834575984416, 37.326246971464805 ], [ -5.990975445101927, 37.327288595664868 ], [ -5.991154797796321, 37.328151301578316 ], [ -5.991305686652638, 37.328719669911393 ], [ -5.991481319518259, 37.329285127604891 ], [ -5.991681347967463, 37.32984323209574 ], [ -5.991905859800586, 37.330396212066965 ], [ -5.992757547350843, 37.332230820898296 ], [ -5.99446406137316, 37.336208514442504 ], [ -5.993445265834342, 37.34815519462316 ], [ -5.993404938512462, 37.350280445531212 ], [ -5.992327418504038, 37.350235624495348 ], [ -5.990273217265401, 37.350186212878178 ], [ -5.990187525452605, 37.350240217255845 ], [ -5.990034338747008, 37.350455805640593 ], [ -5.98870052969712, 37.351703695585499 ], [ -5.988696511691648, 37.351705549759153 ], [ -5.988112318174437, 37.350776974455407 ], [ -5.98754109798597, 37.349975971242507 ], [ -5.987374057526336, 37.349779695980168 ], [ -5.98299681802413, 37.345177739864056 ] ] ], [ [ [ -5.973933121638239, 37.367315073519237 ], [ -5.973628405504716, 37.367169538119946 ], [ -5.973549523596817, 37.367115260555103 ], [ -5.973470474649493, 37.367033856977578 ], [ -5.973492010951313, 37.366967989678891 ], [ -5.973379971897857, 37.366412184608691 ], [ -5.975239114319562, 37.366169447952515 ], [ -5.975391598832776, 37.366627374567102 ], [ -5.975459220612115, 37.366941039082043 ], [ -5.976554065346602, 37.372382818210404 ], [ -5.975604235678186, 37.372492340338297 ], [ -5.975319562509632, 37.371082591849735 ], [ -5.975262436166946, 37.370980431277637 ], [ -5.974913946145368, 37.370468816300765 ], [ -5.974547022025234, 37.369978018340113 ], [ -5.974454366489335, 37.369824896313396 ], [ -5.974410008269969, 37.369715661309058 ], [ -5.973933121638239, 37.367315073519237 ] ] ], [ [ [ -5.994494122962751, 37.37267758534761 ], [ -5.994619230915666, 37.372491968279029 ], [ -5.994817528305963, 37.372297703077741 ], [ -5.995276880730042, 37.372563126060072 ], [ -5.995367507398103, 37.37474812418035 ], [ -5.994806371352071, 37.374766824801732 ], [ -5.994785927829478, 37.374767342938547 ], [ -5.994734203628298, 37.374628996870868 ], [ -5.994658213677352, 37.374554341716738 ], [ -5.994519724883169, 37.374492560670681 ], [ -5.994367542079024, 37.374480638795227 ], [ -5.994281975217501, 37.373615516607749 ], [ -5.994284752657728, 37.373342912646173 ], [ -5.994331672321047, 37.373107439179961 ], [ -5.994494122962751, 37.37267758534761 ] ] ], [ [ [ -6.004481710900919, 37.38152240261423 ], [ -6.005230411088197, 37.380994276780783 ], [ -6.005915171488218, 37.381632365646446 ], [ -6.005193448147377, 37.382123768322778 ], [ -6.005609078986677, 37.382590751388832 ], [ -6.005417012848403, 37.382717279655246 ], [ -6.005869014350332, 37.38321937786305 ], [ -6.00513419494599, 37.38371559719225 ], [ -6.004901020265102, 37.383509790280392 ], [ -6.00460929007909, 37.383312247003573 ], [ -6.004360398428806, 37.383190157519749 ], [ -6.003194088801357, 37.38287062750414 ], [ -6.003880816179769, 37.382118842614084 ], [ -6.004211108863248, 37.381761276533808 ], [ -6.004481710900919, 37.38152240261423 ] ] ], [ [ [ -6.001236640443056, 37.393487294073211 ], [ -6.00125715111841, 37.393320120938363 ], [ -6.001541509611102, 37.393348904745515 ], [ -6.002268294348966, 37.393276391294044 ], [ -6.002268015195653, 37.393283996089274 ], [ -6.002241752553729, 37.394000157511279 ], [ -6.002084603158982, 37.393992855333828 ], [ -6.00218505136592, 37.395303608319104 ], [ -6.002255115000087, 37.395317588178038 ], [ -6.002012198737468, 37.395760784752497 ], [ -6.001026875326432, 37.395589797620524 ], [ -6.000234403107877, 37.395483773479192 ], [ -6.00046305043286, 37.394385481390678 ], [ -6.001043351333224, 37.39447659148891 ], [ -6.001170018145954, 37.393576823245489 ], [ -6.001236640443056, 37.393487294073211 ] ] ], [ [ [ -5.979348078126524, 37.398800874341852 ], [ -5.977483334896276, 37.399827800547122 ], [ -5.977463239771433, 37.399837294196999 ], [ -5.975927476613166, 37.397706706408265 ], [ -5.978399009496889, 37.396781730588756 ], [ -5.979560941397004, 37.398450890049205 ], [ -5.979672673918717, 37.39853589377455 ], [ -5.979348078126524, 37.398800874341852 ] ] ], [ [ [ -5.9805347952201, 37.405170626889692 ], [ -5.981253107403265, 37.405179543494071 ], [ -5.981547803517283, 37.405165373119068 ], [ -5.981599318655001, 37.405578516672755 ], [ -5.981618691142697, 37.405733439615389 ], [ -5.981717824203158, 37.406057601830369 ], [ -5.982049218858789, 37.40651103265666 ], [ -5.982701595978964, 37.407264939973224 ], [ -5.982252967460494, 37.407255998557801 ], [ -5.980739694304298, 37.407325679755516 ], [ -5.978930344411964, 37.407393853675572 ], [ -5.979085621635562, 37.407155695763059 ], [ -5.979286157928978, 37.406778950435154 ], [ -5.980166379626173, 37.405092080285556 ], [ -5.980386417959735, 37.405154091278767 ], [ -5.9805347952201, 37.405170626889692 ] ] ], [ [ [ -5.932089286886695, 37.333889815879495 ], [ -5.932032119173265, 37.333873977296278 ], [ -5.93194545152961, 37.333850108279449 ], [ -5.93176777287553, 37.333793519258094 ], [ -5.931616866209335, 37.333743173693989 ], [ -5.931431730316296, 37.333669500841275 ], [ -5.931326969982996, 37.333624318997366 ], [ -5.931292182949097, 37.333609313631676 ], [ -5.9312640497059, 37.333597220444858 ], [ -5.931145244431415, 37.333536184422613 ], [ -5.931098297162589, 37.333512122824921 ], [ -5.930974833359796, 37.333436330747247 ], [ -5.930935157710129, 37.333412088789174 ], [ -5.930782962491255, 37.333310692881355 ], [ -5.930632822609968, 37.333214521625152 ], [ -5.930452405789358, 37.333074349593332 ], [ -5.930284405021728, 37.332948029040232 ], [ -5.930144574037699, 37.332834013454679 ], [ -5.930021684636534, 37.332741563187085 ], [ -5.92985997781774, 37.332624714016369 ], [ -5.929818632244569, 37.332594939886242 ], [ -5.929645615415028, 37.332498928812569 ], [ -5.929568872814133, 37.332456835525839 ], [ -5.929450716295868, 37.332380761581391 ], [ -5.929096419393495, 37.332176227682062 ], [ -5.928653385971731, 37.331885178102922 ], [ -5.927799064327709, 37.331445268875271 ], [ -5.927074803169549, 37.331132770482242 ], [ -5.926046849878122, 37.330681778451151 ], [ -5.9262148365448, 37.33054698374476 ], [ -5.926124514495735, 37.330203415927635 ], [ -5.926041423223274, 37.329798192912207 ], [ -5.926230124414494, 37.329701308406655 ], [ -5.926407126313649, 37.329550920593931 ], [ -5.926591653831731, 37.32934655540209 ], [ -5.926858830727218, 37.329040244680783 ], [ -5.927055057096462, 37.328889379970427 ], [ -5.927335420296548, 37.32867495635297 ], [ -5.927654238384033, 37.328459578871637 ], [ -5.927868794303422, 37.328285206621068 ], [ -5.928440616682304, 37.327894501246575 ], [ -5.929383483484255, 37.327394701501653 ], [ -5.930364793124024, 37.326893941521504 ], [ -5.930812809850313, 37.326649899521847 ], [ -5.930836306271586, 37.326686636987048 ], [ -5.930907171644929, 37.326797435639421 ], [ -5.931061594494811, 37.327083514672552 ], [ -5.931365405870524, 37.327526101965759 ], [ -5.931588124535732, 37.327848632084951 ], [ -5.931826970583523, 37.328094471095412 ], [ -5.932237022858483, 37.3283208043337 ], [ -5.932708256297644, 37.328400664652648 ], [ -5.933087955824995, 37.32833784044449 ], [ -5.933521956112033, 37.328197376944658 ], [ -5.934264339036487, 37.328125548655301 ], [ -5.934265177251046, 37.328392547782627 ], [ -5.934269228303278, 37.328987519754222 ], [ -5.934499184797185, 37.329004699166475 ], [ -5.93494119757702, 37.32907001783061 ], [ -5.935297309876664, 37.329137467735286 ], [ -5.935711581015085, 37.329226359657909 ], [ -5.93606621033623, 37.329255697842498 ], [ -5.936524048254894, 37.329236696576977 ], [ -5.937256595475599, 37.329157465129938 ], [ -5.93745554469637, 37.329114375628983 ], [ -5.937820648648799, 37.328922204181687 ], [ -5.938441408342224, 37.328426140856045 ], [ -5.939210956445467, 37.327981935595872 ], [ -5.939514507876255, 37.328272135352911 ], [ -5.939184362791078, 37.328500626592096 ], [ -5.938998951653366, 37.328789923249026 ], [ -5.938338966349364, 37.329321295471814 ], [ -5.937128994592358, 37.330142885812769 ], [ -5.936269870317035, 37.330774558938188 ], [ -5.935999487070217, 37.331191340180759 ], [ -5.935870373384939, 37.331703686780067 ], [ -5.935979819460663, 37.3317387165337 ], [ -5.935953816276404, 37.331943609435747 ], [ -5.935713308980733, 37.333838666437963 ], [ -5.935662292334959, 37.334240949446645 ], [ -5.935152222183782, 37.334200113073287 ], [ -5.934174773897146, 37.334121708192747 ], [ -5.932904904337084, 37.334019858173541 ], [ -5.932601802480064, 37.333990691443375 ], [ -5.932382505539356, 37.333960384009096 ], [ -5.932151428310998, 37.33390700342656 ], [ -5.932089286886695, 37.333889815879495 ] ] ], [ [ [ -5.94351589741769, 37.352384433363731 ], [ -5.949074212982701, 37.345875498761771 ], [ -5.949278906548065, 37.345627118072741 ], [ -5.950165417823077, 37.344055180711777 ], [ -5.950471271981875, 37.343506912929129 ], [ -5.953220852655033, 37.339365515603056 ], [ -5.955160576468582, 37.336740012250985 ], [ -5.955405750379239, 37.336661805942384 ], [ -5.955821459424063, 37.336327059119434 ], [ -5.957174902027534, 37.334869549745179 ], [ -5.957353514703438, 37.33424334172723 ], [ -5.957368583138335, 37.333477067958249 ], [ -5.957411499322474, 37.332845306005375 ], [ -5.957642526551783, 37.331830319773438 ], [ -5.95834373108043, 37.329569150989926 ], [ -5.958686794429444, 37.328821703187096 ], [ -5.958909725626684, 37.328464714329428 ], [ -5.960593686444065, 37.326233029487888 ], [ -5.963339019670527, 37.323929894696185 ], [ -5.963844806779015, 37.324134728826238 ], [ -5.963882061861094, 37.324149816776377 ], [ -5.963863071466617, 37.324152230181738 ], [ -5.963915796767064, 37.324200326692399 ], [ -5.963952780957746, 37.324212942562589 ], [ -5.964234403785976, 37.324288598138743 ], [ -5.964228194668993, 37.325221950369624 ], [ -5.964220463182795, 37.326568045769015 ], [ -5.964194738995542, 37.328999058247064 ], [ -5.964194764298816, 37.329022974742109 ], [ -5.964197428531087, 37.33153586861544 ], [ -5.964275917483429, 37.332298835630887 ], [ -5.964401015354649, 37.333322068490382 ], [ -5.964555943319052, 37.333870099699027 ], [ -5.964764654159861, 37.334552338751429 ], [ -5.965131998347482, 37.335259649669389 ], [ -5.96542470496959, 37.335610569834472 ], [ -5.96586507024884, 37.336015881882226 ], [ -5.966364111551449, 37.336371306160714 ], [ -5.966894553690676, 37.336600065171105 ], [ -5.967447705080906, 37.336789521871694 ], [ -5.967997052944358, 37.3368822443121 ], [ -5.968580842451965, 37.336925685670565 ], [ -5.969052934762301, 37.336904149519796 ], [ -5.969475424053394, 37.336854809815442 ], [ -5.970148510877029, 37.336702345990055 ], [ -5.970179300143014, 37.33670556949199 ], [ -5.970968992827689, 37.338731719466644 ], [ -5.972585344718258, 37.341484331311243 ], [ -5.97406009980336, 37.343873333762637 ], [ -5.974317989941614, 37.344300136214599 ], [ -5.975521212107993, 37.346291366800877 ], [ -5.97556676833142, 37.34636675022746 ], [ -5.974414351570024, 37.346639645793246 ], [ -5.974652090252606, 37.347215377998339 ], [ -5.971282736585083, 37.348101178787772 ], [ -5.971256899495799, 37.348161935810133 ], [ -5.971191404074345, 37.348208373435959 ], [ -5.970044399163906, 37.348504218678805 ], [ -5.968919766404301, 37.346033958291827 ], [ -5.967665756085536, 37.343309451302957 ], [ -5.963553873603276, 37.347179471087244 ], [ -5.962320539021391, 37.348621766811704 ], [ -5.95948404771005, 37.353346558100128 ], [ -5.958400779091191, 37.355220747578372 ], [ -5.958348912778895, 37.355310481320494 ], [ -5.957461032675928, 37.354656294049299 ], [ -5.954842016094974, 37.357190656516977 ], [ -5.953709455715444, 37.358219136173645 ], [ -5.943874519732711, 37.353236000688739 ], [ -5.943214548083704, 37.352826446207089 ], [ -5.943345003563211, 37.352631999730399 ], [ -5.94351589741769, 37.352384433363731 ] ] ], [ [ [ -5.954356345998785, 37.380098546191277 ], [ -5.954600373467239, 37.380103682587283 ], [ -5.95471953388574, 37.380087215713388 ], [ -5.954823343966162, 37.380053048166822 ], [ -5.95643193032423, 37.379156864016913 ], [ -5.957208269658049, 37.380051980288414 ], [ -5.957255645480187, 37.379730923056243 ], [ -5.960363388588578, 37.379977535029553 ], [ -5.960214678776738, 37.381042257125678 ], [ -5.960209350171188, 37.381089668661033 ], [ -5.959589687683735, 37.381035339910483 ], [ -5.957122922362191, 37.380849314967662 ], [ -5.955724939609383, 37.380737828898866 ], [ -5.95429779322137, 37.380624844130026 ], [ -5.954356345998785, 37.380098546191277 ] ] ], [ [ [ -5.9716024067536, 37.379873468572235 ], [ -5.971296947251425, 37.379527468299727 ], [ -5.972233744453272, 37.379003861028281 ], [ -5.974465572376144, 37.377738077742166 ], [ -5.974878034020631, 37.377817770669509 ], [ -5.974198790547058, 37.379898269686613 ], [ -5.973479253486601, 37.382108163333037 ], [ -5.973403201582816, 37.382389405885093 ], [ -5.973232536465336, 37.382853240979209 ], [ -5.971474531157515, 37.382521259495157 ], [ -5.971688661266628, 37.380718274864023 ], [ -5.971733798599963, 37.380181030168579 ], [ -5.971688110664031, 37.380033461368704 ], [ -5.9716024067536, 37.379873468572235 ] ] ], [ [ [ -5.9491135308305, 37.407087473458951 ], [ -5.949306953141206, 37.407361976610538 ], [ -5.949420885244111, 37.40747175531078 ], [ -5.949974633902051, 37.407883693226374 ], [ -5.949050307483408, 37.40811176388285 ], [ -5.948482692374184, 37.408292575057885 ], [ -5.946564160771736, 37.408768453210229 ], [ -5.945260854113398, 37.409046462665117 ], [ -5.945149316095843, 37.408713610827427 ], [ -5.945228667635866, 37.40864409480681 ], [ -5.945282981894513, 37.408557078944114 ], [ -5.945318162170045, 37.408468363154583 ], [ -5.945339260383765, 37.408253851899985 ], [ -5.945200477895533, 37.407667114602283 ], [ -5.945207120087052, 37.407507030448251 ], [ -5.945264519378522, 37.407363675998006 ], [ -5.946064730926283, 37.40631428267951 ], [ -5.946116668250981, 37.406198095141939 ], [ -5.946147370339972, 37.406044129251178 ], [ -5.946128574221389, 37.405916202374833 ], [ -5.946034153098792, 37.405722577919256 ], [ -5.945862176721252, 37.405287634606459 ], [ -5.945867712364174, 37.404942823318294 ], [ -5.945983291026573, 37.404766481270158 ], [ -5.946119416084384, 37.404664008844648 ], [ -5.946486752829161, 37.40450392130581 ], [ -5.946992521771378, 37.404376436408882 ], [ -5.947148054303796, 37.404295977403109 ], [ -5.947209499485626, 37.404247131280449 ], [ -5.947295629715979, 37.404161627512998 ], [ -5.947327252027762, 37.404059474916274 ], [ -5.947719090583476, 37.403930309637637 ], [ -5.947945068218496, 37.404481079955886 ], [ -5.948090965889118, 37.404731969494016 ], [ -5.948781920057755, 37.406442497085834 ], [ -5.9491135308305, 37.407087473458951 ] ] ], [ [ [ -5.969058181584718, 37.413909074310716 ], [ -5.969509297545987, 37.413438192551645 ], [ -5.970002896446972, 37.412975270499636 ], [ -5.970153644304722, 37.412831806686711 ], [ -5.970266428768102, 37.412698337652294 ], [ -5.9703867933032, 37.412551136765323 ], [ -5.971431248436255, 37.41095032685444 ], [ -5.971517801286558, 37.410844498792898 ], [ -5.971667540800846, 37.410662822004241 ], [ -5.971739380445228, 37.410537121609039 ], [ -5.971733713096729, 37.410791791199806 ], [ -5.971843387521705, 37.411016541593973 ], [ -5.972793690440249, 37.412963661022125 ], [ -5.972828278340577, 37.413035843959385 ], [ -5.971443978126828, 37.414975027787634 ], [ -5.971426569793286, 37.414967281388286 ], [ -5.971330169053538, 37.414924382203836 ], [ -5.97134209606749, 37.414907410764741 ], [ -5.969023134446678, 37.413954775796505 ], [ -5.969058181584718, 37.413909074310716 ] ] ] ] } },
{ "type": "Feature", "properties": { "viviendas": 7646, "n_flats": 105, "n_rooms": 28, "n_all": 133, "ratio_flats": 1.373267067747842, "ratio_rooms": 0.36620455139942454, "ratio": 1.7394716191472666, "mean_price": 105.30833333333334, "mean_revenue": 657.17222222222222, "profit": 20.576339289102179, "net_profit": 1.0, "ingresos_medios": 13528.490285384674 }, "geometry": { "type": "MultiPolygon", "coordinates": [ [ [ [ -5.985376496460723, 37.362169988328283 ], [ -5.985504605142454, 37.362171271716775 ], [ -5.985558328872481, 37.360771018963099 ], [ -5.986205101406119, 37.360784002773457 ], [ -5.986221266814868, 37.360017705338578 ], [ -5.986265142285964, 37.359255208448246 ], [ -5.986343572820171, 37.357460144562701 ], [ -5.987452651405069, 37.357501931990591 ], [ -5.987611387693681, 37.357457378663149 ], [ -5.988624214485843, 37.357481344967034 ], [ -5.988746365439498, 37.354860713778841 ], [ -5.98861689145521, 37.354904524961029 ], [ -5.988751248835791, 37.352013278908643 ], [ -5.988723334935956, 37.35187433171501 ], [ -5.988696511691648, 37.351705549759153 ], [ -5.98870052969712, 37.351703695585499 ], [ -5.990034338747008, 37.350455805640593 ], [ -5.990187525452605, 37.350240217255845 ], [ -5.990273217265401, 37.350186212878178 ], [ -5.992327418504038, 37.350235624495348 ], [ -5.993404938512462, 37.350280445531212 ], [ -5.993333892109097, 37.354028304518394 ], [ -5.992894806003906, 37.361027021731964 ], [ -5.992731536494012, 37.36363068639583 ], [ -5.988921325372726, 37.363594185244487 ], [ -5.987327402022472, 37.36355558429117 ], [ -5.985411247400592, 37.363504916071761 ], [ -5.985450161647242, 37.362274010363869 ], [ -5.985376496460723, 37.362169988328283 ] ] ], [ [ [ -5.994183682738143, 37.367943708704281 ], [ -5.994731873096693, 37.367715802106432 ], [ -5.996867063719495, 37.367772093746687 ], [ -5.997124627707445, 37.368161996145169 ], [ -5.997182105620836, 37.368444390093885 ], [ -5.99713263739358, 37.371328980669688 ], [ -5.997129834532106, 37.371497975130069 ], [ -5.996651374926988, 37.371510105207378 ], [ -5.996514255151331, 37.371518082340309 ], [ -5.996099630449138, 37.371587164768087 ], [ -5.995835086644751, 37.371663714021231 ], [ -5.996071433002125, 37.372545237253938 ], [ -5.996123420054778, 37.372841277677097 ], [ -5.99613601415485, 37.373109031578316 ], [ -5.996116710878513, 37.373537507027073 ], [ -5.996167706789675, 37.374651259305274 ], [ -5.996143905903121, 37.374726175850135 ], [ -5.995367507398103, 37.37474812418035 ], [ -5.995276880730042, 37.372563126060072 ], [ -5.994817528305963, 37.372297703077741 ], [ -5.994619230915666, 37.372491968279029 ], [ -5.994494122962751, 37.37267758534761 ], [ -5.994331672321047, 37.373107439179961 ], [ -5.994284752657728, 37.373342912646173 ], [ -5.994281975217501, 37.373615516607749 ], [ -5.994367542079024, 37.374480638795227 ], [ -5.994283395933485, 37.37449402895718 ], [ -5.994177156013179, 37.374537262438885 ], [ -5.994071518406254, 37.374632277069644 ], [ -5.994023705190241, 37.374755134317127 ], [ -5.994037787624045, 37.37486966888455 ], [ -5.992986934744145, 37.375110266669282 ], [ -5.992508413535796, 37.368706956228429 ], [ -5.992544278626023, 37.368690289330218 ], [ -5.993829556861351, 37.368051770604687 ], [ -5.993976549564597, 37.367996232785778 ], [ -5.994183682738143, 37.367943708704281 ] ] ], [ [ [ -6.008537516218107, 37.381444036473681 ], [ -6.007433851728577, 37.382174916779114 ], [ -6.005718907209959, 37.380578634615112 ], [ -6.006321588070885, 37.380031684750847 ], [ -6.006967132725956, 37.379474693602091 ], [ -6.008737846070056, 37.381317255881811 ], [ -6.008537516218107, 37.381444036473681 ] ] ], [ [ [ -5.976714719383711, 37.384813207606371 ], [ -5.976893482462725, 37.384479827780694 ], [ -5.977205151162742, 37.383611533451003 ], [ -5.97939401755279, 37.384027102110693 ], [ -5.979248993938631, 37.384334909653099 ], [ -5.978688077378063, 37.385729929892534 ], [ -5.978678361786497, 37.385754092609353 ], [ -5.978023800431935, 37.385501553751517 ], [ -5.977131526595902, 37.385119367913809 ], [ -5.977132646804119, 37.385111293203657 ], [ -5.976795869000968, 37.384910292552476 ], [ -5.976714719383711, 37.384813207606371 ] ] ], [ [ [ -6.002012198737468, 37.395760784752497 ], [ -6.002255115000087, 37.395317588178038 ], [ -6.00218505136592, 37.395303608319104 ], [ -6.002084603158982, 37.393992855333828 ], [ -6.002241752553729, 37.394000157511279 ], [ -6.002268015195653, 37.393283996089274 ], [ -6.006588486301697, 37.392985232860902 ], [ -6.006489684110381, 37.393635391146773 ], [ -6.00609456543302, 37.394607281911206 ], [ -6.005904515601777, 37.394889172133567 ], [ -6.005343951595818, 37.395721129146501 ], [ -6.003264855157258, 37.397965754733534 ], [ -6.00322780679159, 37.397953185257485 ], [ -6.003099110207406, 37.398089376908707 ], [ -6.001215539592566, 37.397236170248938 ], [ -6.000621455054512, 37.397154394141396 ], [ -5.999801802536751, 37.397003977942553 ], [ -5.999923361408928, 37.396521106925711 ], [ -5.999138954609093, 37.396410383511522 ], [ -5.998555299272572, 37.396346362188403 ], [ -5.998757494381205, 37.395300503799497 ], [ -6.000234403107877, 37.395483773479192 ], [ -6.001026875326432, 37.395589797620524 ], [ -6.002012198737468, 37.395760784752497 ] ] ], [ [ [ -5.983182661069503, 37.406734698041738 ], [ -5.983161274323884, 37.406631604720218 ], [ -5.982680927726505, 37.406618965074166 ], [ -5.982916266773055, 37.405579106739985 ], [ -5.983004565845009, 37.405171363775089 ], [ -5.984913464839785, 37.405670580803786 ], [ -5.985834825233799, 37.405904083033548 ], [ -5.98614466303548, 37.406004387945757 ], [ -5.985958211083349, 37.406313191862189 ], [ -5.985829879563275, 37.406570960157907 ], [ -5.985459757190196, 37.407416045085995 ], [ -5.985302794377783, 37.407372714538553 ], [ -5.985088629198763, 37.407348841453611 ], [ -5.984513789109907, 37.407318313486343 ], [ -5.98421978948963, 37.407309960887979 ], [ -5.984303749971198, 37.406544208418758 ], [ -5.983677168633538, 37.406537495434989 ], [ -5.983664389703715, 37.406749553365373 ], [ -5.983182661069503, 37.406734698041738 ] ] ], [ [ [ -5.930165046414224, 37.340206788469793 ], [ -5.932017070418676, 37.340838840069914 ], [ -5.931982236891935, 37.341139666210744 ], [ -5.931922147466858, 37.341553395633696 ], [ -5.931899988441159, 37.341722334855803 ], [ -5.931853596785131, 37.341890469448408 ], [ -5.931790034556916, 37.342020631427879 ], [ -5.931700086379696, 37.342118986524014 ], [ -5.931593625437631, 37.342221832070528 ], [ -5.931492629930239, 37.342312986572686 ], [ -5.931457182972799, 37.342345235751836 ], [ -5.931377058542254, 37.342418067275645 ], [ -5.931247178487546, 37.342537302692676 ], [ -5.931169830770408, 37.342608993842688 ], [ -5.930798060781488, 37.343007082821288 ], [ -5.930569521559309, 37.342847234900368 ], [ -5.929853373208728, 37.342360047076212 ], [ -5.929295132558893, 37.341980793183176 ], [ -5.928883482346894, 37.341702225685054 ], [ -5.929565671301791, 37.340965984969436 ], [ -5.929849598426037, 37.340625401496048 ], [ -5.930165046414224, 37.340206788469793 ] ] ], [ [ [ -5.972238279795924, 37.367573955174535 ], [ -5.972500014041418, 37.36706728792398 ], [ -5.973387808796391, 37.366950368278182 ], [ -5.973470474649493, 37.367033856977578 ], [ -5.973549523596817, 37.367115260555103 ], [ -5.973628405504716, 37.367169538119946 ], [ -5.973933121638239, 37.367315073519237 ], [ -5.974410008269969, 37.369715661309058 ], [ -5.974454366489335, 37.369824896313396 ], [ -5.974547022025234, 37.369978018340113 ], [ -5.974913946145368, 37.370468816300765 ], [ -5.974774363918439, 37.37051741317191 ], [ -5.973958031205181, 37.370612262499115 ], [ -5.973782642780786, 37.370616675491824 ], [ -5.973572073681056, 37.370581452645055 ], [ -5.972889090110382, 37.370305772264189 ], [ -5.972427100133467, 37.370024572407679 ], [ -5.971044410026476, 37.368887942809728 ], [ -5.971410969775698, 37.368583658912137 ], [ -5.971782243996283, 37.368202634191334 ], [ -5.972067275855642, 37.367830534502907 ], [ -5.972238279795924, 37.367573955174535 ] ] ], [ [ [ -5.933431468527435, 37.375693107572893 ], [ -5.933262539163311, 37.374104656222855 ], [ -5.932734110694132, 37.372971189455313 ], [ -5.932725726440654, 37.372952356064665 ], [ -5.931662982894705, 37.370564898203028 ], [ -5.931303273528322, 37.369884630047693 ], [ -5.931945866009785, 37.369773955109089 ], [ -5.932316291593087, 37.369719706708516 ], [ -5.932422747648745, 37.369709812330591 ], [ -5.932844996584307, 37.369670567687187 ], [ -5.933906335422514, 37.369382933554107 ], [ -5.935571105155662, 37.368936107339415 ], [ -5.936298960839644, 37.368782897553395 ], [ -5.937203741753902, 37.368690834478329 ], [ -5.937402702319151, 37.368899621690531 ], [ -5.937585891033674, 37.369237498959258 ], [ -5.937643375232344, 37.369285596512384 ], [ -5.937937477129769, 37.369884271428681 ], [ -5.938233754721887, 37.370482849936636 ], [ -5.938296944450931, 37.370634499737456 ], [ -5.938340743316082, 37.370802336439752 ], [ -5.938522710414488, 37.370984787668156 ], [ -5.938788711743566, 37.371120118606257 ], [ -5.939313339523409, 37.371328889939342 ], [ -5.938419286688639, 37.372718504909209 ], [ -5.937574269247493, 37.374316053931913 ], [ -5.937289470038662, 37.374964762424291 ], [ -5.936889532487418, 37.375900459703445 ], [ -5.936410971271568, 37.377177248582754 ], [ -5.935539203739117, 37.379563731199632 ], [ -5.935359026544581, 37.380539803904661 ], [ -5.935043872527394, 37.382179186481309 ], [ -5.93486927558256, 37.383888392591729 ], [ -5.934772535932805, 37.385531501825724 ], [ -5.934721695326932, 37.386204009360753 ], [ -5.934516591013195, 37.386199472946409 ], [ -5.933914159991998, 37.386176669738582 ], [ -5.933794999368432, 37.380685458712449 ], [ -5.933629738286518, 37.377591216748471 ], [ -5.933665422101678, 37.377617786494454 ], [ -5.933431468527435, 37.375693107572893 ] ] ], [ [ [ -5.974003372187676, 37.398370134569717 ], [ -5.974010519594009, 37.398367690273325 ], [ -5.975927476613166, 37.397706706408265 ], [ -5.977463239771433, 37.399837294196999 ], [ -5.976209338577616, 37.400517626212462 ], [ -5.975774378560319, 37.400742581767105 ], [ -5.974952988538325, 37.401168754870717 ], [ -5.974622892713456, 37.400663468804368 ], [ -5.973926940861072, 37.399415013499116 ], [ -5.973861869273912, 37.399254426329527 ], [ -5.973583593597511, 37.398763628975324 ], [ -5.973406013752977, 37.398574390279691 ], [ -5.974003372187676, 37.398370134569717 ] ] ], [ [ [ -5.936765433474151, 37.404491348895178 ], [ -5.938920514245343, 37.403913976226754 ], [ -5.939508963398347, 37.403756345817833 ], [ -5.939628439146356, 37.403697036291412 ], [ -5.940196325542039, 37.403489202080465 ], [ -5.940700343290916, 37.403280670864625 ], [ -5.94069651441403, 37.403274725417674 ], [ -5.942531120449464, 37.402582551139872 ], [ -5.942844141655784, 37.40269781270954 ], [ -5.942848183272068, 37.402752474399868 ], [ -5.942963667528398, 37.402782815373342 ], [ -5.943280017685722, 37.402984459240606 ], [ -5.944041941632593, 37.40353087800036 ], [ -5.944643174021211, 37.403997979130082 ], [ -5.945166472684035, 37.404390399616467 ], [ -5.945285714158903, 37.404583388028968 ], [ -5.945254517180578, 37.404728360822453 ], [ -5.944947446963204, 37.404895948361769 ], [ -5.943374534700766, 37.405295564435825 ], [ -5.943196366723151, 37.405329249461609 ], [ -5.94301369309995, 37.405338299563915 ], [ -5.942806178795339, 37.40532547756176 ], [ -5.942103768976285, 37.405180757777543 ], [ -5.942408868870515, 37.40605618210688 ], [ -5.941307436734919, 37.406304355766679 ], [ -5.942474641390641, 37.409609204067529 ], [ -5.942242829180375, 37.409653265356809 ], [ -5.941510731688971, 37.409869697294575 ], [ -5.940759155262016, 37.410129459021071 ], [ -5.940071088384527, 37.410394371734263 ], [ -5.939309901296621, 37.409271202709093 ], [ -5.938734850919651, 37.408348433014893 ], [ -5.938331082827467, 37.407655653159857 ], [ -5.937983022314892, 37.40702680827895 ], [ -5.937933037939281, 37.406928705967026 ], [ -5.937828491530724, 37.406723512523136 ], [ -5.93736317063034, 37.405810001273188 ], [ -5.937009234990448, 37.405057440105566 ], [ -5.936765433474151, 37.404491348895178 ] ] ], [ [ [ -5.96963444136553, 37.417369399814291 ], [ -5.969939044907143, 37.416823468720182 ], [ -5.970699817659349, 37.416708320491196 ], [ -5.970702853153759, 37.416703319855152 ], [ -5.971680380294702, 37.416493717820529 ], [ -5.971415396218498, 37.41553722513838 ], [ -5.971007044247973, 37.415490278799346 ], [ -5.971426569793286, 37.414967281388286 ], [ -5.971443978126828, 37.414975027787634 ], [ -5.972828278340577, 37.413035843959385 ], [ -5.97325230459696, 37.413920738304043 ], [ -5.974060363390659, 37.41553581292591 ], [ -5.974183696550432, 37.415906609238384 ], [ -5.973672438526668, 37.415998349395323 ], [ -5.973692160281957, 37.416027119296089 ], [ -5.97296159036136, 37.416150834410566 ], [ -5.972385973321316, 37.417379857252953 ], [ -5.971300282203559, 37.417061775703694 ], [ -5.970804928401691, 37.418122490624867 ], [ -5.969431453063449, 37.417669551578136 ], [ -5.969475881534357, 37.417592719471891 ], [ -5.969293705639795, 37.417521009218476 ], [ -5.969416433410569, 37.417298590607516 ], [ -5.96963444136553, 37.417369399814291 ] ] ] ] } },
{ "type": "Feature", "properties": { "viviendas": 7180, "n_flats": 201, "n_rooms": 22, "n_all": 223, "ratio_flats": 2.7994428969359331, "ratio_rooms": 0.30640668523676878, "ratio": 3.1058495821727017, "mean_price": 392.25853658536585, "mean_revenue": 913.4101626016261, "profit": 337.87279109733083, "net_profit": 1.0, "ingresos_medios": 13451.714740528298 }, "geometry": { "type": "MultiPolygon", "coordinates": [ [ [ [ -5.987387174279535, 37.365903580904529 ], [ -5.988014072452023, 37.365921544582868 ], [ -5.988204276796771, 37.364833243395694 ], [ -5.987267586436822, 37.364809603357877 ], [ -5.987327402022472, 37.36355558429117 ], [ -5.988921325372726, 37.363594185244487 ], [ -5.992731536494012, 37.36363068639583 ], [ -5.992479210745881, 37.367651222064637 ], [ -5.992544278626023, 37.368690289330218 ], [ -5.992508413535796, 37.368706956228429 ], [ -5.991343715425254, 37.369281549131045 ], [ -5.990700110682596, 37.369647025116187 ], [ -5.990487731045528, 37.369798790855427 ], [ -5.990522600114652, 37.369734835961012 ], [ -5.990524060491429, 37.369696545366686 ], [ -5.99045641646782, 37.369387391244445 ], [ -5.990453839163702, 37.36925678732198 ], [ -5.989363210936115, 37.369311386344904 ], [ -5.989082726930643, 37.369354539301085 ], [ -5.988540357339993, 37.369356976040002 ], [ -5.988493285283829, 37.369322128557918 ], [ -5.988170230570585, 37.369285229801008 ], [ -5.988065035308267, 37.369242863820844 ], [ -5.987718092492775, 37.369026353754577 ], [ -5.987649276603206, 37.369016839376748 ], [ -5.986886675816382, 37.367783639975499 ], [ -5.986080561944271, 37.366405123651873 ], [ -5.987387174279535, 37.365903580904529 ] ] ], [ [ [ -5.996116710878513, 37.373537507027073 ], [ -5.99613601415485, 37.373109031578316 ], [ -5.996123420054778, 37.372841277677097 ], [ -5.996071433002125, 37.372545237253938 ], [ -5.995835086644751, 37.371663714021231 ], [ -5.996099630449138, 37.371587164768087 ], [ -5.996514255151331, 37.371518082340309 ], [ -5.996651374926988, 37.371510105207378 ], [ -5.996780365543055, 37.374712312005855 ], [ -5.996782766211497, 37.375374522179754 ], [ -5.996145034954049, 37.375383953634071 ], [ -5.996036406712319, 37.375580413156761 ], [ -5.995931756380251, 37.375659644872101 ], [ -5.995823278038344, 37.37564663572865 ], [ -5.994992581566017, 37.375115802479584 ], [ -5.994892073154324, 37.375032745741855 ], [ -5.994845094049431, 37.37493707347614 ], [ -5.994806371352071, 37.374766824801732 ], [ -5.995367507398103, 37.37474812418035 ], [ -5.996143905903121, 37.374726175850135 ], [ -5.996167706789675, 37.374651259305274 ], [ -5.996116710878513, 37.373537507027073 ] ] ], [ [ [ -6.003454410012922, 37.385215718077937 ], [ -6.003475165504026, 37.385165642273087 ], [ -6.003463226474779, 37.385100620092736 ], [ -6.003716034348007, 37.384821662485514 ], [ -6.004255098348949, 37.384314593325371 ], [ -6.004413561289304, 37.384186685833775 ], [ -6.00513419494599, 37.38371559719225 ], [ -6.005625530912414, 37.38431582810054 ], [ -6.005022355846176, 37.384671294083127 ], [ -6.00487948787464, 37.384778577957995 ], [ -6.005092646410439, 37.384937557839201 ], [ -6.005080325043521, 37.384987437413862 ], [ -6.004705362667664, 37.385348357686091 ], [ -6.004195894318762, 37.385969532204172 ], [ -6.004196541583537, 37.386007824143533 ], [ -6.004618158418451, 37.386368753291691 ], [ -6.00511839958202, 37.386847151125735 ], [ -6.004765660076994, 37.387036300419396 ], [ -6.00471329789737, 37.387089464429998 ], [ -6.00467015989952, 37.387176145582593 ], [ -6.004152324236729, 37.387450592949634 ], [ -6.002454961189103, 37.386248051107593 ], [ -6.002865939679265, 37.385784841829839 ], [ -6.003170570474941, 37.385380630609163 ], [ -6.003392660557952, 37.385273624518682 ], [ -6.003454410012922, 37.385215718077937 ] ] ], [ [ [ -5.995398367451076, 37.396687699189052 ], [ -5.996412889733005, 37.396869228919208 ], [ -5.996458474508247, 37.396892820226142 ], [ -5.996981899835982, 37.396987667790029 ], [ -5.997681626612287, 37.397143397675087 ], [ -5.997733035284991, 37.39716237596528 ], [ -5.998945257974773, 37.397363633260909 ], [ -5.998767391773955, 37.398010155172805 ], [ -5.997509921494395, 37.397803250368902 ], [ -5.99735048115951, 37.398354693726766 ], [ -5.995718082582457, 37.397918534391493 ], [ -5.995424680032017, 37.397867381154299 ], [ -5.995034500480958, 37.397751124010298 ], [ -5.994744695017268, 37.398943354165347 ], [ -5.993972881959203, 37.398793951909418 ], [ -5.994284108586499, 37.397031322341931 ], [ -5.994578333102074, 37.396487707826097 ], [ -5.995398367451076, 37.396687699189052 ] ] ], [ [ [ -5.972950345013745, 37.400464499782409 ], [ -5.973022998336178, 37.400359079091018 ], [ -5.973215248558322, 37.399615368740491 ], [ -5.973276031770162, 37.399532718211795 ], [ -5.973436888702537, 37.399404808850981 ], [ -5.973509570262521, 37.399369173454659 ], [ -5.973861869273912, 37.399254426329527 ], [ -5.973926940861072, 37.399415013499116 ], [ -5.974622892713456, 37.400663468804368 ], [ -5.974952988538325, 37.401168754870717 ], [ -5.974204163196603, 37.401462393914969 ], [ -5.97322977683464, 37.401698644748841 ], [ -5.972281299514189, 37.401927486803579 ], [ -5.971643028337152, 37.402116998482242 ], [ -5.971053943352788, 37.401070852468656 ], [ -5.971748593734456, 37.400834861068176 ], [ -5.97263196895562, 37.400632444457834 ], [ -5.972799581833057, 37.400578683649982 ], [ -5.972950345013745, 37.400464499782409 ] ] ], [ [ [ -5.980758279548322, 37.407928931838626 ], [ -5.980780475787297, 37.407905840772827 ], [ -5.980739694304298, 37.407325679755516 ], [ -5.982252967460494, 37.407255998557801 ], [ -5.982701595978964, 37.407264939973224 ], [ -5.98318935654625, 37.408095092616009 ], [ -5.983258127501215, 37.408293833155348 ], [ -5.983251651096968, 37.408593624660071 ], [ -5.983171714742951, 37.409003350567509 ], [ -5.981816573252675, 37.408873117441829 ], [ -5.981714547171188, 37.408873439276768 ], [ -5.981648648495917, 37.408881855201258 ], [ -5.981271006821682, 37.408855328243064 ], [ -5.980859303291536, 37.408879221439797 ], [ -5.980676475746654, 37.408358980865259 ], [ -5.980506727720469, 37.408399339686625 ], [ -5.980310904531649, 37.407947004854996 ], [ -5.980758279548322, 37.407928931838626 ] ] ], [ [ [ -5.933910189634259, 37.343695927873426 ], [ -5.934660612863418, 37.343771090163088 ], [ -5.934920872813371, 37.343830513073001 ], [ -5.935465883243635, 37.343919918122332 ], [ -5.93560714075693, 37.34396996629544 ], [ -5.935831746916254, 37.344042651627412 ], [ -5.93580322901061, 37.344236884827204 ], [ -5.936330567095188, 37.344290150991952 ], [ -5.93620119181625, 37.345331566733535 ], [ -5.936346119925735, 37.345363065149421 ], [ -5.936307995551487, 37.34564415923473 ], [ -5.936292291952822, 37.345769238329495 ], [ -5.936276356491302, 37.345887037087024 ], [ -5.93621431674901, 37.345917772191093 ], [ -5.936170464879913, 37.345953312332277 ], [ -5.935504451824678, 37.345503522256188 ], [ -5.934897252534685, 37.345089972525066 ], [ -5.93457868224692, 37.344872889017104 ], [ -5.93447342301809, 37.344800433653198 ], [ -5.934423496133206, 37.344765427374938 ], [ -5.934372694733165, 37.344707357224614 ], [ -5.934356717694077, 37.344682254318975 ], [ -5.934344557414966, 37.34465963733993 ], [ -5.934336854068568, 37.34463919394247 ], [ -5.934304709685116, 37.344567523810916 ], [ -5.934295385892724, 37.344504979125894 ], [ -5.934286814059361, 37.34444626697011 ], [ -5.934255817201945, 37.344323320549208 ], [ -5.934189265085253, 37.344236379773591 ], [ -5.934060162172019, 37.344152369398337 ], [ -5.933958093337997, 37.344081086842209 ], [ -5.933694092737709, 37.343898264894953 ], [ -5.933797606748691, 37.343800622254115 ], [ -5.933821781161968, 37.343777860269945 ], [ -5.933910189634259, 37.343695927873426 ] ] ], [ [ [ -5.970710373264448, 37.359388723955028 ], [ -5.97106490096914, 37.360294057714533 ], [ -5.971384893008054, 37.360228794034683 ], [ -5.971834667825095, 37.360122122040536 ], [ -5.972013317809302, 37.360108093476406 ], [ -5.972578803273415, 37.361419416354835 ], [ -5.971667305721777, 37.36163306587391 ], [ -5.972046366269203, 37.362522867395292 ], [ -5.972023825492061, 37.362513189155173 ], [ -5.971801549890684, 37.362444444599952 ], [ -5.971513283619585, 37.362395370339293 ], [ -5.971038067196137, 37.362357748108408 ], [ -5.970623962069594, 37.362363653732608 ], [ -5.970629882434032, 37.362115711771992 ], [ -5.970588795569946, 37.361945568152763 ], [ -5.969654982534975, 37.359621781983989 ], [ -5.970710373264448, 37.359388723955028 ] ] ], [ [ [ -5.968128900822574, 37.384567370348321 ], [ -5.967956705088398, 37.385945772553846 ], [ -5.966680060520366, 37.385844901706754 ], [ -5.966469802679962, 37.387517116192136 ], [ -5.965838785705475, 37.387546440475106 ], [ -5.965098437530892, 37.387538021298312 ], [ -5.965314232484484, 37.385737269861906 ], [ -5.965474782319213, 37.384361411070849 ], [ -5.96684243704189, 37.384466746593439 ], [ -5.968128900822574, 37.384567370348321 ] ] ], [ [ [ -5.953320799032822, 37.385861836822116 ], [ -5.953422856758067, 37.385868274812147 ], [ -5.953527229758479, 37.385847655265685 ], [ -5.953461625317394, 37.385678081647008 ], [ -5.954121861872909, 37.385713420611182 ], [ -5.954805238801428, 37.385763901681592 ], [ -5.955187641270022, 37.385788144937074 ], [ -5.955079215187525, 37.386581535556118 ], [ -5.95740232005325, 37.386735152310891 ], [ -5.95743560715779, 37.386373922411501 ], [ -5.958632108123046, 37.386452120137712 ], [ -5.958905096717106, 37.38650158973131 ], [ -5.959521423632078, 37.386614541624787 ], [ -5.959467477480241, 37.387023639493705 ], [ -5.959446923639067, 37.387416105240121 ], [ -5.95361357339717, 37.387118235853173 ], [ -5.953685489034456, 37.386553295587319 ], [ -5.953241905131351, 37.386530607418557 ], [ -5.953320799032822, 37.385861836822116 ] ] ], [ [ [ -5.937933037939281, 37.406928705967026 ], [ -5.937983022314892, 37.40702680827895 ], [ -5.938331082827467, 37.407655653159857 ], [ -5.938734850919651, 37.408348433014893 ], [ -5.939309901296621, 37.409271202709093 ], [ -5.940071088384527, 37.410394371734263 ], [ -5.937049987376352, 37.411534978750616 ], [ -5.935454246415563, 37.412186661178907 ], [ -5.935451511803126, 37.412187766264246 ], [ -5.93501270677465, 37.411781411456971 ], [ -5.934588435863557, 37.411019509882045 ], [ -5.934400768997881, 37.410499674473463 ], [ -5.933274665421656, 37.410036611719498 ], [ -5.933269124042394, 37.410044728282166 ], [ -5.934178231034953, 37.408473964242255 ], [ -5.937248675096371, 37.409036592120167 ], [ -5.937445811211602, 37.408268783953716 ], [ -5.937933037939281, 37.406928705967026 ] ] ], [ [ [ -5.973692160281957, 37.416027119296089 ], [ -5.973672438526668, 37.415998349395323 ], [ -5.974183696550432, 37.415906609238384 ], [ -5.974322731883243, 37.415878348978524 ], [ -5.974403121269262, 37.416040779681893 ], [ -5.972956760087033, 37.418832096654285 ], [ -5.970804928401691, 37.418122490624867 ], [ -5.971300282203559, 37.417061775703694 ], [ -5.972385973321316, 37.417379857252953 ], [ -5.97296159036136, 37.416150834410566 ], [ -5.973692160281957, 37.416027119296089 ] ] ] ] } },
{ "type": "Feature", "properties": { "viviendas": 9367, "n_flats": 137, "n_rooms": 25, "n_all": 162, "ratio_flats": 1.4625814027970534, "ratio_rooms": 0.26689441656880536, "ratio": 1.7294758193658588, "mean_price": 210.49350649350649, "mean_revenue": 984.05681818181813, "profit": 371.62888990076181, "net_profit": 1.0, "ingresos_medios": 14582.730002156617 }, "geometry": { "type": "MultiPolygon", "coordinates": [ [ [ [ -5.985169841191504, 37.367513890589194 ], [ -5.984294717387096, 37.365995198088754 ], [ -5.983118732313685, 37.363959240291301 ], [ -5.98116870010141, 37.36053040563656 ], [ -5.983805702921994, 37.359531294557257 ], [ -5.984230582798335, 37.359392170312603 ], [ -5.984863513422403, 37.359270322919436 ], [ -5.985198215003268, 37.35923707076423 ], [ -5.985604968771371, 37.359242557872257 ], [ -5.986265142285964, 37.359255208448246 ], [ -5.986221266814868, 37.360017705338578 ], [ -5.986205101406119, 37.360784002773457 ], [ -5.985558328872481, 37.360771018963099 ], [ -5.985504605142454, 37.362171271716775 ], [ -5.985376496460723, 37.362169988328283 ], [ -5.985450161647242, 37.362274010363869 ], [ -5.985411247400592, 37.363504916071761 ], [ -5.987327402022472, 37.36355558429117 ], [ -5.987267586436822, 37.364809603357877 ], [ -5.988204276796771, 37.364833243395694 ], [ -5.988014072452023, 37.365921544582868 ], [ -5.987387174279535, 37.365903580904529 ], [ -5.986080561944271, 37.366405123651873 ], [ -5.986886675816382, 37.367783639975499 ], [ -5.987649276603206, 37.369016839376748 ], [ -5.987547093179948, 37.36903742873136 ], [ -5.987405918943884, 37.369155889466541 ], [ -5.987207945896222, 37.369212711566675 ], [ -5.98718562918272, 37.369229034378094 ], [ -5.987168650567487, 37.369281296245902 ], [ -5.985483050803975, 37.369598671215996 ], [ -5.985549233914209, 37.369137489956422 ], [ -5.985546453901524, 37.368964099455802 ], [ -5.985374030238788, 37.368134969594081 ], [ -5.985350564701966, 37.368004928224245 ], [ -5.985257501544597, 37.36771669120666 ], [ -5.985169841191504, 37.367513890589194 ] ] ], [ [ [ -5.972423456688032, 37.370123774864844 ], [ -5.972832248295681, 37.37035001545965 ], [ -5.972049910583667, 37.370939604469264 ], [ -5.973521743951508, 37.37214827062742 ], [ -5.973630170437067, 37.372188356221152 ], [ -5.97378645478318, 37.372204684593584 ], [ -5.974598179047483, 37.372112199419412 ], [ -5.974663083202834, 37.372157880444739 ], [ -5.974445573203365, 37.372345824796433 ], [ -5.974478336691989, 37.372619805674681 ], [ -5.973905269223947, 37.372690545154732 ], [ -5.973718607284511, 37.372751543050491 ], [ -5.973573848365525, 37.372825011171635 ], [ -5.973387865208118, 37.372690036141371 ], [ -5.973199199160855, 37.372615913201628 ], [ -5.972869495415009, 37.372437234021682 ], [ -5.969783943517077, 37.3698837333448 ], [ -5.969769937285861, 37.369872831037043 ], [ -5.970629481465595, 37.36920923721533 ], [ -5.971508200871139, 37.369957565534492 ], [ -5.971880933704795, 37.369675619109501 ], [ -5.972423456688032, 37.370123774864844 ] ] ], [ [ [ -5.998765930153358, 37.373033317195947 ], [ -5.997448499532432, 37.373073504289067 ], [ -5.997521100943247, 37.37471157345459 ], [ -5.997553330285611, 37.375348247682282 ], [ -5.996782766211497, 37.375374522179754 ], [ -5.996780365543055, 37.374712312005855 ], [ -5.996651374926988, 37.371510105207378 ], [ -5.997129834532106, 37.371497975130069 ], [ -5.99713263739358, 37.371328980669688 ], [ -5.998680292583311, 37.371370814137705 ], [ -5.998765930153358, 37.373033317195947 ] ] ], [ [ [ -6.007433851728577, 37.382174916779114 ], [ -6.008537516218107, 37.381444036473681 ], [ -6.009104800986072, 37.382139122893371 ], [ -6.008267482204582, 37.382541148732017 ], [ -6.008565719324986, 37.382873668269632 ], [ -6.008529136748687, 37.382890395285379 ], [ -6.008847283385077, 37.383292273115103 ], [ -6.008974892198322, 37.383228186813959 ], [ -6.009262352605957, 37.383556496155499 ], [ -6.00870784844979, 37.383834162083495 ], [ -6.009089098556351, 37.384311048896819 ], [ -6.00886213952389, 37.384512785007502 ], [ -6.008385104348713, 37.385259292429332 ], [ -6.007959883881056, 37.385912105402255 ], [ -6.007783473942992, 37.385979667667868 ], [ -6.006591252635325, 37.385250890538067 ], [ -6.006305197019677, 37.385032871377426 ], [ -6.005842884931712, 37.384603097654249 ], [ -6.005625530912414, 37.38431582810054 ], [ -6.00513419494599, 37.38371559719225 ], [ -6.005869014350332, 37.38321937786305 ], [ -6.007433851728577, 37.382174916779114 ] ] ], [ [ [ -5.996424268501075, 37.395120918403123 ], [ -5.996570038742147, 37.394957269999132 ], [ -5.996612288609486, 37.394942686993836 ], [ -5.996715803797438, 37.394976139595343 ], [ -5.997201897430829, 37.395062886778582 ], [ -5.997193377884541, 37.395110416497857 ], [ -5.998170157875912, 37.395232050535149 ], [ -5.998757494381205, 37.395300503799497 ], [ -5.998555299272572, 37.396346362188403 ], [ -5.99794838516025, 37.396273867166066 ], [ -5.997681626612287, 37.397143397675087 ], [ -5.996981899835982, 37.396987667790029 ], [ -5.996458474508247, 37.396892820226142 ], [ -5.996412889733005, 37.396869228919208 ], [ -5.995398367451076, 37.396687699189052 ], [ -5.995443276001687, 37.396386955538389 ], [ -5.995702237359397, 37.395357688822394 ], [ -5.995767133970387, 37.395015951002129 ], [ -5.996424268501075, 37.395120918403123 ] ] ], [ [ [ -5.98421978948963, 37.407309960887979 ], [ -5.984513789109907, 37.407318313486343 ], [ -5.985088629198763, 37.407348841453611 ], [ -5.985302794377783, 37.407372714538553 ], [ -5.985459757190196, 37.407416045085995 ], [ -5.985249009443857, 37.407993516735793 ], [ -5.985065199164485, 37.408493741736358 ], [ -5.98489610135483, 37.40896429229992 ], [ -5.983251651096968, 37.408593624660071 ], [ -5.983258127501215, 37.408293833155348 ], [ -5.98318935654625, 37.408095092616009 ], [ -5.982701595978964, 37.407264939973224 ], [ -5.98421978948963, 37.407309960887979 ] ] ], [ [ [ -5.976722511174478, 37.420319171106598 ], [ -5.974725959295918, 37.422903883546567 ], [ -5.974361743103901, 37.422759055338204 ], [ -5.971426714028254, 37.421801233040938 ], [ -5.972462843816541, 37.419781364155995 ], [ -5.972956760087033, 37.418832096654285 ], [ -5.974403121269262, 37.416040779681893 ], [ -5.976722511174478, 37.420319171106598 ] ] ], [ [ [ -5.931701024117976, 37.343670092587743 ], [ -5.931790751671483, 37.343731438016974 ], [ -5.931929884463478, 37.343826753952101 ], [ -5.932469658768954, 37.344206583595408 ], [ -5.932726126575121, 37.344387120855743 ], [ -5.932826884729786, 37.344457977461218 ], [ -5.932981665183685, 37.344566834478599 ], [ -5.933111832286702, 37.344658622949744 ], [ -5.933151872087907, 37.344686824226116 ], [ -5.933255938858156, 37.344759995206175 ], [ -5.93373299436163, 37.34509577175583 ], [ -5.933878667914536, 37.345196329397787 ], [ -5.933914230175888, 37.345213292492566 ], [ -5.934125129421449, 37.345314502398743 ], [ -5.934199691939057, 37.345365409452469 ], [ -5.93430994491117, 37.345440881324691 ], [ -5.934348821641529, 37.345467596341564 ], [ -5.934767210463688, 37.345709164045545 ], [ -5.935177762181076, 37.345977956187092 ], [ -5.935492981245188, 37.346188345975385 ], [ -5.935873354703997, 37.346455599943866 ], [ -5.936239895769654, 37.346699278112446 ], [ -5.934596380713737, 37.347686317394007 ], [ -5.934577459956971, 37.347697680258456 ], [ -5.933327036125633, 37.346437629882224 ], [ -5.932303587872705, 37.345467026305151 ], [ -5.930732539743922, 37.346256022264484 ], [ -5.924232142594788, 37.35037524769173 ], [ -5.923765276342941, 37.349819821529671 ], [ -5.923169054299575, 37.348976314755554 ], [ -5.931547170211397, 37.343524299135041 ], [ -5.931647975901774, 37.343619641468294 ], [ -5.931701024117976, 37.343670092587743 ] ] ], [ [ [ -5.960800003714352, 37.376782723479806 ], [ -5.961095631950156, 37.376843857859932 ], [ -5.961016609613315, 37.376933640711613 ], [ -5.960784883355022, 37.377272841869249 ], [ -5.9607082630484, 37.377509047097661 ], [ -5.960363388588578, 37.379977535029553 ], [ -5.957255645480187, 37.379730923056243 ], [ -5.957208269658049, 37.380051980288414 ], [ -5.95643193032423, 37.379156864016913 ], [ -5.957548319108858, 37.378545491532556 ], [ -5.959498133422491, 37.377471768909018 ], [ -5.960794119546638, 37.376781506704859 ], [ -5.960800003714352, 37.376782723479806 ] ] ], [ [ [ -5.966389518325379, 37.38157448396818 ], [ -5.966986168830618, 37.381676631700934 ], [ -5.969282942448872, 37.382105534820028 ], [ -5.969135813129071, 37.383255817142732 ], [ -5.967006734953222, 37.38308401953595 ], [ -5.96684243704189, 37.384466746593439 ], [ -5.965474782319213, 37.384361411070849 ], [ -5.965640986202393, 37.382974118775522 ], [ -5.96582127821099, 37.381503135711121 ], [ -5.96582284619931, 37.381503096353477 ], [ -5.966389518325379, 37.38157448396818 ] ] ], [ [ [ -5.96942385999512, 37.400135121328482 ], [ -5.970261983022504, 37.399696403106717 ], [ -5.971053943352788, 37.401070852468656 ], [ -5.971643028337152, 37.402116998482242 ], [ -5.97093283981511, 37.402353380210911 ], [ -5.970337713513834, 37.40135916194302 ], [ -5.969869224011804, 37.40153985901393 ], [ -5.969440291802025, 37.400888401567215 ], [ -5.969460774397242, 37.400450870781498 ], [ -5.969437877535779, 37.400291529443223 ], [ -5.969385019393482, 37.400155452418034 ], [ -5.96942385999512, 37.400135121328482 ] ] ], [ [ [ -5.932356420175791, 37.411516377217254 ], [ -5.932897928055683, 37.410588363415478 ], [ -5.933269124042394, 37.410044728282166 ], [ -5.933274665421656, 37.410036611719498 ], [ -5.934400768997881, 37.410499674473463 ], [ -5.934588435863557, 37.411019509882045 ], [ -5.93501270677465, 37.411781411456971 ], [ -5.935451511803126, 37.412187766264246 ], [ -5.932504287712266, 37.413369522988489 ], [ -5.931179448754034, 37.413646920449501 ], [ -5.928673442603531, 37.413477381789598 ], [ -5.929364862632437, 37.412214315468162 ], [ -5.929392255639578, 37.412164272879089 ], [ -5.929740127855411, 37.41153395012504 ], [ -5.929619052165619, 37.411489637813474 ], [ -5.930063700310281, 37.410705984907182 ], [ -5.932356420175791, 37.411516377217254 ] ] ], [ [ [ -5.885795562201652, 37.5424886117084 ], [ -5.88636889911233, 37.54209614956352 ], [ -5.886637646715711, 37.54172916289405 ], [ -5.886688796716615, 37.54129538210298 ], [ -5.886520810063496, 37.541047250961334 ], [ -5.886178885853811, 37.540983482680303 ], [ -5.885583863251289, 37.541106187531561 ], [ -5.885342634668305, 37.541012964525457 ], [ -5.885273296222858, 37.540681240427254 ], [ -5.885308281199718, 37.540121762281288 ], [ -5.885232005302035, 37.539610029212511 ], [ -5.884979333399881, 37.539219734964028 ], [ -5.885601855466333, 37.538636890326181 ], [ -5.885439241859658, 37.538235348691842 ], [ -5.885109176932716, 37.537892025631791 ], [ -5.88479803902923, 37.537746446829559 ], [ -5.884038215003899, 37.537701921796604 ], [ -5.883657165368945, 37.537503998390797 ], [ -5.883157745235146, 37.536876471382136 ], [ -5.882479307945136, 37.535712674715256 ], [ -5.882247331347277, 37.535565124386267 ], [ -5.881941442251522, 37.535554602616457 ], [ -5.881550619684896, 37.535690290439845 ], [ -5.88113271122133, 37.535709479166755 ], [ -5.880367640153021, 37.535529918178035 ], [ -5.879842960668531, 37.53571393289878 ], [ -5.879480495334512, 37.535704735108318 ], [ -5.8787319250487, 37.535265226777177 ], [ -5.87834600065699, 37.535038635367201 ], [ -5.878096615614515, 37.535026667523923 ], [ -5.87756227532297, 37.535255969179495 ], [ -5.87723689628078, 37.535326955040958 ], [ -5.876215026090132, 37.535234734346837 ], [ -5.875530483116875, 37.535089204197192 ], [ -5.87493439533571, 37.53488746617306 ], [ -5.873786791019342, 37.533879204880115 ], [ -5.873500672178731, 37.53349874026086 ], [ -5.873573213275909, 37.533325761042612 ], [ -5.874029704726948, 37.532837109271647 ], [ -5.87491710547767, 37.531490925203101 ], [ -5.875042394163963, 37.531217567836642 ], [ -5.875001591507959, 37.531038342282002 ], [ -5.874764767266448, 37.530764796704915 ], [ -5.874171008291623, 37.530328733383904 ], [ -5.874074281282825, 37.529871520715417 ], [ -5.874130708220346, 37.529572840078139 ], [ -5.873826063609269, 37.529300890234452 ], [ -5.873516387911694, 37.529191322704811 ], [ -5.873308360608238, 37.528781880111822 ], [ -5.873056574518639, 37.528706921886446 ], [ -5.872616383864939, 37.528735663600131 ], [ -5.872188841322424, 37.528502755504881 ], [ -5.871804417909909, 37.528214787315861 ], [ -5.8715512614893, 37.528103817336749 ], [ -5.870913080381409, 37.527984167285346 ], [ -5.869450488881833, 37.527902602119504 ], [ -5.868823288975179, 37.527773671946996 ], [ -5.868600866153363, 37.527283484158339 ], [ -5.868149269196521, 37.526717782698071 ], [ -5.86792828453834, 37.526560943196841 ], [ -5.867551814103233, 37.526479996078855 ], [ -5.867086647096984, 37.526446231910022 ], [ -5.866485900757555, 37.526415812533848 ], [ -5.86626769823827, 37.526330982393155 ], [ -5.86585828536519, 37.525980521741232 ], [ -5.864950781001457, 37.525029360168737 ], [ -5.86437386148134, 37.524439688901907 ], [ -5.86235474035707, 37.522524327284586 ], [ -5.862030350171737, 37.522324975823203 ], [ -5.861284977649805, 37.522063728615173 ], [ -5.861073304696416, 37.521852560420406 ], [ -5.860699908218667, 37.521257937352438 ], [ -5.860488898985834, 37.521064803987983 ], [ -5.859508600779861, 37.520574967106874 ], [ -5.859355792869603, 37.520425447874402 ], [ -5.859221895952836, 37.520176390235996 ], [ -5.859170414122889, 37.519718107292292 ], [ -5.858702039663138, 37.51811658158195 ], [ -5.85816116392007, 37.516985311743724 ], [ -5.857989502703334, 37.51634071058956 ], [ -5.857906196033509, 37.51563990337813 ], [ -5.85798249724233, 37.514673925404331 ], [ -5.857944454883508, 37.514269401924217 ], [ -5.857537784574677, 37.513098819807325 ], [ -5.857000411353086, 37.512354985295993 ], [ -5.856223270860316, 37.511553815415873 ], [ -5.855884587320148, 37.511273632812184 ], [ -5.854333567366321, 37.510347022509919 ], [ -5.852074723498584, 37.508950908764099 ], [ -5.851552802318742, 37.508017393583181 ], [ -5.851061367792743, 37.507587754618918 ], [ -5.84860580283018, 37.506367513075944 ], [ -5.847515187435476, 37.505645924832933 ], [ -5.846043817304043, 37.504428940438444 ], [ -5.844856364501158, 37.503241103590959 ], [ -5.843712071518892, 37.502295546286838 ], [ -5.842944861901836, 37.501448982355825 ], [ -5.842492566858176, 37.500856154700948 ], [ -5.841950598331214, 37.50028347697608 ], [ -5.841751016257889, 37.500090050584618 ], [ -5.841124449535792, 37.499672643657725 ], [ -5.840583547575786, 37.499126988418666 ], [ -5.840309347554326, 37.49875515128484 ], [ -5.840097083049058, 37.498228639090357 ], [ -5.840002323591871, 37.497816393480662 ], [ -5.840045971940722, 37.496580897044311 ], [ -5.839510712223387, 37.493196781766386 ], [ -5.838995113014358, 37.491226820795191 ], [ -5.83868229444944, 37.488639296186257 ], [ -5.838555411839581, 37.487975536823157 ], [ -5.838278591271339, 37.487234293262262 ], [ -5.837749469775793, 37.486400034973272 ], [ -5.83722069406147, 37.485574735959176 ], [ -5.83681792714877, 37.484791505395251 ], [ -5.836431282099166, 37.483836634669359 ], [ -5.835840263671773, 37.481363883539558 ], [ -5.83535692977966, 37.479942807538102 ], [ -5.8335265766731, 37.475787746592843 ], [ -5.831962462222603, 37.472689540539463 ], [ -5.830735903670922, 37.469844549915344 ], [ -5.829137841917329, 37.466738093968033 ], [ -5.828867716328405, 37.465870513009882 ], [ -5.828376902215393, 37.463944977285891 ], [ -5.827596601066866, 37.460936074160813 ], [ -5.82735987247352, 37.45975232880685 ], [ -5.826812427159527, 37.457521748164154 ], [ -5.826248913089189, 37.454561717617089 ], [ -5.825996705966931, 37.452666497510464 ], [ -5.825434494754067, 37.45003981555147 ], [ -5.824683405827325, 37.445696572016395 ], [ -5.823865184954805, 37.441967706989701 ], [ -5.82339058867093, 37.440465214679008 ], [ -5.821615675904335, 37.435632826780939 ], [ -5.820763067199474, 37.432787757921758 ], [ -5.820479566235244, 37.431857430349503 ], [ -5.820096029170036, 37.430605029614085 ], [ -5.819964513118966, 37.43017566186289 ], [ -5.819239934188415, 37.427426677141632 ], [ -5.818957661601209, 37.42682970343607 ], [ -5.818523611187389, 37.426101138503824 ], [ -5.818227005033068, 37.425423380490912 ], [ -5.817784976816591, 37.424181447627312 ], [ -5.817597247478347, 37.423392954860383 ], [ -5.817589150978582, 37.423176903239685 ], [ -5.81786492716751, 37.421791664243017 ], [ -5.818330856747645, 37.420356880988727 ], [ -5.818506334862374, 37.41901007069081 ], [ -5.818613841736469, 37.416754808170417 ], [ -5.81866431893708, 37.415690392092415 ], [ -5.819265279718199, 37.407611395441961 ], [ -5.819330063196198, 37.406627653929839 ], [ -5.819509442685986, 37.403577769287907 ], [ -5.819639075262167, 37.399501773735103 ], [ -5.819535795023959, 37.398855465602715 ], [ -5.819519408694626, 37.398116989628733 ], [ -5.820338098026933, 37.397962322366546 ], [ -5.821877673069085, 37.397754364113524 ], [ -5.823138420381952, 37.397643175152659 ], [ -5.823683476953689, 37.397720233058621 ], [ -5.82428932153479, 37.397913017932041 ], [ -5.824550539628054, 37.397951844190075 ], [ -5.824797774810273, 37.397918881631227 ], [ -5.82648222422281, 37.397058649179058 ], [ -5.827020831136504, 37.396964646552235 ], [ -5.827842556086506, 37.396890978510548 ], [ -5.829847276341236, 37.397041221561352 ], [ -5.830695294502325, 37.39706595007813 ], [ -5.831741308482975, 37.39695080493356 ], [ -5.833279084162254, 37.396697715148889 ], [ -5.835115013380022, 37.396563587824012 ], [ -5.835877936700869, 37.396428126544428 ], [ -5.839150843394954, 37.395466561541973 ], [ -5.839747503084311, 37.395416156177106 ], [ -5.840346590759502, 37.395428778330462 ], [ -5.840789356724091, 37.395490275480043 ], [ -5.842349865830228, 37.395840209207698 ], [ -5.843776667145096, 37.396238383983572 ], [ -5.8446414040099, 37.396406804758314 ], [ -5.846094232547177, 37.396597140760655 ], [ -5.847904672401188, 37.397283394405179 ], [ -5.848428483835401, 37.397396924660327 ], [ -5.849450219763892, 37.397534493683409 ], [ -5.850599760560928, 37.397768086231849 ], [ -5.851497313500919, 37.398205981449202 ], [ -5.852033150927863, 37.398634601861545 ], [ -5.852480336255283, 37.399110349603646 ], [ -5.852827732651493, 37.399633624367475 ], [ -5.853060234138036, 37.399808231768318 ], [ -5.85433093877189, 37.399957742535229 ], [ -5.855729829469539, 37.399914968027225 ], [ -5.858389475970801, 37.400057904384163 ], [ -5.859033046725967, 37.400051382481145 ], [ -5.859749071012589, 37.400169218277625 ], [ -5.861231785968406, 37.400547830431769 ], [ -5.862031944007801, 37.400798752958885 ], [ -5.863650427130012, 37.40118307490863 ], [ -5.865037114803777, 37.401708143959141 ], [ -5.866478221069541, 37.402475155894756 ], [ -5.868308189847075, 37.403665253248661 ], [ -5.869925218025726, 37.405193822602726 ], [ -5.872051270176373, 37.407034456738693 ], [ -5.872468229684721, 37.407601005929862 ], [ -5.873621820111014, 37.409708476177379 ], [ -5.874621678524361, 37.411927794306216 ], [ -5.874772558798459, 37.412329589986676 ], [ -5.874797101900253, 37.412403344472999 ], [ -5.874989569733758, 37.412982079417674 ], [ -5.875386474493288, 37.413909544335048 ], [ -5.876118329680119, 37.415027085900348 ], [ -5.876387223964211, 37.415263838290173 ], [ -5.877992016648463, 37.416756600869348 ], [ -5.878341336570508, 37.417027409650871 ], [ -5.878656373292725, 37.417290028519012 ], [ -5.879175409463464, 37.417863089844239 ], [ -5.881320557324416, 37.419892264116108 ], [ -5.883085639418338, 37.421435058933383 ], [ -5.883263618832616, 37.421655999372589 ], [ -5.883990769069256, 37.422647454305604 ], [ -5.884303621896086, 37.423144417622481 ], [ -5.885221236749612, 37.424680880035055 ], [ -5.887002892026162, 37.426944063708099 ], [ -5.88715789339002, 37.42715649540645 ], [ -5.887677563535355, 37.428035869359007 ], [ -5.888626485222403, 37.428913713445411 ], [ -5.890906782230515, 37.431065679731681 ], [ -5.891018320715364, 37.431170938001081 ], [ -5.891787237121902, 37.431773867414584 ], [ -5.898312375547802, 37.436894235087991 ], [ -5.901275762016869, 37.439585897599443 ], [ -5.901895912544742, 37.440149168766148 ], [ -5.90403986532444, 37.442114855438781 ], [ -5.904519679353474, 37.442832919312849 ], [ -5.904836333141913, 37.443131466013199 ], [ -5.906963941977478, 37.444376682312431 ], [ -5.907856792601838, 37.444670101900684 ], [ -5.908399745830335, 37.44468373342248 ], [ -5.911641822375088, 37.44552293846079 ], [ -5.911836232464118, 37.445581220636832 ], [ -5.914899798759786, 37.446478824567627 ], [ -5.915519994475287, 37.446733845305751 ], [ -5.916066400981149, 37.447125823452794 ], [ -5.91675039549519, 37.447568483605366 ], [ -5.917449901631604, 37.447830559980481 ], [ -5.918134720544225, 37.448002872087379 ], [ -5.919293721478926, 37.448163405379248 ], [ -5.921188095125163, 37.448341859963577 ], [ -5.926377854072721, 37.448690960915222 ], [ -5.929559806048015, 37.448558067841297 ], [ -5.929923172993579, 37.44860308853459 ], [ -5.930576258132103, 37.448830217677688 ], [ -5.935569887037376, 37.449652293952013 ], [ -5.936161581728439, 37.449754766202794 ], [ -5.937271253649767, 37.450096602089815 ], [ -5.942751911718509, 37.451807318985018 ], [ -5.944162982584462, 37.452051529487619 ], [ -5.948067658005016, 37.452765064830636 ], [ -5.948851716465957, 37.452871646053175 ], [ -5.950075761019294, 37.452958225969027 ], [ -5.950998416808737, 37.452854078115067 ], [ -5.954025873600612, 37.452526120950253 ], [ -5.958583522248942, 37.45202463508496 ], [ -5.959596586239275, 37.451918174814288 ], [ -5.961689935721587, 37.451694500125321 ], [ -5.962895226892738, 37.451592178965605 ], [ -5.963016381852198, 37.451582923345299 ], [ -5.964653063161732, 37.451458007761765 ], [ -5.965787717733047, 37.451285313604174 ], [ -5.970015544565219, 37.450449280152263 ], [ -5.970716621993559, 37.450458646171313 ], [ -5.973135610578888, 37.450355642634754 ], [ -5.97311952300046, 37.451705629721609 ], [ -5.973575117482574, 37.451732301748152 ], [ -5.973083056183934, 37.453804509270299 ], [ -5.973241591543528, 37.457805713814544 ], [ -5.972489846466659, 37.460571061778928 ], [ -5.971130124153093, 37.467318756572759 ], [ -5.97261374680376, 37.470943299573634 ], [ -5.974824351557679, 37.475998998797785 ], [ -5.968411936493167, 37.485696578201704 ], [ -5.968669693707253, 37.487636459517653 ], [ -5.968479177017882, 37.487619622850438 ], [ -5.964598501365651, 37.487563946452667 ], [ -5.962081457529262, 37.48739284360105 ], [ -5.961626433055427, 37.487323171564036 ], [ -5.961088023022653, 37.487147436922641 ], [ -5.957556713980382, 37.486488052828669 ], [ -5.956010122888411, 37.486553846070414 ], [ -5.954879526866248, 37.486843418620545 ], [ -5.9545138232418, 37.487032785432334 ], [ -5.953834045038535, 37.487572383148297 ], [ -5.952512887462239, 37.488767756607785 ], [ -5.951658344996519, 37.489753247870318 ], [ -5.951106655102175, 37.490677075980756 ], [ -5.950506695726698, 37.492097674457838 ], [ -5.950531464677465, 37.492439472695018 ], [ -5.950754651865815, 37.492938463898106 ], [ -5.951759599875016, 37.494048647730111 ], [ -5.956856686832948, 37.493398537079663 ], [ -5.957229869961809, 37.493398211998581 ], [ -5.958140057957148, 37.493537601554927 ], [ -5.959112395068367, 37.493819565708044 ], [ -5.960195719889726, 37.494333054487051 ], [ -5.961032234807194, 37.494897750512884 ], [ -5.961710568670985, 37.495466426719126 ], [ -5.962434577190129, 37.496331289915531 ], [ -5.962789215810004, 37.497007170315165 ], [ -5.96292995949773, 37.497706451017102 ], [ -5.962959073861156, 37.498156233741518 ], [ -5.962793707539143, 37.498836141795067 ], [ -5.962411881633025, 37.499476450922344 ], [ -5.959521966534505, 37.498179373408128 ], [ -5.959089465923874, 37.498109073931275 ], [ -5.958851487778241, 37.498097057691012 ], [ -5.95421291655873, 37.498051000858204 ], [ -5.953537516132781, 37.498130968635522 ], [ -5.952038834485435, 37.498555890038503 ], [ -5.950510766864046, 37.498810334912164 ], [ -5.949350949185071, 37.498938418836232 ], [ -5.948166089695424, 37.499004031315614 ], [ -5.947310557819174, 37.49910647678589 ], [ -5.945857027425941, 37.500106868646498 ], [ -5.943191522746139, 37.503651386876861 ], [ -5.94305065030419, 37.504096384740414 ], [ -5.943238184136095, 37.504839545836298 ], [ -5.94372579842899, 37.505449143809209 ], [ -5.944216274968985, 37.505842364400451 ], [ -5.944608623064892, 37.506328166439452 ], [ -5.947269687117091, 37.510145262351188 ], [ -5.947794161824331, 37.511114287154442 ], [ -5.948039025494042, 37.512162370576348 ], [ -5.948072382443345, 37.513296839994645 ], [ -5.947976198628314, 37.513975335831702 ], [ -5.947974976505644, 37.513984087660148 ], [ -5.945905875892043, 37.513720346518255 ], [ -5.945691902972293, 37.513743715032156 ], [ -5.945309067869462, 37.513789307035275 ], [ -5.944185606653731, 37.514087644252477 ], [ -5.942163321648349, 37.514624634247376 ], [ -5.938193561056459, 37.515795701024906 ], [ -5.937548020600687, 37.516064033025501 ], [ -5.936943787589407, 37.516232273265544 ], [ -5.93586629229087, 37.516448290501295 ], [ -5.935388791967791, 37.516676398821247 ], [ -5.934438803001419, 37.516970317558901 ], [ -5.93274750250229, 37.517399806603429 ], [ -5.931352420521378, 37.517884954614352 ], [ -5.92924998059341, 37.518504796771943 ], [ -5.928559159955671, 37.518774225930663 ], [ -5.927804760438732, 37.51915338425664 ], [ -5.92716370596716, 37.519538661301439 ], [ -5.925339247165157, 37.521196777982887 ], [ -5.924165400676792, 37.522424216256532 ], [ -5.923199978581851, 37.5231960018831 ], [ -5.91930407163995, 37.525409869758967 ], [ -5.918831020387185, 37.525754924752917 ], [ -5.918309206952446, 37.526299485235199 ], [ -5.918001755553365, 37.526829661930421 ], [ -5.917286725857239, 37.528514280200334 ], [ -5.916512811135467, 37.529848887398657 ], [ -5.916134744439641, 37.530308743559942 ], [ -5.915456056036084, 37.530893190458393 ], [ -5.914707003709026, 37.531416275079081 ], [ -5.914170318391852, 37.531871040760144 ], [ -5.913453374975441, 37.532636610553794 ], [ -5.911739261867695, 37.53423769750998 ], [ -5.910633598771168, 37.535193002243389 ], [ -5.909229003156672, 37.536317906361703 ], [ -5.908636635286482, 37.537089366192042 ], [ -5.908532680985493, 37.537326230349301 ], [ -5.908294830627083, 37.537611400976878 ], [ -5.90758567904416, 37.537998288606325 ], [ -5.906428896326559, 37.538513353428058 ], [ -5.905544906631533, 37.538769364133643 ], [ -5.904116549048662, 37.538993755941469 ], [ -5.901760334611048, 37.539511224881466 ], [ -5.896357003148935, 37.540238646271078 ], [ -5.894480503930268, 37.540581974843718 ], [ -5.892950854571064, 37.541115062953203 ], [ -5.89214940882492, 37.54145907458895 ], [ -5.890947722281231, 37.542281436397246 ], [ -5.889692102232071, 37.543465521476058 ], [ -5.888070871878385, 37.543388077712756 ], [ -5.887484752181742, 37.543447460422293 ], [ -5.886760311727797, 37.54373550303761 ], [ -5.886544797511379, 37.543722724890294 ], [ -5.886183070687403, 37.543145917252289 ], [ -5.885924287556932, 37.542890922786192 ], [ -5.885767568972822, 37.542642460956927 ], [ -5.885795562201652, 37.5424886117084 ] ] ] ] } },
{ "type": "Feature", "properties": { "viviendas": 6684, "n_flats": 72, "n_rooms": 16, "n_all": 88, "ratio_flats": 1.0771992818671454, "ratio_rooms": 0.23937761819269898, "ratio": 1.3165769000598444, "mean_price": 139.47058823529412, "mean_revenue": 903.85, "profit": 281.88534765454676, "net_profit": 1.0, "ingresos_medios": 9684.8747210612837 }, "geometry": { "type": "MultiPolygon", "coordinates": [ [ [ [ -5.986343572820171, 37.357460144562701 ], [ -5.986265142285964, 37.359255208448246 ], [ -5.985604968771371, 37.359242557872257 ], [ -5.985724635734966, 37.356671557767186 ], [ -5.986388120257893, 37.35669312604071 ], [ -5.986343572820171, 37.357460144562701 ] ] ], [ [ [ -5.999891037341328, 37.373002516089564 ], [ -5.999913263336464, 37.373488491814115 ], [ -5.999971434656828, 37.373554630371743 ], [ -6.000876498184649, 37.37353392667972 ], [ -6.000953690093368, 37.374989356489245 ], [ -6.001016401580222, 37.375107175588752 ], [ -6.001294573800497, 37.375437993532394 ], [ -6.000795373292831, 37.375691688071015 ], [ -6.00030233970964, 37.375949741864474 ], [ -6.000055000904669, 37.375638402606683 ], [ -5.999998627489029, 37.375538502698454 ], [ -5.999916157155347, 37.373614569218368 ], [ -5.999843745810512, 37.373555581625261 ], [ -5.998793528368498, 37.37357997837988 ], [ -5.998765930153358, 37.373033317195947 ], [ -5.998680292583311, 37.371370814137705 ], [ -5.999811159887624, 37.371346639520823 ], [ -5.999891037341328, 37.373002516089564 ] ] ], [ [ [ -6.009239391775587, 37.380421460491405 ], [ -6.009308496683645, 37.380433247835697 ], [ -6.009521482256914, 37.380240854957428 ], [ -6.009977971709555, 37.379787734918395 ], [ -6.010266905114673, 37.379534821150507 ], [ -6.011157863252099, 37.378631351631427 ], [ -6.011928136371504, 37.37787739248251 ], [ -6.01335846357938, 37.37880957115982 ], [ -6.013537192882783, 37.378845516179389 ], [ -6.01449752558042, 37.378886389013779 ], [ -6.014466839821906, 37.379319642936302 ], [ -6.01162639975294, 37.379193826693026 ], [ -6.01150097423248, 37.381059916199256 ], [ -6.009263478557092, 37.381125910354122 ], [ -6.009199835276925, 37.381105018394813 ], [ -6.009178291612566, 37.381056018034521 ], [ -6.009100388906822, 37.380575945448513 ], [ -6.009110796263874, 37.380478823232608 ], [ -6.009148813838628, 37.380441796571105 ], [ -6.009239391775587, 37.380421460491405 ] ] ], [ [ [ -5.997681626612287, 37.397143397675087 ], [ -5.99794838516025, 37.396273867166066 ], [ -5.998555299272572, 37.396346362188403 ], [ -5.999138954609093, 37.396410383511522 ], [ -5.999923361408928, 37.396521106925711 ], [ -5.999801802536751, 37.397003977942553 ], [ -6.000621455054512, 37.397154394141396 ], [ -6.001215539592566, 37.397236170248938 ], [ -6.003099110207406, 37.398089376908707 ], [ -6.001976088083473, 37.399280226664914 ], [ -6.000099616105296, 37.398366037909433 ], [ -5.99963210731185, 37.398161633660777 ], [ -5.999479917949885, 37.398115947903939 ], [ -5.998767391773955, 37.398010155172805 ], [ -5.998945257974773, 37.397363633260909 ], [ -5.997733035284991, 37.39716237596528 ], [ -5.997681626612287, 37.397143397675087 ] ] ], [ [ [ -5.988007329141144, 37.407795404297808 ], [ -5.988190492287158, 37.407896675874674 ], [ -5.988382658124633, 37.408074281318257 ], [ -5.988057670164158, 37.408454129089719 ], [ -5.987397362588512, 37.409261514102781 ], [ -5.987234896053341, 37.409198061544963 ], [ -5.987034350290049, 37.409146793444592 ], [ -5.986781898879002, 37.409083366636679 ], [ -5.986481417315957, 37.409041376938305 ], [ -5.986062898382279, 37.409013645308505 ], [ -5.986155786704747, 37.40873423732485 ], [ -5.985065199164485, 37.408493741736358 ], [ -5.985249009443857, 37.407993516735793 ], [ -5.985459757190196, 37.407416045085995 ], [ -5.987812819695445, 37.40774175014468 ], [ -5.988007329141144, 37.407795404297808 ] ] ], [ [ [ -5.969679540004293, 37.429247338583586 ], [ -5.97252758159169, 37.42564089357473 ], [ -5.974303988859582, 37.423391247002307 ], [ -5.974590066203036, 37.423046181685045 ], [ -5.974729399419112, 37.422905251211724 ], [ -5.974725959295918, 37.422903883546567 ], [ -5.976722511174478, 37.420319171106598 ], [ -5.976784874221262, 37.420434198123317 ], [ -5.976961211854018, 37.421004168385643 ], [ -5.977121486167106, 37.420937057285308 ], [ -5.977324922228382, 37.420814773774232 ], [ -5.977504191240653, 37.420670599735061 ], [ -5.977777050262731, 37.420366366389544 ], [ -5.979261504323453, 37.418261071254499 ], [ -5.979797538564664, 37.417472677603385 ], [ -5.980132152373027, 37.417042988370433 ], [ -5.980818288071133, 37.416086351030472 ], [ -5.980959050737574, 37.415999430988428 ], [ -5.982031746854168, 37.415564674357853 ], [ -5.983251046029932, 37.415265842431666 ], [ -5.983491153758195, 37.413682909503557 ], [ -5.983533966326701, 37.413690852219368 ], [ -5.983607869157882, 37.413679962330754 ], [ -5.983814276187924, 37.413580195126684 ], [ -5.983861878462312, 37.413533910037877 ], [ -5.983880062192147, 37.413466988699625 ], [ -5.986297696288516, 37.41336838460073 ], [ -5.986296111967389, 37.41337107105938 ], [ -5.987882090848181, 37.413333230938299 ], [ -5.987940799011114, 37.413482675552302 ], [ -5.988099395130279, 37.413613798664969 ], [ -5.988209276914662, 37.413656080741752 ], [ -5.983200520150895, 37.421186919786912 ], [ -5.98324562875435, 37.42122859325562 ], [ -5.982852719849412, 37.421808438614008 ], [ -5.982793772090817, 37.421871131580708 ], [ -5.982737743474056, 37.421930720546413 ], [ -5.982683578698768, 37.422215914945241 ], [ -5.98240147587167, 37.424297702580013 ], [ -5.982349111489802, 37.42454904909961 ], [ -5.982174695742708, 37.425233713850922 ], [ -5.981716427766053, 37.426734238450017 ], [ -5.981456765325708, 37.42754048119432 ], [ -5.980766209400779, 37.429718120444733 ], [ -5.980080166941416, 37.431850634132452 ], [ -5.979858866722096, 37.432930714944888 ], [ -5.979698900301909, 37.43389208982218 ], [ -5.980998179511566, 37.43333671555655 ], [ -5.982417843720135, 37.432411105230294 ], [ -5.98256582841696, 37.432251953945119 ], [ -5.983972500663179, 37.430438261580981 ], [ -5.985637877363387, 37.42829087183712 ], [ -5.986145950639463, 37.427629306583562 ], [ -5.98653360411172, 37.427090157082908 ], [ -5.986832877725284, 37.426762705306537 ], [ -5.986834623517711, 37.426760891483603 ], [ -5.989976428416499, 37.423495781239581 ], [ -5.990231584457432, 37.423835359078083 ], [ -5.99209822675332, 37.423902421768304 ], [ -5.9912808054935, 37.424215140921241 ], [ -5.990880219216496, 37.424369421186057 ], [ -5.991231727625759, 37.424684896231994 ], [ -5.992344646176421, 37.42539558366957 ], [ -5.997417516804592, 37.427663735753718 ], [ -6.000826507104299, 37.429000826401271 ], [ -6.003539056718786, 37.430436648972439 ], [ -6.004468322526117, 37.431070767590029 ], [ -6.00527377959744, 37.431717028888642 ], [ -6.006190939356834, 37.432612776599264 ], [ -6.007444710708038, 37.434013514680785 ], [ -6.007852259321362, 37.434597789461883 ], [ -6.00892332733716, 37.436796097938775 ], [ -6.009090656635149, 37.437305420773598 ], [ -6.009324742963409, 37.439200650560657 ], [ -6.009809795196751, 37.441999500602194 ], [ -6.010005578611413, 37.4423729497789 ], [ -6.01033465752077, 37.442688931372018 ], [ -6.010820348816205, 37.442964865307154 ], [ -6.011331958459742, 37.443041950673951 ], [ -6.011555558846754, 37.442982184577197 ], [ -6.012364853333286, 37.442592117967799 ], [ -6.012953563684509, 37.442054528598149 ], [ -6.013417301816862, 37.441502045159815 ], [ -6.013724835909808, 37.440998659345844 ], [ -6.014065757976766, 37.439638433187277 ], [ -6.014078495253748, 37.438547864321862 ], [ -6.01369128568495, 37.434809409787448 ], [ -6.013304240634523, 37.433611912543064 ], [ -6.013141752453246, 37.432940287118541 ], [ -6.013009523973746, 37.431898434926275 ], [ -6.012015268123696, 37.424850690719161 ], [ -6.012024540576775, 37.423390810732045 ], [ -6.012198959331763, 37.422386216581543 ], [ -6.012368823746641, 37.42183222380288 ], [ -6.012618410136325, 37.421294259798479 ], [ -6.01327973666417, 37.420601606337847 ], [ -6.013819776188995, 37.420263461029137 ], [ -6.015248099460327, 37.419821567708702 ], [ -6.016389868633254, 37.419558141977461 ], [ -6.017223516888965, 37.41950085640277 ], [ -6.017994946339707, 37.419580227493896 ], [ -6.019543872983516, 37.419892088456621 ], [ -6.020096054241577, 37.420139255644855 ], [ -6.020492412143002, 37.420444502398261 ], [ -6.021009614534904, 37.420944866790919 ], [ -6.021564317319972, 37.421255034824263 ], [ -6.021999610442646, 37.421685429617639 ], [ -6.022360313711776, 37.42222579144871 ], [ -6.02275829918748, 37.423414008217208 ], [ -6.022891635000162, 37.424482837940204 ], [ -6.023130342701019, 37.425080383944731 ], [ -6.023251437475444, 37.425563874204762 ], [ -6.023224281954715, 37.426573678512703 ], [ -6.023347383076873, 37.427949142257432 ], [ -6.023938325100318, 37.429718044491977 ], [ -6.023846793765204, 37.4302519868641 ], [ -6.023843818140925, 37.430738650869507 ], [ -6.024039506631109, 37.431670690939107 ], [ -6.024338617854178, 37.432365841411936 ], [ -6.025049829069766, 37.433753220166153 ], [ -6.025767385128841, 37.434455658057196 ], [ -6.026381094561961, 37.435386026657014 ], [ -6.026654503176474, 37.435721399893019 ], [ -6.027913808223413, 37.436968588583532 ], [ -6.028118771146048, 37.437287723728339 ], [ -6.028257815356142, 37.437653590324672 ], [ -6.028340444065223, 37.440264445800871 ], [ -6.028741051368641, 37.442632903982208 ], [ -6.028064413564794, 37.44266824009604 ], [ -6.027742143390605, 37.442802645423399 ], [ -6.027528348639829, 37.443105478067778 ], [ -6.026914164085058, 37.444409690260244 ], [ -6.026621314667606, 37.44471454238785 ], [ -6.026134005254378, 37.444961273704678 ], [ -6.025596441957989, 37.445362540415971 ], [ -6.024978777965702, 37.445738731726415 ], [ -6.02365054764158, 37.446151176820869 ], [ -6.023244489457617, 37.446170589724389 ], [ -6.022686928441321, 37.446076726538116 ], [ -6.022331880338387, 37.445959721445661 ], [ -6.021523164392112, 37.4455208189421 ], [ -6.021000287453838, 37.445164816306175 ], [ -6.020528837184695, 37.444681297076094 ], [ -6.020193099933159, 37.444482635950287 ], [ -6.019850069041991, 37.444383291655221 ], [ -6.017962347120718, 37.444089155199123 ], [ -6.015067660970722, 37.443766574873791 ], [ -6.011276119523227, 37.443340710607629 ], [ -6.010186607646323, 37.443224304223627 ], [ -6.009654172872368, 37.443192805193405 ], [ -6.008617855580916, 37.442993967376715 ], [ -6.007451837476875, 37.44378953609985 ], [ -6.00722088232336, 37.443948577366449 ], [ -6.004958179554551, 37.445862285723109 ], [ -6.00400225091839, 37.446544343629583 ], [ -6.002502628042349, 37.447195208065224 ], [ -6.001002438349728, 37.448116347143284 ], [ -6.000491413561682, 37.448336539096047 ], [ -5.999164173394766, 37.448496393762298 ], [ -5.998620468525206, 37.448465131716489 ], [ -5.998005437823627, 37.448345609998128 ], [ -5.997136580228409, 37.448097338819785 ], [ -5.993740196890381, 37.447381524332719 ], [ -5.993037360643515, 37.447327274274279 ], [ -5.992010679145206, 37.447371330440824 ], [ -5.989818465500059, 37.447661082156991 ], [ -5.989228326407872, 37.447883228026271 ], [ -5.988532469871504, 37.448288294097118 ], [ -5.987134415505249, 37.449224709431803 ], [ -5.985955887709689, 37.44971402544747 ], [ -5.985203387974949, 37.449832140735445 ], [ -5.979976112745044, 37.449684816586888 ], [ -5.978737351387258, 37.449797143953454 ], [ -5.977675834247137, 37.450103215475046 ], [ -5.976978664463525, 37.450192902036036 ], [ -5.976403185357261, 37.450216427086396 ], [ -5.973135610578888, 37.450355642634754 ], [ -5.970716621993559, 37.450458646171313 ], [ -5.970015544565219, 37.450449280152263 ], [ -5.965787717733047, 37.451285313604174 ], [ -5.964653063161732, 37.451458007761765 ], [ -5.963016381852198, 37.451582923345299 ], [ -5.973334379413911, 37.435762188392516 ], [ -5.97252284995256, 37.435778091634631 ], [ -5.971517430124636, 37.435717758485204 ], [ -5.970358239842058, 37.435550936403651 ], [ -5.969017001956209, 37.435321101267746 ], [ -5.968677707355837, 37.435246290131559 ], [ -5.968211084378706, 37.43509811536871 ], [ -5.967840466000649, 37.434949725609677 ], [ -5.967426652804502, 37.434737113092829 ], [ -5.967037716973367, 37.434494585159406 ], [ -5.966838267392029, 37.434344146113681 ], [ -5.966504524997559, 37.434057453805913 ], [ -5.967304663758702, 37.432356890561763 ], [ -5.967460991901463, 37.432087161132969 ], [ -5.967724784132691, 37.431722394221019 ], [ -5.969679540004293, 37.429247338583586 ] ] ], [ [ [ -5.934907638744326, 37.339845874770752 ], [ -5.934932301466999, 37.339854553416693 ], [ -5.934862556932662, 37.33994251988107 ], [ -5.934859862211825, 37.34014585695224 ], [ -5.934111349457284, 37.340034456101442 ], [ -5.932404626154382, 37.339685885236655 ], [ -5.93215800507703, 37.339624862030618 ], [ -5.932464924407244, 37.337808246518911 ], [ -5.935204248694157, 37.338040422250849 ], [ -5.934907638744326, 37.339845874770752 ] ] ], [ [ [ -5.963756211196131, 37.360574015301481 ], [ -5.963581829171162, 37.360409426468586 ], [ -5.963508689616746, 37.360366193647295 ], [ -5.96354851437906, 37.360324693798432 ], [ -5.963573102812258, 37.360258750697326 ], [ -5.96354501449359, 37.360142291020836 ], [ -5.963155234574957, 37.359827688338044 ], [ -5.962854402749673, 37.359560434729261 ], [ -5.96320970146536, 37.359364561439108 ], [ -5.962606966043395, 37.358708325438208 ], [ -5.964118198508208, 37.357916871739931 ], [ -5.964449964629405, 37.358756831729757 ], [ -5.965082107988776, 37.358578856152775 ], [ -5.965176775343317, 37.35880056929048 ], [ -5.96517345516867, 37.358803973027136 ], [ -5.966106135700634, 37.359681626778048 ], [ -5.966229500619694, 37.359741604305647 ], [ -5.967150473740596, 37.360479866923399 ], [ -5.966768625213729, 37.360784521285318 ], [ -5.966773689244004, 37.360788589526251 ], [ -5.965795172225723, 37.361517221398579 ], [ -5.965473337083716, 37.360929277758913 ], [ -5.965345051417192, 37.361008787411407 ], [ -5.965057298371846, 37.361214373676887 ], [ -5.964945936181697, 37.361120855259209 ], [ -5.964782235654587, 37.361246625158991 ], [ -5.964617779747612, 37.361284498447816 ], [ -5.963756211196131, 37.360574015301481 ] ] ], [ [ [ -5.960722872929965, 37.376772018666323 ], [ -5.960794119546638, 37.376781506704859 ], [ -5.959498133422491, 37.377471768909018 ], [ -5.957548319108858, 37.378545491532556 ], [ -5.957380098917306, 37.378353744199522 ], [ -5.957256262958079, 37.378169869435126 ], [ -5.957181565910895, 37.378007265300333 ], [ -5.957065485773693, 37.377661043765748 ], [ -5.957031178415543, 37.377456903231057 ], [ -5.957027356152569, 37.377215958900699 ], [ -5.957052979471324, 37.376969777751405 ], [ -5.957214876073488, 37.376253938866576 ], [ -5.960017527089462, 37.376699626561546 ], [ -5.960308675292565, 37.376741903203282 ], [ -5.960315988818209, 37.376721418948492 ], [ -5.960722872929965, 37.376772018666323 ] ] ], [ [ [ -5.970038603779928, 37.380232644779525 ], [ -5.971296947251425, 37.379527468299727 ], [ -5.9716024067536, 37.379873468572235 ], [ -5.971688110664031, 37.380033461368704 ], [ -5.971733798599963, 37.380181030168579 ], [ -5.971688661266628, 37.380718274864023 ], [ -5.971474531157515, 37.382521259495157 ], [ -5.969730522445238, 37.382195635158006 ], [ -5.96992953440863, 37.380384044772484 ], [ -5.96998213014666, 37.380285896207226 ], [ -5.970038603779928, 37.380232644779525 ] ] ], [ [ [ -5.9690995157776, 37.402982895282335 ], [ -5.969440291802025, 37.400888401567215 ], [ -5.969869224011804, 37.40153985901393 ], [ -5.970337713513834, 37.40135916194302 ], [ -5.97093283981511, 37.402353380210911 ], [ -5.9690995157776, 37.402982895282335 ] ] ], [ [ [ -5.926221332857029, 37.411365352742216 ], [ -5.927657778343746, 37.411889811297257 ], [ -5.927656369604315, 37.411892361096982 ], [ -5.928010492726955, 37.412026707080074 ], [ -5.928021508253657, 37.412002593538439 ], [ -5.928194759435199, 37.411693135580414 ], [ -5.928649331859955, 37.411853521051214 ], [ -5.928599482888374, 37.411954888262294 ], [ -5.929364862632437, 37.412214315468162 ], [ -5.928673442603531, 37.413477381789598 ], [ -5.92495029273318, 37.413233937335733 ], [ -5.925374828303994, 37.412473326015451 ], [ -5.925877666833854, 37.411577823604958 ], [ -5.926033414027472, 37.411302038190989 ], [ -5.926221332857029, 37.411365352742216 ] ] ] ] } },
{ "type": "Feature", "properties": { "viviendas": 7488, "n_flats": 110, "n_rooms": 11, "n_all": 121, "ratio_flats": 1.4690170940170941, "ratio_rooms": 0.14690170940170941, "ratio": 1.6159188034188035, "mean_price": 125.42735042735043, "mean_revenue": 801.04772079772079, "profit": 176.13085027456873, "net_profit": 1.0, "ingresos_medios": 12939.297281816429 }, "geometry": { "type": "MultiPolygon", "coordinates": [ [ [ [ -5.986390923259688, 37.356150192567341 ], [ -5.986388120257893, 37.35669312604071 ], [ -5.985724635734966, 37.356671557767186 ], [ -5.985604968771371, 37.359242557872257 ], [ -5.985198215003268, 37.35923707076423 ], [ -5.984863513422403, 37.359270322919436 ], [ -5.984230582798335, 37.359392170312603 ], [ -5.983805702921994, 37.359531294557257 ], [ -5.98116870010141, 37.36053040563656 ], [ -5.981035262893458, 37.360590090827905 ], [ -5.979435642319752, 37.361155285511231 ], [ -5.978558066972702, 37.361470199841101 ], [ -5.977695735640873, 37.359926370749747 ], [ -5.976808219395881, 37.360239346375394 ], [ -5.97594524243269, 37.358677449639202 ], [ -5.977712998589184, 37.358060771306505 ], [ -5.978060021394492, 37.358673761918666 ], [ -5.979864389000448, 37.358028670026826 ], [ -5.979517291927371, 37.357339137721432 ], [ -5.979384303233932, 37.356993238687515 ], [ -5.980186494216079, 37.356842850434113 ], [ -5.980281987904741, 37.357040921097138 ], [ -5.980352428229198, 37.357131484927791 ], [ -5.980493005410547, 37.357218085834894 ], [ -5.980555838023118, 37.357236749037746 ], [ -5.980633381445989, 37.357225788138265 ], [ -5.981001963701549, 37.357853985658899 ], [ -5.986331785147187, 37.355788983726995 ], [ -5.986381103129509, 37.356008498924076 ], [ -5.986390923259688, 37.356150192567341 ] ] ], [ [ [ -5.999811159887624, 37.371346639520823 ], [ -6.001567289262479, 37.371295288354062 ], [ -6.001646349415291, 37.372951219844104 ], [ -5.999891037341328, 37.373002516089564 ], [ -5.999811159887624, 37.371346639520823 ] ] ], [ [ [ -6.014379017796371, 37.380738760100598 ], [ -6.014339560971537, 37.381102448324746 ], [ -6.014221560134492, 37.381150518632282 ], [ -6.014104430736215, 37.381160280791953 ], [ -6.012157667847267, 37.381065734517826 ], [ -6.01150097423248, 37.381059916199256 ], [ -6.01162639975294, 37.379193826693026 ], [ -6.014466839821906, 37.379319642936302 ], [ -6.014379017796371, 37.380738760100598 ] ] ], [ [ [ -5.994740377504415, 37.402624192719408 ], [ -5.995283728411642, 37.401923370690845 ], [ -5.995939486238232, 37.402050941480908 ], [ -5.996024576265257, 37.401857312678878 ], [ -5.996259014714467, 37.401939225065476 ], [ -5.996585256049249, 37.401219118431378 ], [ -5.996244582486258, 37.401169184600235 ], [ -5.996314504608072, 37.400962433476558 ], [ -5.996582624446269, 37.399540985324329 ], [ -5.997977642583443, 37.400188136581043 ], [ -5.99856872154042, 37.398675176438758 ], [ -5.998767391773955, 37.398010155172805 ], [ -5.999479917949885, 37.398115947903939 ], [ -5.99963210731185, 37.398161633660777 ], [ -6.000099616105296, 37.398366037909433 ], [ -6.001976088083473, 37.399280226664914 ], [ -5.999106460958386, 37.402315243187147 ], [ -5.99732015029407, 37.404369867663867 ], [ -5.995823611267191, 37.403524825203426 ], [ -5.99548073279952, 37.403839861230026 ], [ -5.994299424018393, 37.403637786590828 ], [ -5.994911028048982, 37.402930731731317 ], [ -5.994726474451527, 37.402599798565191 ], [ -5.994740377504415, 37.402624192719408 ] ] ], [ [ [ -5.986062898382279, 37.409013645308505 ], [ -5.986481417315957, 37.409041376938305 ], [ -5.986781898879002, 37.409083366636679 ], [ -5.987034350290049, 37.409146793444592 ], [ -5.987234896053341, 37.409198061544963 ], [ -5.987397362588512, 37.409261514102781 ], [ -5.987224337407529, 37.409500150259689 ], [ -5.986701723091373, 37.410340051125658 ], [ -5.984576410469084, 37.409839650765889 ], [ -5.98489610135483, 37.40896429229992 ], [ -5.985065199164485, 37.408493741736358 ], [ -5.986155786704747, 37.40873423732485 ], [ -5.986062898382279, 37.409013645308505 ] ] ], [ [ [ -5.982793772090817, 37.421871131580708 ], [ -5.985559802235349, 37.42180524242621 ], [ -5.985569165613676, 37.422146796135301 ], [ -5.98605224954916, 37.422144641441946 ], [ -5.986053446967753, 37.422174768610624 ], [ -5.986427269842356, 37.422172022724624 ], [ -5.986506422663381, 37.422166505393712 ], [ -5.986543680975678, 37.422163908044304 ], [ -5.986562650754965, 37.422489597965537 ], [ -5.986301299023609, 37.422509710416136 ], [ -5.986229582825082, 37.422574595781278 ], [ -5.98613972716164, 37.422619679479695 ], [ -5.985943644218421, 37.42262463502761 ], [ -5.985939360207872, 37.422597690028752 ], [ -5.98589360129331, 37.422592074515912 ], [ -5.985879324278569, 37.422569958606616 ], [ -5.985872225627188, 37.422452976461628 ], [ -5.985581011892968, 37.422458087271529 ], [ -5.985602963723402, 37.423052204992565 ], [ -5.984519371244751, 37.423081833201941 ], [ -5.984442726723962, 37.423218975198374 ], [ -5.98389580714991, 37.423235040992225 ], [ -5.984654403678674, 37.424353397309893 ], [ -5.984778518447903, 37.424512467091205 ], [ -5.984805796666092, 37.424608639435831 ], [ -5.98477680720948, 37.424661168350937 ], [ -5.984668878917398, 37.42471796188952 ], [ -5.984432745603959, 37.424883860954921 ], [ -5.98446814273586, 37.424662212291423 ], [ -5.984450665106338, 37.424597328272398 ], [ -5.984397023833126, 37.424508592527374 ], [ -5.984237162067021, 37.424492334680536 ], [ -5.983633484271522, 37.42449859284396 ], [ -5.982349111489802, 37.42454904909961 ], [ -5.98240147587167, 37.424297702580013 ], [ -5.982683578698768, 37.422215914945241 ], [ -5.982737743474056, 37.421930720546413 ], [ -5.982793772090817, 37.421871131580708 ] ] ], [ [ [ -5.936570570981694, 37.319065187350461 ], [ -5.935804392084596, 37.317787260723918 ], [ -5.932926053884687, 37.313777101238252 ], [ -5.930217806778598, 37.310449274069356 ], [ -5.926161482597545, 37.304370098326736 ], [ -5.925148563380858, 37.303434939785923 ], [ -5.925487280226858, 37.303223331043029 ], [ -5.925534247346347, 37.30320309583638 ], [ -5.925333448932393, 37.302950578402601 ], [ -5.92497243768697, 37.302568513935483 ], [ -5.924879351241432, 37.30232286830217 ], [ -5.924680993774339, 37.301517174103658 ], [ -5.924686235118306, 37.300420349277118 ], [ -5.924569727250343, 37.298492093833758 ], [ -5.924614884301363, 37.297878215300578 ], [ -5.924663549617012, 37.297216652934289 ], [ -5.924752291609129, 37.296580282087461 ], [ -5.924731718368522, 37.296049367153259 ], [ -5.924739160396969, 37.296050274305841 ], [ -5.924848154731436, 37.29604769299776 ], [ -5.924920354144744, 37.296033653410639 ], [ -5.924974078835167, 37.296013943376707 ], [ -5.925033144816049, 37.295975742532775 ], [ -5.925186904085073, 37.295880095404527 ], [ -5.925304603565815, 37.295791412503725 ], [ -5.925511376170912, 37.295657730809744 ], [ -5.925623359157083, 37.295575371352491 ], [ -5.925705091328135, 37.295499831714466 ], [ -5.925822549467928, 37.295405099006572 ], [ -5.925925111438742, 37.295315110412055 ], [ -5.92643514772889, 37.294853475654975 ], [ -5.926524619059335, 37.294783408161628 ], [ -5.926555483177962, 37.294762605169396 ], [ -5.926589903760763, 37.294739424502708 ], [ -5.926637787760285, 37.294710746524856 ], [ -5.927507145961592, 37.295205617207991 ], [ -5.9278027764901, 37.295441478899612 ], [ -5.928136773291781, 37.295743144726011 ], [ -5.928680342997336, 37.296216044219911 ], [ -5.92883477190676, 37.296350497854093 ], [ -5.928894859939443, 37.296668482063332 ], [ -5.928985039396959, 37.297184637512544 ], [ -5.928989440842126, 37.297184326652122 ], [ -5.928997681494161, 37.297333397626851 ], [ -5.929009392445802, 37.29754526556475 ], [ -5.929117074201726, 37.298723047454224 ], [ -5.929202046806227, 37.299315293618967 ], [ -5.930668999929264, 37.299039575156819 ], [ -5.931873695489403, 37.298663024214335 ], [ -5.933054211295243, 37.298196256249128 ], [ -5.933972788034588, 37.297636914726539 ], [ -5.934044505089842, 37.297564780719725 ], [ -5.939143895671834, 37.294302207170972 ], [ -5.939311503895813, 37.294232401209854 ], [ -5.939718534483448, 37.293959973702435 ], [ -5.939784108378039, 37.294057078564045 ], [ -5.94057700064057, 37.294800281620638 ], [ -5.942109024730893, 37.297356088365177 ], [ -5.942830345486567, 37.298711387139932 ], [ -5.943581424207005, 37.30082885457513 ], [ -5.944237137869369, 37.302948691363511 ], [ -5.944451752910815, 37.303553679241425 ], [ -5.944302566439624, 37.304625473561892 ], [ -5.94399228875865, 37.306464193376328 ], [ -5.943127333416905, 37.308774468555022 ], [ -5.942342885419271, 37.310701277393093 ], [ -5.94138538701593, 37.313090134868723 ], [ -5.940913882575593, 37.315695771932248 ], [ -5.940997100668519, 37.317829860125585 ], [ -5.941766118853177, 37.321164214916791 ], [ -5.941669842636818, 37.321141765990554 ], [ -5.93993130264172, 37.320736366627692 ], [ -5.938526723690742, 37.320237246039888 ], [ -5.936570570981694, 37.319065187350461 ] ] ], [ [ [ -5.972042313543588, 37.377184036262292 ], [ -5.970163639016898, 37.378249446636545 ], [ -5.971296947251425, 37.379527468299727 ], [ -5.970038603779928, 37.380232644779525 ], [ -5.96998213014666, 37.380285896207226 ], [ -5.96992953440863, 37.380384044772484 ], [ -5.969072039844431, 37.379227481343676 ], [ -5.968784199785213, 37.379203156685286 ], [ -5.968813319269567, 37.378943391535309 ], [ -5.968846355386917, 37.378854705892266 ], [ -5.969237116702678, 37.377977635960931 ], [ -5.969905065526531, 37.376559758048288 ], [ -5.971903921087024, 37.377128943423301 ], [ -5.972042313543588, 37.377184036262292 ] ] ], [ [ [ -5.950775089040186, 37.384060223099439 ], [ -5.951087675899468, 37.381700685870861 ], [ -5.952442646919689, 37.381087909528226 ], [ -5.952182019241191, 37.383099301762002 ], [ -5.950775089040186, 37.384060223099439 ] ] ], [ [ [ -5.969385019393482, 37.400155452418034 ], [ -5.969437877535779, 37.400291529443223 ], [ -5.969460774397242, 37.400450870781498 ], [ -5.969440291802025, 37.400888401567215 ], [ -5.9690995157776, 37.402982895282335 ], [ -5.969025170210318, 37.402988118482213 ], [ -5.967153428890792, 37.403119594468748 ], [ -5.966561274246252, 37.40315474280083 ], [ -5.965062223583707, 37.403027923749441 ], [ -5.964733124115503, 37.402984384084704 ], [ -5.964891423356182, 37.40284075461129 ], [ -5.96693431004601, 37.401514482408288 ], [ -5.968764204357364, 37.400499926631362 ], [ -5.969385019393482, 37.400155452418034 ] ] ], [ [ [ -5.919004784324706, 37.410941631745388 ], [ -5.919342693102969, 37.410329199399769 ], [ -5.920289841421271, 37.410706315487616 ], [ -5.920302434883822, 37.410684667691463 ], [ -5.920754032912805, 37.410807164811189 ], [ -5.922025993562931, 37.411262436938735 ], [ -5.922020475615225, 37.411272294184592 ], [ -5.925374828303994, 37.412473326015451 ], [ -5.92495029273318, 37.413233937335733 ], [ -5.923274520487115, 37.413106457783982 ], [ -5.922801533194558, 37.413016769954773 ], [ -5.919111500875981, 37.411776661320133 ], [ -5.918637267270793, 37.411617307464439 ], [ -5.918992252608525, 37.410950249290643 ], [ -5.918998631706122, 37.410952783160305 ], [ -5.918999827220517, 37.410953258218491 ], [ -5.919004784324706, 37.410941631745388 ] ] ] ] } },
{ "type": "Feature", "properties": { "viviendas": 6922, "n_flats": 134, "n_rooms": 15, "n_all": 149, "ratio_flats": 1.9358566888182607, "ratio_rooms": 0.21670037561398439, "ratio": 2.1525570644322451, "mean_price": 148.82608695652175, "mean_revenue": 679.26207729468604, "profit": 99.005989549445758, "net_profit": 1.0, "ingresos_medios": 13781.083411566518 }, "geometry": { "type": "MultiPolygon", "coordinates": [ [ [ [ -5.986381103129509, 37.356008498924076 ], [ -5.986331785147187, 37.355788983726995 ], [ -5.98861689145521, 37.354904524961029 ], [ -5.988746365439498, 37.354860713778841 ], [ -5.988624214485843, 37.357481344967034 ], [ -5.987611387693681, 37.357457378663149 ], [ -5.987452651405069, 37.357501931990591 ], [ -5.986343572820171, 37.357460144562701 ], [ -5.986388120257893, 37.35669312604071 ], [ -5.986390923259688, 37.356150192567341 ], [ -5.986381103129509, 37.356008498924076 ] ] ], [ [ [ -6.00382428940189, 37.371375358897595 ], [ -6.003737906631578, 37.37181008139558 ], [ -6.003583444440209, 37.37232534714768 ], [ -6.003510270902471, 37.3728971017498 ], [ -6.001646349415291, 37.372951219844104 ], [ -6.001567289262479, 37.371295288354062 ], [ -6.001899902964276, 37.371286841744606 ], [ -6.002810894661328, 37.371306516201869 ], [ -6.00382428940189, 37.371375358897595 ] ] ], [ [ [ -5.96582284619931, 37.381503096353477 ], [ -5.966169826687868, 37.378716922207971 ], [ -5.968779395732279, 37.378892447083992 ], [ -5.968846355386917, 37.378854705892266 ], [ -5.968813319269567, 37.378943391535309 ], [ -5.968784199785213, 37.379203156685286 ], [ -5.969072039844431, 37.379227481343676 ], [ -5.96992953440863, 37.380384044772484 ], [ -5.969730522445238, 37.382195635158006 ], [ -5.969282942448872, 37.382105534820028 ], [ -5.966986168830618, 37.381676631700934 ], [ -5.966389518325379, 37.38157448396818 ], [ -5.96582284619931, 37.381503096353477 ] ] ], [ [ [ -6.00511839958202, 37.386847151125735 ], [ -6.005470663858699, 37.38718958166713 ], [ -6.005721214579788, 37.387392710452211 ], [ -6.006265884121951, 37.387736997762062 ], [ -6.006825899283462, 37.387335291191448 ], [ -6.006856690140816, 37.387336755699508 ], [ -6.006569496437406, 37.387037740754351 ], [ -6.006229434237165, 37.386620636277947 ], [ -6.005747564334428, 37.386117047305731 ], [ -6.005423664409508, 37.385737841116168 ], [ -6.005255457982138, 37.385431250976417 ], [ -6.005135359548184, 37.385004067759255 ], [ -6.005167125116341, 37.38494243942614 ], [ -6.005397963054686, 37.384873497493416 ], [ -6.005842884931712, 37.384603097654249 ], [ -6.006305197019677, 37.385032871377426 ], [ -6.006591252635325, 37.385250890538067 ], [ -6.007783473942992, 37.385979667667868 ], [ -6.007807512119857, 37.386841800751256 ], [ -6.007776590845044, 37.38735392771919 ], [ -6.007779111867219, 37.387937245339216 ], [ -6.008358608727653, 37.388159050424974 ], [ -6.008117551333505, 37.388665270993869 ], [ -6.007747399874776, 37.388577811629894 ], [ -6.007741331589921, 37.388652293239296 ], [ -6.007828019849116, 37.389213244733305 ], [ -6.008018003778795, 37.390192798477791 ], [ -6.006422254543726, 37.390361782502325 ], [ -6.006343074480897, 37.389890765069758 ], [ -6.005992644565833, 37.389090982800568 ], [ -6.004595140199062, 37.387763724363765 ], [ -6.004152324236729, 37.387450592949634 ], [ -6.00467015989952, 37.387176145582593 ], [ -6.00471329789737, 37.387089464429998 ], [ -6.004765660076994, 37.387036300419396 ], [ -6.00511839958202, 37.386847151125735 ] ] ], [ [ [ -5.983171714742951, 37.409003350567509 ], [ -5.983251651096968, 37.408593624660071 ], [ -5.98489610135483, 37.40896429229992 ], [ -5.984576410469084, 37.409839650765889 ], [ -5.984202079866038, 37.410862784538594 ], [ -5.983850557811437, 37.411896577204381 ], [ -5.983591673041274, 37.411256581549672 ], [ -5.983133823004698, 37.410076536763327 ], [ -5.983073184445862, 37.409780709993974 ], [ -5.983063039708888, 37.409582759558994 ], [ -5.983171714742951, 37.409003350567509 ] ] ], [ [ [ -5.984654403678674, 37.424353397309893 ], [ -5.98389580714991, 37.423235040992225 ], [ -5.984442726723962, 37.423218975198374 ], [ -5.984519371244751, 37.423081833201941 ], [ -5.985602963723402, 37.423052204992565 ], [ -5.985581011892968, 37.422458087271529 ], [ -5.985872225627188, 37.422452976461628 ], [ -5.985879324278569, 37.422569958606616 ], [ -5.98589360129331, 37.422592074515912 ], [ -5.985939360207872, 37.422597690028752 ], [ -5.985943644218421, 37.42262463502761 ], [ -5.98613972716164, 37.422619679479695 ], [ -5.986229582825082, 37.422574595781278 ], [ -5.986301299023609, 37.422509710416136 ], [ -5.986562650754965, 37.422489597965537 ], [ -5.986543680975678, 37.422163908044304 ], [ -5.986506422663381, 37.422166505393712 ], [ -5.986464541871817, 37.421701243621904 ], [ -5.988932453746827, 37.421566426997167 ], [ -5.988993814678225, 37.421851455731847 ], [ -5.989427456163201, 37.422662040491389 ], [ -5.987535907005632, 37.423390662602756 ], [ -5.987219365508065, 37.423398669019008 ], [ -5.987053461761714, 37.423436241853949 ], [ -5.987056025558195, 37.423350351467953 ], [ -5.986679190935744, 37.423345577010608 ], [ -5.986676438456168, 37.423426703780883 ], [ -5.986348140213718, 37.423439773545503 ], [ -5.986376022434309, 37.423238808907911 ], [ -5.985610789231929, 37.423239082608674 ], [ -5.985641351947836, 37.424158552982107 ], [ -5.985695189806485, 37.424309770491163 ], [ -5.985869477563114, 37.425235143133136 ], [ -5.986050825988737, 37.425435586306705 ], [ -5.986119348820417, 37.425805765428912 ], [ -5.986834623517711, 37.426760891483603 ], [ -5.986832877725284, 37.426762705306537 ], [ -5.98653360411172, 37.427090157082908 ], [ -5.985206355017099, 37.42519097992141 ], [ -5.98491551197833, 37.424801839124555 ], [ -5.98477680720948, 37.424661168350937 ], [ -5.984805796666092, 37.424608639435831 ], [ -5.984778518447903, 37.424512467091205 ], [ -5.984654403678674, 37.424353397309893 ] ] ], [ [ [ -5.921565527003284, 37.328485201305156 ], [ -5.921504084705781, 37.32814951293421 ], [ -5.921454210345113, 37.327962016865392 ], [ -5.921401415050941, 37.327848835666082 ], [ -5.921338126049528, 37.327715852094904 ], [ -5.921209869137516, 37.32750397582884 ], [ -5.92109514672904, 37.327344378174331 ], [ -5.920926417749905, 37.327138173680879 ], [ -5.920754504074832, 37.326950572922186 ], [ -5.920545556426179, 37.326757758540317 ], [ -5.92043518098427, 37.326658375646623 ], [ -5.920210041823277, 37.326496872191179 ], [ -5.920042921224997, 37.326383413606166 ], [ -5.919837250131528, 37.326274037254954 ], [ -5.919614092002475, 37.326163510998242 ], [ -5.919395470690383, 37.326069920726304 ], [ -5.919128149861467, 37.325971327688151 ], [ -5.918778742685751, 37.325851570457338 ], [ -5.918551372928334, 37.325731860471862 ], [ -5.918347110509449, 37.325559021355019 ], [ -5.91821405880825, 37.325375147485211 ], [ -5.918126278740607, 37.325208678636933 ], [ -5.918056853682722, 37.324965973011928 ], [ -5.918033455236966, 37.324712845650232 ], [ -5.918065985155129, 37.323326048644205 ], [ -5.917939845707902, 37.321805609368681 ], [ -5.925745370961347, 37.323996723299587 ], [ -5.926357752267325, 37.324160778945057 ], [ -5.92680273952447, 37.324060157382782 ], [ -5.928880744835751, 37.322664436910891 ], [ -5.929749112893805, 37.321908024152748 ], [ -5.9300786455882, 37.321147076114748 ], [ -5.930114570366876, 37.321073312778317 ], [ -5.93017151669844, 37.320956366828639 ], [ -5.930223658765811, 37.321001150300638 ], [ -5.93099241039389, 37.321661408087678 ], [ -5.931062140480761, 37.321708122268447 ], [ -5.931923700338996, 37.322451219247533 ], [ -5.932219508489151, 37.322854072918133 ], [ -5.932477649342646, 37.323288924773372 ], [ -5.933122423999144, 37.324459994163192 ], [ -5.933026535983843, 37.324492270897274 ], [ -5.932384951853425, 37.324708230344946 ], [ -5.931546669919403, 37.324965164832889 ], [ -5.930720299062726, 37.325128587896117 ], [ -5.929838794019598, 37.325274728283823 ], [ -5.930308255271165, 37.325940518527766 ], [ -5.930529800063201, 37.326268540507634 ], [ -5.930734253551296, 37.326527073742845 ], [ -5.930812809850313, 37.326649899521847 ], [ -5.930364793124024, 37.326893941521504 ], [ -5.929383483484255, 37.327394701501653 ], [ -5.928440616682304, 37.327894501246575 ], [ -5.927868794303422, 37.328285206621068 ], [ -5.927654238384033, 37.328459578871637 ], [ -5.927335420296548, 37.32867495635297 ], [ -5.927055057096462, 37.328889379970427 ], [ -5.926858830727218, 37.329040244680783 ], [ -5.926591653831731, 37.32934655540209 ], [ -5.926407126313649, 37.329550920593931 ], [ -5.926230124414494, 37.329701308406655 ], [ -5.926041423223274, 37.329798192912207 ], [ -5.925729579826568, 37.329839009501015 ], [ -5.925494342786181, 37.329834950756158 ], [ -5.92502526122033, 37.329703296358709 ], [ -5.924574148853238, 37.329556375471896 ], [ -5.924224794235815, 37.329481036983381 ], [ -5.923200060552018, 37.32937793944636 ], [ -5.922131925481847, 37.329307203878912 ], [ -5.92190823326788, 37.328981061538514 ], [ -5.921581087164363, 37.328636398292055 ], [ -5.921587107838866, 37.328591403636423 ], [ -5.921565527003284, 37.328485201305156 ] ] ], [ [ [ -5.966419753889884, 37.366814558799518 ], [ -5.96920202566469, 37.369118953719962 ], [ -5.9690479034627, 37.369285031476174 ], [ -5.969049877303859, 37.36928672995014 ], [ -5.968385302011714, 37.370055434315333 ], [ -5.968047298319246, 37.369771937677726 ], [ -5.968062798947646, 37.369758041375569 ], [ -5.963360736212793, 37.36586857217663 ], [ -5.965183558581718, 37.364462305377693 ], [ -5.965522164025229, 37.36472410005122 ], [ -5.965539878760223, 37.364710539584145 ], [ -5.966229836474975, 37.365332403218417 ], [ -5.966486848128908, 37.365141193566373 ], [ -5.967262544933742, 37.365779721876514 ], [ -5.966419753889884, 37.366814558799518 ] ] ], [ [ [ -5.94787255963452, 37.383180578497736 ], [ -5.948403963456411, 37.382939023745436 ], [ -5.949122113422435, 37.382571951738711 ], [ -5.950063722642586, 37.38216549293314 ], [ -5.951087675899468, 37.381700685870861 ], [ -5.950775089040186, 37.384060223099439 ], [ -5.950729759240492, 37.384408281561043 ], [ -5.950266983090508, 37.384413038313383 ], [ -5.949974306244934, 37.384436120048498 ], [ -5.949899187865423, 37.384492084815221 ], [ -5.949781266057948, 37.384422929889773 ], [ -5.9492117687988, 37.384860611295672 ], [ -5.94891556278246, 37.384951352327519 ], [ -5.948655997379219, 37.385162848557229 ], [ -5.948647998876489, 37.38516592617956 ], [ -5.94855676864628, 37.385201361290548 ], [ -5.948369238946364, 37.385119434816623 ], [ -5.948372143529125, 37.38459721492967 ], [ -5.947846064012642, 37.384286106247387 ], [ -5.94787255963452, 37.383180578497736 ] ] ], [ [ [ -5.968743853641844, 37.399130493754555 ], [ -5.96942385999512, 37.400135121328482 ], [ -5.969385019393482, 37.400155452418034 ], [ -5.968764204357364, 37.400499926631362 ], [ -5.96693431004601, 37.401514482408288 ], [ -5.964891423356182, 37.40284075461129 ], [ -5.964733124115503, 37.402984384084704 ], [ -5.964725750203117, 37.402984569144266 ], [ -5.964252212281938, 37.402922097534329 ], [ -5.963868821069827, 37.402884363583212 ], [ -5.967712486738461, 37.399929377239587 ], [ -5.967704989225945, 37.399923246434589 ], [ -5.968725501056451, 37.399144498814067 ], [ -5.968743853641844, 37.399130493754555 ] ] ], [ [ [ -5.916091889898007, 37.408372016973146 ], [ -5.916244220353727, 37.40831758293961 ], [ -5.916633028115022, 37.408170271269917 ], [ -5.91695825396895, 37.408651319620979 ], [ -5.917058120518476, 37.409125512664318 ], [ -5.917512974442672, 37.409298451678623 ], [ -5.917352142255608, 37.409703234091644 ], [ -5.918720501999149, 37.410147417001092 ], [ -5.918725859413119, 37.410137925198455 ], [ -5.918413943479679, 37.410733603438018 ], [ -5.919018528001296, 37.410909392395943 ], [ -5.919004784324706, 37.410941631745388 ], [ -5.918999827220517, 37.410953258218491 ], [ -5.918998631706122, 37.410952783160305 ], [ -5.918992252608525, 37.410950249290643 ], [ -5.918637267270793, 37.411617307464439 ], [ -5.915920438529686, 37.410704335338288 ], [ -5.915443426921854, 37.410515623239498 ], [ -5.914926788968248, 37.410273819034103 ], [ -5.914466596193865, 37.409999119303727 ], [ -5.914107301196527, 37.409708346854181 ], [ -5.913667328893753, 37.409259665107385 ], [ -5.913452131134005, 37.408911323270189 ], [ -5.913818900341175, 37.408888733922474 ], [ -5.914424220418177, 37.408798629449976 ], [ -5.914598592759308, 37.408772667346462 ], [ -5.915142462784414, 37.408666872963963 ], [ -5.915654977305946, 37.408528083216403 ], [ -5.916091889898007, 37.408372016973146 ] ] ] ] } },
{ "type": "Feature", "properties": { "viviendas": 6888, "n_flats": 119, "n_rooms": 19, "n_all": 138, "ratio_flats": 1.7276422764227641, "ratio_rooms": 0.27584204413472707, "ratio": 2.003484320557491, "mean_price": 188.2734375, "mean_revenue": 884.3828125, "profit": 259.83013093080001, "net_profit": 1.0, "ingresos_medios": 13833.169922236291 }, "geometry": { "type": "MultiPolygon", "coordinates": [ [ [ [ -5.979736176193454, 37.356257288524951 ], [ -5.979665140726785, 37.35619600497273 ], [ -5.979617678499445, 37.356120562428501 ], [ -5.979607246659863, 37.35601272740201 ], [ -5.979623857355694, 37.355960507309796 ], [ -5.979689600010031, 37.35587324595749 ], [ -5.979787950503592, 37.355814483077502 ], [ -5.978278522321826, 37.353282264848886 ], [ -5.978377995207324, 37.35327294697268 ], [ -5.978641342611388, 37.353453283932183 ], [ -5.981125807542586, 37.353176677384283 ], [ -5.981171228476645, 37.353335504009785 ], [ -5.981618382834692, 37.35326115494572 ], [ -5.98160828992463, 37.353229854286788 ], [ -5.98166134681489, 37.353219492502262 ], [ -5.981664933008535, 37.353230674346506 ], [ -5.982572545083785, 37.353079381545818 ], [ -5.983973457940307, 37.352939474736374 ], [ -5.983991215968859, 37.352937700917877 ], [ -5.984722266406457, 37.352653460569165 ], [ -5.986571012868153, 37.3521539785717 ], [ -5.98662941968003, 37.352082676512765 ], [ -5.988172729003194, 37.351584155108448 ], [ -5.988418491454309, 37.351618480951345 ], [ -5.988723334935956, 37.35187433171501 ], [ -5.988751248835791, 37.352013278908643 ], [ -5.98861689145521, 37.354904524961029 ], [ -5.986331785147187, 37.355788983726995 ], [ -5.981001963701549, 37.357853985658899 ], [ -5.980633381445989, 37.357225788138265 ], [ -5.980555838023118, 37.357236749037746 ], [ -5.980493005410547, 37.357218085834894 ], [ -5.980352428229198, 37.357131484927791 ], [ -5.980281987904741, 37.357040921097138 ], [ -5.980186494216079, 37.356842850434113 ], [ -5.980090989181424, 37.356622229924604 ], [ -5.979882573340773, 37.356312112501946 ], [ -5.979736176193454, 37.356257288524951 ] ] ], [ [ [ -6.003594051512105, 37.373462633040248 ], [ -6.001675839746964, 37.3735136310641 ], [ -6.001718966670358, 37.374514903861879 ], [ -6.001743839617594, 37.374595351888786 ], [ -6.002094866128327, 37.375023469538348 ], [ -6.001294573800497, 37.375437993532394 ], [ -6.001016401580222, 37.375107175588752 ], [ -6.000953690093368, 37.374989356489245 ], [ -6.000876498184649, 37.37353392667972 ], [ -5.999971434656828, 37.373554630371743 ], [ -5.999913263336464, 37.373488491814115 ], [ -5.999891037341328, 37.373002516089564 ], [ -6.001646349415291, 37.372951219844104 ], [ -6.003510270902471, 37.3728971017498 ], [ -6.003506152093043, 37.373036858661699 ], [ -6.003594051512105, 37.373462633040248 ] ] ], [ [ [ -6.010647790562619, 37.384453802327464 ], [ -6.010696988458202, 37.384828736343394 ], [ -6.011262304749499, 37.385048582164103 ], [ -6.011262637371446, 37.385740147479844 ], [ -6.010794693381531, 37.385907516690466 ], [ -6.009988945673443, 37.384934608706004 ], [ -6.009806997703223, 37.385042897633575 ], [ -6.009142233425185, 37.384271370152618 ], [ -6.010309373391048, 37.383662731775075 ], [ -6.010321952202062, 37.383651153505092 ], [ -6.010578343477397, 37.384198792922504 ], [ -6.010647790562619, 37.384453802327464 ] ] ], [ [ [ -5.993708688805707, 37.400451809465117 ], [ -5.993688732408374, 37.400425279886299 ], [ -5.993972881959203, 37.398793951909418 ], [ -5.994744695017268, 37.398943354165347 ], [ -5.995034500480958, 37.397751124010298 ], [ -5.995424680032017, 37.397867381154299 ], [ -5.995718082582457, 37.397918534391493 ], [ -5.99735048115951, 37.398354693726766 ], [ -5.997509921494395, 37.397803250368902 ], [ -5.998767391773955, 37.398010155172805 ], [ -5.99856872154042, 37.398675176438758 ], [ -5.997977642583443, 37.400188136581043 ], [ -5.996582624446269, 37.399540985324329 ], [ -5.996314504608072, 37.400962433476558 ], [ -5.996244582486258, 37.401169184600235 ], [ -5.995368027258016, 37.400907591809357 ], [ -5.993964066210958, 37.400447588335879 ], [ -5.993738485214386, 37.400460078453243 ], [ -5.993708688805707, 37.400451809465117 ] ] ], [ [ [ -5.983487448139444, 37.413272004656434 ], [ -5.983650638451786, 37.412692348422908 ], [ -5.983654276057258, 37.41269218265284 ], [ -5.983850557811437, 37.411896577204381 ], [ -5.984202079866038, 37.410862784538594 ], [ -5.986103214555778, 37.411308049747099 ], [ -5.985947268183811, 37.411510196574696 ], [ -5.985346738616531, 37.412153854844355 ], [ -5.984934189253507, 37.412524706322088 ], [ -5.984180540338052, 37.413196987392581 ], [ -5.983844699596046, 37.413439752793366 ], [ -5.983887757871541, 37.413438665086119 ], [ -5.983880062192147, 37.413466988699625 ], [ -5.983861878462312, 37.413533910037877 ], [ -5.983814276187924, 37.413580195126684 ], [ -5.983607869157882, 37.413679962330754 ], [ -5.983533966326701, 37.413690852219368 ], [ -5.983491153758195, 37.413682909503557 ], [ -5.983344298404366, 37.413607803209793 ], [ -5.983287408431739, 37.41355293838302 ], [ -5.983244739617135, 37.41349710614405 ], [ -5.983487448139444, 37.413272004656434 ] ] ], [ [ [ -5.986119348820417, 37.425805765428912 ], [ -5.986050825988737, 37.425435586306705 ], [ -5.985869477563114, 37.425235143133136 ], [ -5.985695189806485, 37.424309770491163 ], [ -5.985641351947836, 37.424158552982107 ], [ -5.985610789231929, 37.423239082608674 ], [ -5.986376022434309, 37.423238808907911 ], [ -5.986348140213718, 37.423439773545503 ], [ -5.986676438456168, 37.423426703780883 ], [ -5.986679190935744, 37.423345577010608 ], [ -5.987056025558195, 37.423350351467953 ], [ -5.987053461761714, 37.423436241853949 ], [ -5.987219365508065, 37.423398669019008 ], [ -5.987535907005632, 37.423390662602756 ], [ -5.989427456163201, 37.422662040491389 ], [ -5.989428986742693, 37.422664901346991 ], [ -5.989976428416499, 37.423495781239581 ], [ -5.986834623517711, 37.426760891483603 ], [ -5.986119348820417, 37.425805765428912 ] ] ], [ [ [ -5.924809029542188, 37.338029678382512 ], [ -5.924585583008196, 37.337770395199897 ], [ -5.924329052946638, 37.337500689048873 ], [ -5.92434500474502, 37.33748237286725 ], [ -5.924815676108929, 37.336940742467924 ], [ -5.925194201793526, 37.336505192078917 ], [ -5.925222940682985, 37.336472205174232 ], [ -5.925381310030857, 37.336290008558834 ], [ -5.925650417997949, 37.335980284293363 ], [ -5.92617165543261, 37.335401449597541 ], [ -5.92631877091793, 37.335238038507605 ], [ -5.927026769651104, 37.334461292731042 ], [ -5.927042424766943, 37.334443912558783 ], [ -5.927222588589315, 37.334243899351065 ], [ -5.927314000915196, 37.334142317056916 ], [ -5.927674476236784, 37.333742063361193 ], [ -5.929130719192975, 37.334605960369657 ], [ -5.930399957756641, 37.335061402610947 ], [ -5.926824954956842, 37.33906361157868 ], [ -5.926630575181345, 37.33901821082619 ], [ -5.926492782216682, 37.338965299512999 ], [ -5.926351221170036, 37.338926655276794 ], [ -5.926207354871097, 37.338881535117736 ], [ -5.926041659839591, 37.33882366421637 ], [ -5.925909434848019, 37.338775930741058 ], [ -5.925868199990063, 37.338761006815254 ], [ -5.925675079294399, 37.338696231651952 ], [ -5.925611038282414, 37.338668233371898 ], [ -5.925540353442003, 37.338640607634943 ], [ -5.925445517775327, 37.33859404867863 ], [ -5.925402934236706, 37.338595543172602 ], [ -5.925316955667423, 37.338599111766442 ], [ -5.925262188679663, 37.338565955787672 ], [ -5.924913016684639, 37.338152629235807 ], [ -5.924809029542188, 37.338029678382512 ] ] ], [ [ [ -5.973572073681056, 37.370581452645055 ], [ -5.973782642780786, 37.370616675491824 ], [ -5.973958031205181, 37.370612262499115 ], [ -5.974774363918439, 37.37051741317191 ], [ -5.974913946145368, 37.370468816300765 ], [ -5.975262436166946, 37.370980431277637 ], [ -5.975319562509632, 37.371082591849735 ], [ -5.975604235678186, 37.372492340338297 ], [ -5.974478336691989, 37.372619805674681 ], [ -5.974445573203365, 37.372345824796433 ], [ -5.974663083202834, 37.372157880444739 ], [ -5.974598179047483, 37.372112199419412 ], [ -5.97378645478318, 37.372204684593584 ], [ -5.973630170437067, 37.372188356221152 ], [ -5.973521743951508, 37.37214827062742 ], [ -5.972049910583667, 37.370939604469264 ], [ -5.972832248295681, 37.37035001545965 ], [ -5.972423456688032, 37.370123774864844 ], [ -5.971880933704795, 37.369675619109501 ], [ -5.971508200871139, 37.369957565534492 ], [ -5.970629481465595, 37.36920923721533 ], [ -5.971044410026476, 37.368887942809728 ], [ -5.972427100133467, 37.370024572407679 ], [ -5.972889090110382, 37.370305772264189 ], [ -5.973572073681056, 37.370581452645055 ] ] ], [ [ [ -5.961095631950156, 37.376843857859932 ], [ -5.960800003714352, 37.376782723479806 ], [ -5.961514359673447, 37.376455925324692 ], [ -5.962307316706712, 37.37565407196432 ], [ -5.962306981205067, 37.375653895656605 ], [ -5.964616680500216, 37.373495635814677 ], [ -5.966392365902157, 37.374634081034564 ], [ -5.966504385262639, 37.374683107150048 ], [ -5.967408400874049, 37.374944209777347 ], [ -5.968205850381441, 37.375183257055454 ], [ -5.970264443073391, 37.375791568097831 ], [ -5.969905065526531, 37.376559758048288 ], [ -5.968271664769612, 37.376096177560029 ], [ -5.968048442184372, 37.376579320338038 ], [ -5.967886910098328, 37.377000147225132 ], [ -5.967708787009185, 37.377365015472591 ], [ -5.967399309405644, 37.37777603151406 ], [ -5.966324919079616, 37.377471796293371 ], [ -5.966354591525983, 37.377311151064951 ], [ -5.962798312123347, 37.37701064527792 ], [ -5.961503477245799, 37.376901179760644 ], [ -5.961095631950156, 37.376843857859932 ] ] ], [ [ [ -5.952783017611423, 37.375546968197938 ], [ -5.951798955849935, 37.378089985772732 ], [ -5.95164813328201, 37.378165849654707 ], [ -5.950912352817427, 37.377636815288795 ], [ -5.950799389575378, 37.37754051967655 ], [ -5.950686838019352, 37.377419411757273 ], [ -5.950619509080894, 37.377303987463385 ], [ -5.950543422395839, 37.377118913848754 ], [ -5.950633482477339, 37.376936469298165 ], [ -5.951275481134364, 37.375303047013858 ], [ -5.952783017611423, 37.375546968197938 ] ] ], [ [ [ -5.961656719496012, 37.400590365648561 ], [ -5.962516694543334, 37.399899803950518 ], [ -5.964144325636592, 37.398602036617064 ], [ -5.965128236355757, 37.397815966250285 ], [ -5.966169804608197, 37.396979029654652 ], [ -5.96678583379239, 37.39752248149712 ], [ -5.966014674023485, 37.398123557607605 ], [ -5.966319895310231, 37.398361452796856 ], [ -5.966433170215027, 37.398430130393727 ], [ -5.967175228953678, 37.397848856173511 ], [ -5.967531296157222, 37.398087855336563 ], [ -5.968725501056451, 37.399144498814067 ], [ -5.967704989225945, 37.399923246434589 ], [ -5.967712486738461, 37.399929377239587 ], [ -5.963868821069827, 37.402884363583212 ], [ -5.962956794377016, 37.402794648841684 ], [ -5.962472034762582, 37.402768512033347 ], [ -5.962076731594617, 37.40276943190711 ], [ -5.960895186479789, 37.402857551772904 ], [ -5.959606263627766, 37.402928148180749 ], [ -5.959389329028967, 37.402913333250098 ], [ -5.959203052266434, 37.402875189117509 ], [ -5.959030682189233, 37.402814178763428 ], [ -5.958955757166954, 37.402766469924643 ], [ -5.958969967150813, 37.402754873226414 ], [ -5.959369048627845, 37.402429496943029 ], [ -5.961071297877718, 37.401060058007793 ], [ -5.961656719496012, 37.400590365648561 ] ] ], [ [ [ -5.916633028115022, 37.408170271269917 ], [ -5.916244220353727, 37.40831758293961 ], [ -5.916091889898007, 37.408372016973146 ], [ -5.915654977305946, 37.408528083216403 ], [ -5.915142462784414, 37.408666872963963 ], [ -5.914598592759308, 37.408772667346462 ], [ -5.914424220418177, 37.408798629449976 ], [ -5.912695159135117, 37.40641980734938 ], [ -5.9126936175387, 37.406417685486247 ], [ -5.914897691249108, 37.405348451669326 ], [ -5.91692348784469, 37.408060224979131 ], [ -5.916633028115022, 37.408170271269917 ] ] ] ] } },
{ "type": "Feature", "properties": { "viviendas": 7369, "n_flats": 199, "n_rooms": 33, "n_all": 232, "ratio_flats": 2.7005021034061611, "ratio_rooms": 0.44782195684624782, "ratio": 3.148324060252409, "mean_price": 141.74647887323943, "mean_revenue": 717.08372456964014, "profit": 46.33531915254764, "net_profit": 1.0, "ingresos_medios": 15661.386520472792 }, "geometry": { "type": "MultiPolygon", "coordinates": [ [ [ [ -6.003239359170014, 37.374341127579335 ], [ -6.002875032609107, 37.374512606945416 ], [ -6.002583591991304, 37.374556016593132 ], [ -6.002693768745151, 37.374713170813251 ], [ -6.002094866128327, 37.375023469538348 ], [ -6.001743839617594, 37.374595351888786 ], [ -6.001718966670358, 37.374514903861879 ], [ -6.001675839746964, 37.3735136310641 ], [ -6.003594051512105, 37.373462633040248 ], [ -6.003662176449821, 37.373591552888385 ], [ -6.003933467379404, 37.37398563151725 ], [ -6.003239359170014, 37.374341127579335 ] ] ], [ [ [ -5.975613535520571, 37.382227912022842 ], [ -5.975591428507601, 37.382106823499583 ], [ -5.975532016426373, 37.38200022011047 ], [ -5.975489421952943, 37.381949455530098 ], [ -5.97531416464461, 37.381809708739958 ], [ -5.975241176986244, 37.381712436040765 ], [ -5.975708301986724, 37.380180130068261 ], [ -5.979723829360312, 37.380557981560216 ], [ -5.979801567136192, 37.37989459657107 ], [ -5.980317882683083, 37.37989732060047 ], [ -5.980422350490934, 37.379910463129569 ], [ -5.981322001818997, 37.380727977008227 ], [ -5.982268251384309, 37.381625464233046 ], [ -5.982233558236542, 37.381763726506293 ], [ -5.981846858232228, 37.381786989463166 ], [ -5.981373840135776, 37.381769619792315 ], [ -5.981184982782551, 37.383085443811417 ], [ -5.981154997110831, 37.383099688374514 ], [ -5.981137319566448, 37.383228550958954 ], [ -5.980921304481088, 37.383209216441379 ], [ -5.980457993290188, 37.384234579683479 ], [ -5.98033789940518, 37.384226317846554 ], [ -5.979983042650869, 37.38414066953758 ], [ -5.97939401755279, 37.384027102110693 ], [ -5.977205151162742, 37.383611533451003 ], [ -5.975330675326338, 37.38325321889895 ], [ -5.975595070283396, 37.382354541138135 ], [ -5.975613535520571, 37.382227912022842 ] ] ], [ [ [ -6.008967042228584, 37.387436282370111 ], [ -6.009055280289507, 37.38738445635331 ], [ -6.009244871080164, 37.387330063248015 ], [ -6.009446155733736, 37.387315914034261 ], [ -6.009768175518619, 37.387318986002313 ], [ -6.010947402821618, 37.38733401485262 ], [ -6.012163812613051, 37.387379581178884 ], [ -6.013903102723951, 37.38744337762823 ], [ -6.013782455683407, 37.388779994019778 ], [ -6.012996266944885, 37.38880229271647 ], [ -6.012837459820392, 37.38895726909972 ], [ -6.012591696050564, 37.389107673186174 ], [ -6.012477883990518, 37.389155635139879 ], [ -6.012105167107078, 37.389264266693701 ], [ -6.011783766951307, 37.389301722989593 ], [ -6.010963205722579, 37.389309124121496 ], [ -6.010531254656923, 37.389304369610919 ], [ -6.010383366350339, 37.389290088040951 ], [ -6.009860196944433, 37.389179520672123 ], [ -6.008117551333505, 37.388665270993869 ], [ -6.008358608727653, 37.388159050424974 ], [ -6.008471959988008, 37.388192201798383 ], [ -6.00884302530058, 37.387565553303418 ], [ -6.008967042228584, 37.387436282370111 ] ] ], [ [ [ -5.993128471523185, 37.398860402978414 ], [ -5.99312731982166, 37.398894202874175 ], [ -5.992883743122199, 37.398904890072536 ], [ -5.992818997502177, 37.398888504693964 ], [ -5.992619761546206, 37.398776423506291 ], [ -5.992533066822443, 37.398704269799012 ], [ -5.992448793831397, 37.39858251095189 ], [ -5.992433395457276, 37.398594176829945 ], [ -5.992133438099895, 37.398338181903846 ], [ -5.991812642699444, 37.397979138249021 ], [ -5.991583082122081, 37.398068340912552 ], [ -5.991614386102314, 37.397981904487743 ], [ -5.991474495458416, 37.397530424580339 ], [ -5.991287551193154, 37.397249112108057 ], [ -5.991224765097054, 37.397183109924043 ], [ -5.991168243851672, 37.396871424389218 ], [ -5.991181840207809, 37.396742682124277 ], [ -5.991234710340096, 37.396261516739344 ], [ -5.991487311544886, 37.396237115746843 ], [ -5.99161226176898, 37.396238453394908 ], [ -5.991782146354662, 37.396263459101476 ], [ -5.991935020138794, 37.396099636338782 ], [ -5.992144528334812, 37.396105586241674 ], [ -5.992137725173802, 37.396222903235078 ], [ -5.992728778315164, 37.396171913074674 ], [ -5.992761802455393, 37.396150799095231 ], [ -5.993114177890141, 37.396119340133758 ], [ -5.993088767205658, 37.396167302050614 ], [ -5.99304724174233, 37.396404849215841 ], [ -5.993103675914369, 37.396644475686379 ], [ -5.993301819018939, 37.396671011361697 ], [ -5.993257286765885, 37.396877099563127 ], [ -5.993274310266559, 37.39687892088044 ], [ -5.993355309126442, 37.39699403123555 ], [ -5.993604293501225, 37.39685255105725 ], [ -5.993788382827461, 37.396773520056662 ], [ -5.994234942585941, 37.396106708955138 ], [ -5.9942944131318, 37.396017386432341 ], [ -5.994800395803663, 37.396072139287796 ], [ -5.994578333102074, 37.396487707826097 ], [ -5.994284108586499, 37.397031322341931 ], [ -5.993972881959203, 37.398793951909418 ], [ -5.993688732408374, 37.400425279886299 ], [ -5.993411540288577, 37.400466108072052 ], [ -5.993280316087649, 37.400232877763443 ], [ -5.993227966708822, 37.400155371617778 ], [ -5.993454280557619, 37.398888173765378 ], [ -5.993128471523185, 37.398860402978414 ] ] ], [ [ [ -5.988057670164158, 37.408454129089719 ], [ -5.98816893452831, 37.41036603074312 ], [ -5.988202465304761, 37.410401259921862 ], [ -5.988296558169379, 37.41047771304217 ], [ -5.988642207112913, 37.410617611070982 ], [ -5.989391671406425, 37.410956834382809 ], [ -5.989421955951741, 37.410967340167467 ], [ -5.989430501971821, 37.410955852570673 ], [ -5.991363974493539, 37.411823716496116 ], [ -5.990929107654259, 37.412477709432501 ], [ -5.988318213436002, 37.411638402924638 ], [ -5.987466292857678, 37.411259431594175 ], [ -5.986785368085593, 37.410971491922282 ], [ -5.986432806008325, 37.410760765304438 ], [ -5.986701723091373, 37.410340051125658 ], [ -5.987224337407529, 37.409500150259689 ], [ -5.987397362588512, 37.409261514102781 ], [ -5.988057670164158, 37.408454129089719 ] ] ], [ [ [ -5.984237162067021, 37.424492334680536 ], [ -5.984397023833126, 37.424508592527374 ], [ -5.984450665106338, 37.424597328272398 ], [ -5.98446814273586, 37.424662212291423 ], [ -5.984432745603959, 37.424883860954921 ], [ -5.984360331623831, 37.424948767370239 ], [ -5.984658505985181, 37.425366967171946 ], [ -5.983581415154914, 37.426166830504997 ], [ -5.983254584761968, 37.426618826785869 ], [ -5.982812854428111, 37.426510587467554 ], [ -5.983222916137271, 37.425928092276621 ], [ -5.982618705461183, 37.42564375563979 ], [ -5.982236144893384, 37.426831507536015 ], [ -5.981716427766053, 37.426734238450017 ], [ -5.982174695742708, 37.425233713850922 ], [ -5.982349111489802, 37.42454904909961 ], [ -5.983633484271522, 37.42449859284396 ], [ -5.984237162067021, 37.424492334680536 ] ] ], [ [ [ -5.922414792140303, 37.3304933874442 ], [ -5.922212615349994, 37.330140511430599 ], [ -5.921951825596015, 37.329685329791914 ], [ -5.921699475752, 37.329280506625722 ], [ -5.922131925481847, 37.329307203878912 ], [ -5.923200060552018, 37.32937793944636 ], [ -5.924224794235815, 37.329481036983381 ], [ -5.924574148853238, 37.329556375471896 ], [ -5.92502526122033, 37.329703296358709 ], [ -5.925494342786181, 37.329834950756158 ], [ -5.925729579826568, 37.329839009501015 ], [ -5.926041423223274, 37.329798192912207 ], [ -5.926124514495735, 37.330203415927635 ], [ -5.9262148365448, 37.33054698374476 ], [ -5.926046849878122, 37.330681778451151 ], [ -5.927074803169549, 37.331132770482242 ], [ -5.927799064327709, 37.331445268875271 ], [ -5.928653385971731, 37.331885178102922 ], [ -5.929096419393495, 37.332176227682062 ], [ -5.928897698323095, 37.332393443639077 ], [ -5.928857088227054, 37.332440435425916 ], [ -5.928808095479508, 37.33249516699729 ], [ -5.928765738255384, 37.332543489680823 ], [ -5.928689047024494, 37.332622916666395 ], [ -5.928651029841366, 37.332671738213925 ], [ -5.928628533962499, 37.332700626332027 ], [ -5.927998904157786, 37.333387858110271 ], [ -5.927695201756053, 37.333719438505184 ], [ -5.926450141371736, 37.332989205618588 ], [ -5.924291317056519, 37.331773225334899 ], [ -5.923135083084921, 37.331087675301205 ], [ -5.923125661947122, 37.331082089085349 ], [ -5.922687265025799, 37.330789787242956 ], [ -5.922414792140303, 37.3304933874442 ] ] ], [ [ [ -5.975684496935211, 37.356390173040666 ], [ -5.976913263091226, 37.356779680640607 ], [ -5.97748222571342, 37.35689674373711 ], [ -5.978857686575758, 37.356952239634062 ], [ -5.979384303233932, 37.356993238687515 ], [ -5.979517291927371, 37.357339137721432 ], [ -5.979864389000448, 37.358028670026826 ], [ -5.978060021394492, 37.358673761918666 ], [ -5.977712998589184, 37.358060771306505 ], [ -5.97594524243269, 37.358677449639202 ], [ -5.975905645733835, 37.358599613427458 ], [ -5.974693587614873, 37.358916182743918 ], [ -5.974282059210264, 37.359009892609578 ], [ -5.973915727125439, 37.358111288811763 ], [ -5.973929937547075, 37.35810868306357 ], [ -5.972951090566255, 37.35570046472521 ], [ -5.974076328093894, 37.355920068717325 ], [ -5.975684496935211, 37.356390173040666 ] ] ], [ [ [ -5.968385302011714, 37.370055434315333 ], [ -5.968952151977805, 37.370530865212771 ], [ -5.97073666094552, 37.372024571375377 ], [ -5.968854653986875, 37.372308392741196 ], [ -5.969028054912089, 37.373002354323759 ], [ -5.968847872605597, 37.373081225611408 ], [ -5.968655992899413, 37.373194184049659 ], [ -5.968525178201301, 37.373294296170215 ], [ -5.966870521613981, 37.372504633790776 ], [ -5.965618094785061, 37.371905305569747 ], [ -5.966177682353091, 37.371346148003603 ], [ -5.968047298319246, 37.369771937677726 ], [ -5.968385302011714, 37.370055434315333 ] ] ], [ [ [ -5.948059548276022, 37.376563664544861 ], [ -5.948012349742349, 37.376348584571772 ], [ -5.947994873843157, 37.376222890695082 ], [ -5.94792811104003, 37.375994755693775 ], [ -5.947599429448891, 37.375255099913083 ], [ -5.949562350395737, 37.374176658348865 ], [ -5.949903202341288, 37.375060195535355 ], [ -5.949920719524999, 37.375201706330316 ], [ -5.949885623132152, 37.375378278320689 ], [ -5.949985247716907, 37.375330762114757 ], [ -5.950276211978128, 37.375255908653536 ], [ -5.950599696826932, 37.375232040384581 ], [ -5.950891267782572, 37.375240557879302 ], [ -5.951275481134364, 37.375303047013858 ], [ -5.950633482477339, 37.376936469298165 ], [ -5.950543422395839, 37.377118913848754 ], [ -5.950297223197885, 37.376980862303228 ], [ -5.950113209157688, 37.376931441163713 ], [ -5.949665202070578, 37.376933595858212 ], [ -5.948904317821141, 37.377011133166476 ], [ -5.948065019832123, 37.377072608698413 ], [ -5.948063319629692, 37.376925707460273 ], [ -5.948061449701045, 37.376764096894966 ], [ -5.948059548276022, 37.376563664544861 ] ] ], [ [ [ -5.957433689517681, 37.400060869087824 ], [ -5.957574720874319, 37.400726389637065 ], [ -5.957637409461567, 37.400817160375297 ], [ -5.958076928045538, 37.400954879198736 ], [ -5.958172925744287, 37.400909645122539 ], [ -5.958298429173818, 37.401102499194643 ], [ -5.958753250729883, 37.400906395231402 ], [ -5.958921945322201, 37.401165724148569 ], [ -5.958995689001217, 37.401134611417483 ], [ -5.959330053999571, 37.401572258133726 ], [ -5.959369048627845, 37.402429496943029 ], [ -5.958969967150813, 37.402754873226414 ], [ -5.958450923528299, 37.402853435234505 ], [ -5.956187696682069, 37.40215772299738 ], [ -5.956200408263055, 37.402026771259699 ], [ -5.956287873134251, 37.401531209979808 ], [ -5.956374903540004, 37.400112158243878 ], [ -5.957071557225264, 37.400101506544281 ], [ -5.957433689517681, 37.400060869087824 ] ] ], [ [ [ -5.914897691249108, 37.405348451669326 ], [ -5.9126936175387, 37.406417685486247 ], [ -5.912695159135117, 37.40641980734938 ], [ -5.912262246940804, 37.406552789475363 ], [ -5.912105879061363, 37.406528034236253 ], [ -5.91179955212047, 37.406335321538265 ], [ -5.911689112698161, 37.406261752450483 ], [ -5.911440658394101, 37.406019930232198 ], [ -5.911242559748345, 37.405843620766085 ], [ -5.911170133818935, 37.405759570196317 ], [ -5.913940648098152, 37.404512244723172 ], [ -5.916288543176264, 37.403405306615248 ], [ -5.916955205603982, 37.404339806449919 ], [ -5.914897691249108, 37.405348451669326 ] ] ] ] } },
{ "type": "Feature", "properties": { "viviendas": 7231, "n_flats": 102, "n_rooms": 21, "n_all": 123, "ratio_flats": 1.4105932789379063, "ratio_rooms": 0.29041626331074538, "ratio": 1.7010095422486518, "mean_price": 177.9203539823009, "mean_revenue": 603.74557522123894, "profit": -24.755580148536524, "net_profit": -1.0, "ingresos_medios": 8107.7527719715608 }, "geometry": { "type": "MultiPolygon", "coordinates": [ [ [ [ -5.972416876661139, 37.352922918611 ], [ -5.973674462045555, 37.352954368350602 ], [ -5.976116804238502, 37.353156464087505 ], [ -5.978270437773792, 37.353268921059431 ], [ -5.978278522321826, 37.353282264848886 ], [ -5.979787950503592, 37.355814483077502 ], [ -5.979689600010031, 37.35587324595749 ], [ -5.979623857355694, 37.355960507309796 ], [ -5.979607246659863, 37.35601272740201 ], [ -5.979617678499445, 37.356120562428501 ], [ -5.979665140726785, 37.35619600497273 ], [ -5.979736176193454, 37.356257288524951 ], [ -5.979882573340773, 37.356312112501946 ], [ -5.980090989181424, 37.356622229924604 ], [ -5.980186494216079, 37.356842850434113 ], [ -5.979384303233932, 37.356993238687515 ], [ -5.978857686575758, 37.356952239634062 ], [ -5.97748222571342, 37.35689674373711 ], [ -5.976913263091226, 37.356779680640607 ], [ -5.975684496935211, 37.356390173040666 ], [ -5.974076328093894, 37.355920068717325 ], [ -5.972951090566255, 37.35570046472521 ], [ -5.971924194170732, 37.353172125939558 ], [ -5.971909583101161, 37.353136150621694 ], [ -5.972416876661139, 37.352922918611 ] ] ], [ [ [ -5.999998627489029, 37.375538502698454 ], [ -6.000055000904669, 37.375638402606683 ], [ -6.00030233970964, 37.375949741864474 ], [ -5.999312053984264, 37.376461450621278 ], [ -5.998888368671764, 37.375918046418946 ], [ -5.998793528368498, 37.37357997837988 ], [ -5.999843745810512, 37.373555581625261 ], [ -5.999916157155347, 37.373614569218368 ], [ -5.999998627489029, 37.375538502698454 ] ] ], [ [ [ -6.010390512013239, 37.383225941480646 ], [ -6.010713783938687, 37.383060007153439 ], [ -6.01086555838268, 37.383276917852008 ], [ -6.010998106243986, 37.383217222319757 ], [ -6.011452378812886, 37.382946617561494 ], [ -6.013346078289707, 37.385430233355244 ], [ -6.013190167792279, 37.385404938046186 ], [ -6.01304282179898, 37.385408693960642 ], [ -6.012709299091278, 37.385455472181356 ], [ -6.012129973025231, 37.385607660225297 ], [ -6.011964518030866, 37.385587093875692 ], [ -6.011262637371446, 37.385740147479844 ], [ -6.011262304749499, 37.385048582164103 ], [ -6.010696988458202, 37.384828736343394 ], [ -6.010647790562619, 37.384453802327464 ], [ -6.010578343477397, 37.384198792922504 ], [ -6.010321952202062, 37.383651153505092 ], [ -6.010309373391048, 37.383662731775075 ], [ -6.009780453322564, 37.382993688041395 ], [ -6.010081052182409, 37.3828373570718 ], [ -6.010390512013239, 37.383225941480646 ] ] ], [ [ [ -5.993443636726822, 37.401472198615309 ], [ -5.993444832351531, 37.401226630376023 ], [ -5.993355185084542, 37.400627433983985 ], [ -5.993378219085296, 37.400595350286075 ], [ -5.993465626474006, 37.400561582240307 ], [ -5.993411540288577, 37.400466108072052 ], [ -5.993688732408374, 37.400425279886299 ], [ -5.993708688805707, 37.400451809465117 ], [ -5.993738485214386, 37.400460078453243 ], [ -5.993964066210958, 37.400447588335879 ], [ -5.995368027258016, 37.400907591809357 ], [ -5.996244582486258, 37.401169184600235 ], [ -5.996585256049249, 37.401219118431378 ], [ -5.996259014714467, 37.401939225065476 ], [ -5.996024576265257, 37.401857312678878 ], [ -5.995939486238232, 37.402050941480908 ], [ -5.995283728411642, 37.401923370690845 ], [ -5.994740377504415, 37.402624192719408 ], [ -5.994726474451527, 37.402599798565191 ], [ -5.994911028048982, 37.402930731731317 ], [ -5.994299424018393, 37.403637786590828 ], [ -5.993726497890182, 37.403577971165653 ], [ -5.993025245900054, 37.403478612274924 ], [ -5.993115228760479, 37.4030438072256 ], [ -5.993172469318645, 37.403004049374822 ], [ -5.993326403663382, 37.402020296765066 ], [ -5.993443636726822, 37.401472198615309 ] ] ], [ [ [ -5.976104959114315, 37.412055851299236 ], [ -5.975084602608845, 37.411770681280586 ], [ -5.975747801932289, 37.410424935708569 ], [ -5.97607911687084, 37.41047966481193 ], [ -5.976527654311535, 37.41062381942178 ], [ -5.976675298837031, 37.410563780920832 ], [ -5.976955070512457, 37.410658132048674 ], [ -5.97706370056342, 37.410632828177029 ], [ -5.977450588381077, 37.410753749327228 ], [ -5.977235259863394, 37.411229973823048 ], [ -5.977073378317748, 37.41130162608313 ], [ -5.97658169110144, 37.412203760784891 ], [ -5.976104959114315, 37.412055851299236 ] ] ], [ [ [ -5.982812854428111, 37.426510587467554 ], [ -5.983254584761968, 37.426618826785869 ], [ -5.983581415154914, 37.426166830504997 ], [ -5.984658505985181, 37.425366967171946 ], [ -5.984360331623831, 37.424948767370239 ], [ -5.984432745603959, 37.424883860954921 ], [ -5.984668878917398, 37.42471796188952 ], [ -5.98477680720948, 37.424661168350937 ], [ -5.98491551197833, 37.424801839124555 ], [ -5.985206355017099, 37.42519097992141 ], [ -5.98653360411172, 37.427090157082908 ], [ -5.986145950639463, 37.427629306583562 ], [ -5.985637877363387, 37.42829087183712 ], [ -5.984328397337688, 37.427400408428802 ], [ -5.984117416067814, 37.42757242572803 ], [ -5.984079208130889, 37.427321076569108 ], [ -5.983084943868552, 37.427147978618414 ], [ -5.982699258557203, 37.427060872271248 ], [ -5.982657161342888, 37.427012351193653 ], [ -5.982213686679343, 37.426924417565715 ], [ -5.982236144893384, 37.426831507536015 ], [ -5.982618705461183, 37.42564375563979 ], [ -5.983222916137271, 37.425928092276621 ], [ -5.982812854428111, 37.426510587467554 ] ] ], [ [ [ -5.925611038282414, 37.338668233371898 ], [ -5.925675079294399, 37.338696231651952 ], [ -5.925868199990063, 37.338761006815254 ], [ -5.925909434848019, 37.338775930741058 ], [ -5.926041659839591, 37.33882366421637 ], [ -5.926207354871097, 37.338881535117736 ], [ -5.926351221170036, 37.338926655276794 ], [ -5.926492782216682, 37.338965299512999 ], [ -5.926630575181345, 37.33901821082619 ], [ -5.926824954956842, 37.33906361157868 ], [ -5.927305464329157, 37.339228119812262 ], [ -5.927758465743413, 37.339383431560215 ], [ -5.928323972312082, 37.339577219342615 ], [ -5.929125539237878, 37.339851669294049 ], [ -5.929387767919132, 37.339941466440244 ], [ -5.930165046414224, 37.340206788469793 ], [ -5.929849598426037, 37.340625401496048 ], [ -5.929565671301791, 37.340965984969436 ], [ -5.928883482346894, 37.341702225685054 ], [ -5.9287786588127, 37.341631286067233 ], [ -5.927915537967458, 37.341041748136547 ], [ -5.927481415262523, 37.34074018340268 ], [ -5.927058413269081, 37.340446166580385 ], [ -5.926872632940942, 37.34032830583795 ], [ -5.926674386983556, 37.340191668600532 ], [ -5.92650578668102, 37.340031698925735 ], [ -5.926370761954677, 37.339843987990491 ], [ -5.92603411367051, 37.339466650422047 ], [ -5.925316955667423, 37.338599111766442 ], [ -5.925402934236706, 37.338595543172602 ], [ -5.925445517775327, 37.33859404867863 ], [ -5.925540353442003, 37.338640607634943 ], [ -5.925611038282414, 37.338668233371898 ] ] ], [ [ [ -5.967641498437487, 37.360116114460155 ], [ -5.967859367548169, 37.360022806432042 ], [ -5.968054447850276, 37.359966089586443 ], [ -5.969654982534975, 37.359621781983989 ], [ -5.970588795569946, 37.361945568152763 ], [ -5.970629882434032, 37.362115711771992 ], [ -5.970623962069594, 37.362363653732608 ], [ -5.970264094628784, 37.362447046099831 ], [ -5.969745419023319, 37.36252992202845 ], [ -5.96967825190542, 37.362337901388223 ], [ -5.969505235670563, 37.362047140772148 ], [ -5.96944159888801, 37.361726577954116 ], [ -5.969234111770172, 37.361461520002898 ], [ -5.969168080705447, 37.361490192078371 ], [ -5.969095352172694, 37.361476240740998 ], [ -5.968322789484465, 37.360858166703494 ], [ -5.967573488156811, 37.361431119892394 ], [ -5.966773689244004, 37.360788589526251 ], [ -5.966768625213729, 37.360784521285318 ], [ -5.967150473740596, 37.360479866923399 ], [ -5.967495364332446, 37.360207639780704 ], [ -5.967641498437487, 37.360116114460155 ] ] ], [ [ [ -5.947436232880686, 37.373727397461373 ], [ -5.948556013749925, 37.372863712278424 ], [ -5.949991195891143, 37.37176243748177 ], [ -5.950344650598868, 37.372057713290232 ], [ -5.949726750151155, 37.37252817718548 ], [ -5.94905389129431, 37.373008977882236 ], [ -5.949321139318397, 37.373621798544924 ], [ -5.94967082051186, 37.373446366229786 ], [ -5.95060414931025, 37.372922983267785 ], [ -5.950784707797791, 37.372839643713377 ], [ -5.951104598507525, 37.372746090614214 ], [ -5.952276645943657, 37.372453257003215 ], [ -5.952363173081595, 37.372563677431209 ], [ -5.952541511456364, 37.372892662967004 ], [ -5.952218487332796, 37.372959261659268 ], [ -5.951748037183887, 37.373081401397585 ], [ -5.951414865652906, 37.373200107002198 ], [ -5.950849037570153, 37.373468796418976 ], [ -5.949562350395737, 37.374176658348865 ], [ -5.947599429448891, 37.375255099913083 ], [ -5.947338418262585, 37.375031826042822 ], [ -5.946822007362838, 37.3744680253985 ], [ -5.9466559834949, 37.374328003432105 ], [ -5.94703096731806, 37.37405960440551 ], [ -5.947380518177863, 37.373787354868284 ], [ -5.947436232880686, 37.373727397461373 ] ] ], [ [ [ -5.819166508432358, 37.393520889866643 ], [ -5.819285129659892, 37.39035525142512 ], [ -5.820548839757341, 37.39032510909049 ], [ -5.822090939767686, 37.390189244458256 ], [ -5.824353755800201, 37.390000016789401 ], [ -5.828153279629907, 37.389530748328163 ], [ -5.831210710089893, 37.389151178037508 ], [ -5.833907121430866, 37.388780206236859 ], [ -5.835725073611089, 37.388475321627652 ], [ -5.837528724450417, 37.38808965176338 ], [ -5.839605906671566, 37.387472080761214 ], [ -5.84145766929255, 37.387166301508437 ], [ -5.842234814938486, 37.38711154245135 ], [ -5.842789387035888, 37.387143272049983 ], [ -5.845386934085844, 37.387747567148089 ], [ -5.846649872439441, 37.387996538242248 ], [ -5.84750012651474, 37.388084205965768 ], [ -5.848873555303156, 37.387969995248284 ], [ -5.849658887425239, 37.387833902658087 ], [ -5.84986099707606, 37.387802016199416 ], [ -5.85307342339745, 37.387643448792495 ], [ -5.854331939243766, 37.387775263822803 ], [ -5.855418813405706, 37.387848130964159 ], [ -5.857577167719197, 37.387886111172925 ], [ -5.864760997827278, 37.387333762336397 ], [ -5.865687839961682, 37.387356366649804 ], [ -5.870354338004166, 37.387720707934307 ], [ -5.872672371699621, 37.387799614652337 ], [ -5.873959241443684, 37.38778635045567 ], [ -5.876687482357948, 37.387665909269039 ], [ -5.885012027857059, 37.387417988422719 ], [ -5.885993539055964, 37.387394031416839 ], [ -5.886790795100442, 37.387275471743905 ], [ -5.887573991441743, 37.387085128712776 ], [ -5.888365322747604, 37.386813499736725 ], [ -5.889685430196734, 37.386195534085658 ], [ -5.889985186819394, 37.386062075828114 ], [ -5.893537762641531, 37.38392802130862 ], [ -5.893540285767177, 37.383926506079177 ], [ -5.893958319200226, 37.385750387345553 ], [ -5.896388537488925, 37.385461610310955 ], [ -5.896887533182511, 37.385370550987389 ], [ -5.899368859647992, 37.38526465655206 ], [ -5.90123104816564, 37.385187452621388 ], [ -5.902158402144022, 37.385182685898641 ], [ -5.90279636013358, 37.385171529157972 ], [ -5.904856943975147, 37.385256070656858 ], [ -5.906270010213517, 37.385322724163345 ], [ -5.907618122062214, 37.385490055935072 ], [ -5.908539562458158, 37.385559728699846 ], [ -5.908550954601449, 37.385561256730853 ], [ -5.908263061707333, 37.385674348545237 ], [ -5.90819326437327, 37.385723748768932 ], [ -5.908074970367641, 37.385755269478842 ], [ -5.906821127107814, 37.386091287583625 ], [ -5.905422887510579, 37.386402234098689 ], [ -5.905128435145094, 37.386514374959866 ], [ -5.901868452527844, 37.387204815742486 ], [ -5.901906306982506, 37.388186137386796 ], [ -5.903397370442769, 37.388111361563688 ], [ -5.904375367625562, 37.388058715975276 ], [ -5.905388079604801, 37.387976599474321 ], [ -5.905823940643801, 37.38997806377327 ], [ -5.905167946561611, 37.390013268571259 ], [ -5.905284604930586, 37.39153014791458 ], [ -5.904615592109018, 37.392211463572124 ], [ -5.903562317502036, 37.392949154031477 ], [ -5.902204094717575, 37.39386326589262 ], [ -5.899974959822357, 37.395395729048261 ], [ -5.894804796541643, 37.398881158263805 ], [ -5.893222075694391, 37.39991556228351 ], [ -5.888966280402991, 37.402851287764769 ], [ -5.884605481827082, 37.405769051263285 ], [ -5.875783228115404, 37.41171931669782 ], [ -5.874797101900253, 37.412403344472999 ], [ -5.874772558798459, 37.412329589986676 ], [ -5.874621678524361, 37.411927794306216 ], [ -5.873621820111014, 37.409708476177379 ], [ -5.872468229684721, 37.407601005929862 ], [ -5.872051270176373, 37.407034456738693 ], [ -5.869925218025726, 37.405193822602726 ], [ -5.868308189847075, 37.403665253248661 ], [ -5.866478221069541, 37.402475155894756 ], [ -5.865037114803777, 37.401708143959141 ], [ -5.863650427130012, 37.40118307490863 ], [ -5.862031944007801, 37.400798752958885 ], [ -5.861231785968406, 37.400547830431769 ], [ -5.859749071012589, 37.400169218277625 ], [ -5.859033046725967, 37.400051382481145 ], [ -5.858389475970801, 37.400057904384163 ], [ -5.855729829469539, 37.399914968027225 ], [ -5.85433093877189, 37.399957742535229 ], [ -5.853060234138036, 37.399808231768318 ], [ -5.852827732651493, 37.399633624367475 ], [ -5.852480336255283, 37.399110349603646 ], [ -5.852033150927863, 37.398634601861545 ], [ -5.851497313500919, 37.398205981449202 ], [ -5.850599760560928, 37.397768086231849 ], [ -5.849450219763892, 37.397534493683409 ], [ -5.848428483835401, 37.397396924660327 ], [ -5.847904672401188, 37.397283394405179 ], [ -5.846094232547177, 37.396597140760655 ], [ -5.8446414040099, 37.396406804758314 ], [ -5.843776667145096, 37.396238383983572 ], [ -5.842349865830228, 37.395840209207698 ], [ -5.840789356724091, 37.395490275480043 ], [ -5.840346590759502, 37.395428778330462 ], [ -5.839747503084311, 37.395416156177106 ], [ -5.839150843394954, 37.395466561541973 ], [ -5.835877936700869, 37.396428126544428 ], [ -5.835115013380022, 37.396563587824012 ], [ -5.833279084162254, 37.396697715148889 ], [ -5.831741308482975, 37.39695080493356 ], [ -5.830695294502325, 37.39706595007813 ], [ -5.829847276341236, 37.397041221561352 ], [ -5.827842556086506, 37.396890978510548 ], [ -5.827020831136504, 37.396964646552235 ], [ -5.82648222422281, 37.397058649179058 ], [ -5.824797774810273, 37.397918881631227 ], [ -5.824550539628054, 37.397951844190075 ], [ -5.82428932153479, 37.397913017932041 ], [ -5.823683476953689, 37.397720233058621 ], [ -5.823138420381952, 37.397643175152659 ], [ -5.821877673069085, 37.397754364113524 ], [ -5.820338098026933, 37.397962322366546 ], [ -5.819519408694626, 37.398116989628733 ], [ -5.819243287317723, 37.397078279304857 ], [ -5.81915804724135, 37.396008091684621 ], [ -5.819167586596138, 37.394151623788176 ], [ -5.819166508432358, 37.393520889866643 ] ] ], [ [ [ -5.955578341336078, 37.401799018983496 ], [ -5.956200408263055, 37.402026771259699 ], [ -5.956187696682069, 37.40215772299738 ], [ -5.958450923528299, 37.402853435234505 ], [ -5.958969967150813, 37.402754873226414 ], [ -5.958955757166954, 37.402766469924643 ], [ -5.954921572138156, 37.405960272273639 ], [ -5.954484921906479, 37.406257253007475 ], [ -5.954484107461403, 37.406261965220011 ], [ -5.954395680355768, 37.406220121937849 ], [ -5.954314070684381, 37.406140986033158 ], [ -5.954256972563709, 37.40609370693717 ], [ -5.954247523388894, 37.406001169636525 ], [ -5.954254143931882, 37.405947659241704 ], [ -5.954306056121569, 37.405862865642554 ], [ -5.954410341466396, 37.405779082439437 ], [ -5.954491844202959, 37.405707463849147 ], [ -5.95444735686598, 37.405611164194355 ], [ -5.954416210897883, 37.405484379433354 ], [ -5.954423559781429, 37.405449405535506 ], [ -5.954508930237626, 37.405032109397652 ], [ -5.954652814294836, 37.404328072622057 ], [ -5.954769936345008, 37.403756906552026 ], [ -5.954848947103048, 37.403325853173861 ], [ -5.954889678441013, 37.403104496994906 ], [ -5.955040450593914, 37.402353900597518 ], [ -5.955106220487581, 37.402029868817507 ], [ -5.955137303354424, 37.401859595579872 ], [ -5.955197434112135, 37.401824302367842 ], [ -5.955277782922446, 37.401797528416544 ], [ -5.955457778430223, 37.40177952123689 ], [ -5.955578341336078, 37.401799018983496 ] ] ] ] } },
{ "type": "Feature", "properties": { "viviendas": 6190, "n_flats": 82, "n_rooms": 23, "n_all": 105, "ratio_flats": 1.3247172859450727, "ratio_rooms": 0.37156704361873988, "ratio": 1.6962843295638126, "mean_price": 104.65306122448979, "mean_revenue": 787.09183673469386, "profit": 122.0839190860496, "net_profit": 1.0, "ingresos_medios": 15008.942525525988 }, "geometry": { "type": "MultiPolygon", "coordinates": [ [ [ [ -5.998793528368498, 37.37357997837988 ], [ -5.998888368671764, 37.375918046418946 ], [ -5.999312053984264, 37.376461450621278 ], [ -5.9988139059369, 37.376715091342945 ], [ -5.998741376281603, 37.376732726724128 ], [ -5.998282204636635, 37.376751145962992 ], [ -5.998194324519751, 37.374680938654421 ], [ -5.997521100943247, 37.37471157345459 ], [ -5.997448499532432, 37.373073504289067 ], [ -5.998765930153358, 37.373033317195947 ], [ -5.998793528368498, 37.37357997837988 ] ] ], [ [ [ -5.98235062792878, 37.375994085669582 ], [ -5.982064176329299, 37.375861619093762 ], [ -5.981935828876136, 37.375824354503948 ], [ -5.981830002517325, 37.375811265516326 ], [ -5.982095165464829, 37.375013863951466 ], [ -5.98184587815244, 37.374986385888441 ], [ -5.981988952290584, 37.374559285138311 ], [ -5.983744483047015, 37.374756005052092 ], [ -5.9839342773472, 37.37421735854744 ], [ -5.983943174722695, 37.374147288964856 ], [ -5.985264330525604, 37.374440572615136 ], [ -5.984948309701771, 37.375387888345259 ], [ -5.984388235166551, 37.376870714992371 ], [ -5.983457901024656, 37.378766112623325 ], [ -5.982376610019534, 37.378493847413715 ], [ -5.982338298495816, 37.378515055852986 ], [ -5.982271995197292, 37.37864512791166 ], [ -5.981677580159866, 37.378488916622828 ], [ -5.982114404301057, 37.377441699744146 ], [ -5.981627743262205, 37.377314323660102 ], [ -5.981628270747473, 37.377313359729357 ], [ -5.981864473490921, 37.376882006997818 ], [ -5.981866844667516, 37.376877677928327 ], [ -5.98235062792878, 37.375994085669582 ] ] ], [ [ [ -6.009743643959133, 37.386335221251322 ], [ -6.010378052550928, 37.38605553328415 ], [ -6.010794693381531, 37.385907516690466 ], [ -6.011262637371446, 37.385740147479844 ], [ -6.011964518030866, 37.385587093875692 ], [ -6.012129973025231, 37.385607660225297 ], [ -6.012709299091278, 37.385455472181356 ], [ -6.01304282179898, 37.385408693960642 ], [ -6.013190167792279, 37.385404938046186 ], [ -6.013346078289707, 37.385430233355244 ], [ -6.014019929647043, 37.385478376022505 ], [ -6.01398175839953, 37.386071790932242 ], [ -6.012999327092992, 37.386026991908203 ], [ -6.012989448424466, 37.385930421962478 ], [ -6.012546868716364, 37.385923673977267 ], [ -6.012387895550404, 37.386083155616177 ], [ -6.012063590135182, 37.386215317939723 ], [ -6.011824076763788, 37.386207915228781 ], [ -6.012163812613051, 37.387379581178884 ], [ -6.010947402821618, 37.38733401485262 ], [ -6.009768175518619, 37.387318986002313 ], [ -6.009492749408023, 37.386402435349922 ], [ -6.009519649250445, 37.386394996743228 ], [ -6.009743643959133, 37.386335221251322 ] ] ], [ [ [ -5.992150844065979, 37.400817886428342 ], [ -5.992702836924293, 37.400785897234684 ], [ -5.99325432685082, 37.400803448396601 ], [ -5.993355185084542, 37.400627433983985 ], [ -5.993444832351531, 37.401226630376023 ], [ -5.993443636726822, 37.401472198615309 ], [ -5.993326403663382, 37.402020296765066 ], [ -5.993172469318645, 37.403004049374822 ], [ -5.993115228760479, 37.4030438072256 ], [ -5.993025245900054, 37.403478612274924 ], [ -5.991768456849973, 37.403307689840958 ], [ -5.991841966113759, 37.402898103521636 ], [ -5.991827921520767, 37.402375842627265 ], [ -5.992262077508062, 37.402385131805083 ], [ -5.992150844065979, 37.400817886428342 ] ] ], [ [ [ -5.972100875798223, 37.403774104158941 ], [ -5.972098628556089, 37.403776972909164 ], [ -5.973172091482012, 37.404355945533219 ], [ -5.973528337538883, 37.404545206768532 ], [ -5.973553364838835, 37.404535773428819 ], [ -5.972885641229574, 37.40479934558612 ], [ -5.973482353639024, 37.406316191286678 ], [ -5.973482326176428, 37.40631621090025 ], [ -5.973471444452582, 37.406323955501442 ], [ -5.972794686651304, 37.406809025510888 ], [ -5.972025198584573, 37.406241897291309 ], [ -5.971829223687259, 37.406122856143654 ], [ -5.97145965565771, 37.405846066126244 ], [ -5.971249481499713, 37.405670163772776 ], [ -5.971212148451772, 37.405632957268459 ], [ -5.971521895166704, 37.405606094219237 ], [ -5.971765904147396, 37.405428302984028 ], [ -5.970702118262184, 37.404631556376934 ], [ -5.97077356118065, 37.404571678236188 ], [ -5.970776741909828, 37.404574708709951 ], [ -5.971958610356291, 37.40372600300477 ], [ -5.972100875798223, 37.403774104158941 ] ] ], [ [ [ -5.982372055950425, 37.427641278822342 ], [ -5.982013499218265, 37.427569207743588 ], [ -5.981976136773993, 37.427642284253324 ], [ -5.981456765325708, 37.42754048119432 ], [ -5.981716427766053, 37.426734238450017 ], [ -5.982236144893384, 37.426831507536015 ], [ -5.982213686679343, 37.426924417565715 ], [ -5.982657161342888, 37.427012351193653 ], [ -5.982699258557203, 37.427060872271248 ], [ -5.983084943868552, 37.427147978618414 ], [ -5.984079208130889, 37.427321076569108 ], [ -5.984117416067814, 37.42757242572803 ], [ -5.984328397337688, 37.427400408428802 ], [ -5.985637877363387, 37.42829087183712 ], [ -5.983972500663179, 37.430438261580981 ], [ -5.982362797028911, 37.429320093535097 ], [ -5.982402231109149, 37.429241559160857 ], [ -5.981981776899824, 37.429125162209523 ], [ -5.982065678277356, 37.428840631161989 ], [ -5.982471096398879, 37.427595965936035 ], [ -5.982372055950425, 37.427641278822342 ] ] ], [ [ [ -5.934577459956971, 37.347697680258456 ], [ -5.934596380713737, 37.347686317394007 ], [ -5.934574877905179, 37.347800838197983 ], [ -5.933539930335357, 37.348340549600437 ], [ -5.933942527478247, 37.349420310970103 ], [ -5.932158002432492, 37.350554321250193 ], [ -5.930950068872784, 37.35128335238538 ], [ -5.930691957353582, 37.351269188405794 ], [ -5.930325330780277, 37.351113782740669 ], [ -5.929904847161756, 37.350898027827888 ], [ -5.929692609476104, 37.350738795577705 ], [ -5.928534515638568, 37.351425444603692 ], [ -5.928400954078064, 37.351329640878312 ], [ -5.928232108687275, 37.351181912588963 ], [ -5.928134494902224, 37.351234965108354 ], [ -5.927497294205412, 37.351626900246465 ], [ -5.926957984430278, 37.351973006624625 ], [ -5.927203461964027, 37.35222734737885 ], [ -5.926069517791618, 37.352945068335316 ], [ -5.925498277173607, 37.352011613441 ], [ -5.92470013715425, 37.350932049604175 ], [ -5.924232142594788, 37.35037524769173 ], [ -5.930732539743922, 37.346256022264484 ], [ -5.932303587872705, 37.345467026305151 ], [ -5.933327036125633, 37.346437629882224 ], [ -5.934577459956971, 37.347697680258456 ] ] ], [ [ [ -5.967665756085536, 37.343309451302957 ], [ -5.968919766404301, 37.346033958291827 ], [ -5.970044399163906, 37.348504218678805 ], [ -5.971191404074345, 37.348208373435959 ], [ -5.971256899495799, 37.348161935810133 ], [ -5.971282736585083, 37.348101178787772 ], [ -5.974652090252606, 37.347215377998339 ], [ -5.974414351570024, 37.346639645793246 ], [ -5.97556676833142, 37.34636675022746 ], [ -5.975567163160435, 37.34636740257163 ], [ -5.975990901155763, 37.347082051311382 ], [ -5.976112384249099, 37.347331269434747 ], [ -5.97619755313479, 37.347531875618159 ], [ -5.976308623992535, 37.348031436736804 ], [ -5.976465284234324, 37.348989345627075 ], [ -5.976639652588566, 37.350145074209493 ], [ -5.976706009880417, 37.350400198678287 ], [ -5.977023454572963, 37.350945647776634 ], [ -5.978377995207324, 37.35327294697268 ], [ -5.978278522321826, 37.353282264848886 ], [ -5.978270437773792, 37.353268921059431 ], [ -5.976116804238502, 37.353156464087505 ], [ -5.973674462045555, 37.352954368350602 ], [ -5.972416876661139, 37.352922918611 ], [ -5.971909583101161, 37.353136150621694 ], [ -5.971924194170732, 37.353172125939558 ], [ -5.971019871667885, 37.353247859503178 ], [ -5.969274669071288, 37.35382575051554 ], [ -5.967843482148786, 37.354491095633342 ], [ -5.966339015318917, 37.354509792539297 ], [ -5.965022494857395, 37.354447465462535 ], [ -5.964542874286942, 37.354402279170692 ], [ -5.963383811031276, 37.354698363125529 ], [ -5.961689993070173, 37.355370219598207 ], [ -5.960590625236438, 37.355969943753784 ], [ -5.960355679097717, 37.356071192727818 ], [ -5.959612739980903, 37.356013509004228 ], [ -5.958842937841117, 37.355880202283522 ], [ -5.958718351805063, 37.355749812565399 ], [ -5.958400779091191, 37.355220747578372 ], [ -5.95948404771005, 37.353346558100128 ], [ -5.962320539021391, 37.348621766811704 ], [ -5.963553873603276, 37.347179471087244 ], [ -5.967665756085536, 37.343309451302957 ] ] ], [ [ [ -5.953904959671342, 37.371097030488507 ], [ -5.954343517485415, 37.370646800543668 ], [ -5.95358496149476, 37.370165665009388 ], [ -5.952997742188931, 37.370763814305064 ], [ -5.951626882043002, 37.371102107557434 ], [ -5.951508212388841, 37.371170396426145 ], [ -5.951262005929669, 37.370789089520549 ], [ -5.951376260567124, 37.370707405045792 ], [ -5.951971764033463, 37.370233027545673 ], [ -5.952250422057983, 37.369908425801668 ], [ -5.95239961445498, 37.3697087258371 ], [ -5.952863520190204, 37.369104707900725 ], [ -5.953016604289698, 37.369184217909364 ], [ -5.953435928062559, 37.369455309080699 ], [ -5.955458657766401, 37.370742828021875 ], [ -5.955974853555503, 37.371076849529935 ], [ -5.95559553407638, 37.371444478785115 ], [ -5.954760862974216, 37.37092022399213 ], [ -5.954505061833437, 37.371181181634157 ], [ -5.954311566264144, 37.371294121405839 ], [ -5.954175679894696, 37.371216413411346 ], [ -5.953875141177788, 37.371145071152647 ], [ -5.953904959671342, 37.371097030488507 ] ] ], [ [ [ -5.960209350171188, 37.381089668661033 ], [ -5.960214678776738, 37.381042257125678 ], [ -5.961161204838771, 37.381135678505437 ], [ -5.962302543190813, 37.381217434986418 ], [ -5.962772455955336, 37.381250718843525 ], [ -5.962717227807368, 37.381734181828399 ], [ -5.963508201173866, 37.381797690886081 ], [ -5.963392303125524, 37.382803008488025 ], [ -5.963279480984882, 37.383817268425197 ], [ -5.959288185751293, 37.383514051027802 ], [ -5.959412668535921, 37.382492726740352 ], [ -5.959545064182016, 37.381426156151257 ], [ -5.959589687683735, 37.381035339910483 ], [ -5.960209350171188, 37.381089668661033 ] ] ], [ [ [ -5.945628265999241, 37.400206391215605 ], [ -5.945424107021205, 37.399798541366621 ], [ -5.94532790574606, 37.399504358058529 ], [ -5.945233307908909, 37.399129549523387 ], [ -5.947127045123508, 37.397695336659652 ], [ -5.947986136115775, 37.399485801014571 ], [ -5.949719853376511, 37.398584258095255 ], [ -5.950150056126352, 37.3980516759705 ], [ -5.950577538010115, 37.398060752506559 ], [ -5.950998198346604, 37.398117806654092 ], [ -5.951127887676992, 37.39816184692215 ], [ -5.951417868880462, 37.398325818889042 ], [ -5.95166313024168, 37.398535931900213 ], [ -5.951928407462508, 37.398882986520363 ], [ -5.9541391311814, 37.402445442001969 ], [ -5.953736766883308, 37.40268304903951 ], [ -5.953682043610809, 37.402646085976862 ], [ -5.953596880049848, 37.402688774913521 ], [ -5.953151061626963, 37.402967972917864 ], [ -5.953174452361686, 37.40301470221641 ], [ -5.951637707792095, 37.403924868658962 ], [ -5.950887729585488, 37.404349053867989 ], [ -5.949028596565783, 37.402030205401459 ], [ -5.947323381325433, 37.402928723308321 ], [ -5.946896082665948, 37.401923440534283 ], [ -5.946717808905625, 37.401590829941732 ], [ -5.946033121132875, 37.400691851200804 ], [ -5.945628265999241, 37.400206391215605 ] ] ] ] } },
{ "type": "Feature", "properties": { "viviendas": 6594, "n_flats": 64, "n_rooms": 20, "n_all": 84, "ratio_flats": 0.97057931452835911, "ratio_rooms": 0.30330603579011223, "ratio": 1.2738853503184713, "mean_price": 534.79220779220782, "mean_revenue": 1206.6450216450216, "profit": 487.20690954506858, "net_profit": 1.0, "ingresos_medios": 17401.966149470594 }, "geometry": { "type": "MultiPolygon", "coordinates": [ [ [ [ -5.983016492493489, 37.345253887026857 ], [ -5.983692019388324, 37.347868407019988 ], [ -5.981015044660568, 37.348277952412133 ], [ -5.980929793609981, 37.348290991026857 ], [ -5.980284778868938, 37.345581788759894 ], [ -5.980454483760444, 37.345556505717774 ], [ -5.980468844244655, 37.345626227587672 ], [ -5.983016492493489, 37.345253887026857 ] ] ], [ [ [ -5.977735092072956, 37.377842728677052 ], [ -5.977479530427978, 37.377590078992981 ], [ -5.975532514114976, 37.375940636134509 ], [ -5.975950181050309, 37.374693466925606 ], [ -5.973825543044935, 37.373007903318083 ], [ -5.973573848365525, 37.372825011171635 ], [ -5.973718607284511, 37.372751543050491 ], [ -5.973905269223947, 37.372690545154732 ], [ -5.974478336691989, 37.372619805674681 ], [ -5.975604235678186, 37.372492340338297 ], [ -5.976554065346602, 37.372382818210404 ], [ -5.977391947725027, 37.372284699062902 ], [ -5.977411694325185, 37.372282386771559 ], [ -5.978456011662295, 37.37216144984562 ], [ -5.97928798270494, 37.376515088421968 ], [ -5.979326797814855, 37.376635737859715 ], [ -5.979354167403637, 37.376698121229353 ], [ -5.979361917806062, 37.376700268570325 ], [ -5.978807560055608, 37.378536485341847 ], [ -5.978800162347038, 37.378534466939165 ], [ -5.978665552047014, 37.378386929738433 ], [ -5.978184108291138, 37.378119714403581 ], [ -5.977735092072956, 37.377842728677052 ] ] ], [ [ [ -6.007807512119857, 37.386841800751256 ], [ -6.007783473942992, 37.385979667667868 ], [ -6.007959883881056, 37.385912105402255 ], [ -6.008385104348713, 37.385259292429332 ], [ -6.008524735969853, 37.385314274924546 ], [ -6.008632559475612, 37.385460242131444 ], [ -6.008874361942279, 37.385674827638383 ], [ -6.008925331109911, 37.38577038671658 ], [ -6.009519649250445, 37.386394996743228 ], [ -6.009492749408023, 37.386402435349922 ], [ -6.009768175518619, 37.387318986002313 ], [ -6.009446155733736, 37.387315914034261 ], [ -6.009244871080164, 37.387330063248015 ], [ -6.009055280289507, 37.38738445635331 ], [ -6.008967042228584, 37.387436282370111 ], [ -6.00884302530058, 37.387565553303418 ], [ -6.008471959988008, 37.388192201798383 ], [ -6.008358608727653, 37.388159050424974 ], [ -6.007779111867219, 37.387937245339216 ], [ -6.007776590845044, 37.38735392771919 ], [ -6.007807512119857, 37.386841800751256 ] ] ], [ [ [ -5.990928933844145, 37.400323966148562 ], [ -5.991773378289093, 37.400298090747704 ], [ -5.992343354727676, 37.400279177233834 ], [ -5.992950131380343, 37.400281800090923 ], [ -5.993191148185804, 37.400271213579636 ], [ -5.993280316087649, 37.400232877763443 ], [ -5.993411540288577, 37.400466108072052 ], [ -5.993465626474006, 37.400561582240307 ], [ -5.993378219085296, 37.400595350286075 ], [ -5.993355185084542, 37.400627433983985 ], [ -5.99325432685082, 37.400803448396601 ], [ -5.992702836924293, 37.400785897234684 ], [ -5.992150844065979, 37.400817886428342 ], [ -5.992262077508062, 37.402385131805083 ], [ -5.991827921520767, 37.402375842627265 ], [ -5.99098551565839, 37.402365648362817 ], [ -5.990819959345012, 37.40092142025042 ], [ -5.990982511335373, 37.400908282475754 ], [ -5.990928933844145, 37.400323966148562 ] ] ], [ [ [ -5.989303830420953, 37.408719968628134 ], [ -5.989463956970735, 37.408769984219433 ], [ -5.990783374061909, 37.408896514895993 ], [ -5.99093562608522, 37.408930990886077 ], [ -5.991093906692472, 37.408996774405772 ], [ -5.992711857145535, 37.409791559753494 ], [ -5.991363974493539, 37.411823716496116 ], [ -5.989430501971821, 37.410955852570673 ], [ -5.989421955951741, 37.410967340167467 ], [ -5.989391671406425, 37.410956834382809 ], [ -5.988642207112913, 37.410617611070982 ], [ -5.988296558169379, 37.41047771304217 ], [ -5.988202465304761, 37.410401259921862 ], [ -5.98816893452831, 37.41036603074312 ], [ -5.988057670164158, 37.408454129089719 ], [ -5.988382658124633, 37.408074281318257 ], [ -5.988405785811044, 37.408091469573975 ], [ -5.989182871959631, 37.408668961663437 ], [ -5.989303830420953, 37.408719968628134 ] ] ], [ [ [ -5.982013499218265, 37.427569207743588 ], [ -5.982372055950425, 37.427641278822342 ], [ -5.982471096398879, 37.427595965936035 ], [ -5.982065678277356, 37.428840631161989 ], [ -5.981981776899824, 37.429125162209523 ], [ -5.981775921437362, 37.429823328549865 ], [ -5.981729890928851, 37.429912328336826 ], [ -5.980766209400779, 37.429718120444733 ], [ -5.981456765325708, 37.42754048119432 ], [ -5.981976136773993, 37.427642284253324 ], [ -5.982013499218265, 37.427569207743588 ] ] ], [ [ [ -5.933252081407703, 37.32561326697806 ], [ -5.934108312793066, 37.325291622616774 ], [ -5.935097543101354, 37.324935675895262 ], [ -5.935931382064272, 37.324652719803026 ], [ -5.93635640495679, 37.324527726272628 ], [ -5.936833227197558, 37.324506346106986 ], [ -5.937108912096418, 37.324532875042891 ], [ -5.937526801665274, 37.324684611410376 ], [ -5.937740400128257, 37.324803276739424 ], [ -5.93810943999594, 37.32446748420206 ], [ -5.938282817672079, 37.324320128319869 ], [ -5.938818521530755, 37.32381807129245 ], [ -5.939269052376894, 37.323481696642872 ], [ -5.939265886971287, 37.323476270661246 ], [ -5.939314310989547, 37.323440978088634 ], [ -5.939447787102284, 37.323342295794312 ], [ -5.939584153677444, 37.323241156332877 ], [ -5.939692552449404, 37.323188395349462 ], [ -5.93974632834518, 37.323189441520718 ], [ -5.939791899443207, 37.323209765688901 ], [ -5.93981976303174, 37.32323529776415 ], [ -5.939844644056412, 37.323260903999369 ], [ -5.939846408478767, 37.323306158164179 ], [ -5.939817698117737, 37.323335481290641 ], [ -5.939549237413839, 37.323647322641641 ], [ -5.939500765117988, 37.323705746256081 ], [ -5.939405303045969, 37.323745754169899 ], [ -5.939446232738188, 37.323844661453236 ], [ -5.939595926074301, 37.32400878034705 ], [ -5.940048015894126, 37.32433322007514 ], [ -5.940519495266275, 37.324664805131007 ], [ -5.940862745993577, 37.324892769870623 ], [ -5.941038400436382, 37.324987578980441 ], [ -5.941260274534437, 37.325165158773643 ], [ -5.941344074024556, 37.325231735898747 ], [ -5.941746303265857, 37.325502097655004 ], [ -5.942222940705942, 37.325843083324301 ], [ -5.942525713505497, 37.326073957971715 ], [ -5.942646745651624, 37.326155938492917 ], [ -5.942677609298548, 37.326176843836265 ], [ -5.939556881208908, 37.32824280954847 ], [ -5.939514507876255, 37.328272135352911 ], [ -5.939210956445467, 37.327981935595872 ], [ -5.938441408342224, 37.328426140856045 ], [ -5.937820648648799, 37.328922204181687 ], [ -5.93745554469637, 37.329114375628983 ], [ -5.937256595475599, 37.329157465129938 ], [ -5.936524048254894, 37.329236696576977 ], [ -5.93606621033623, 37.329255697842498 ], [ -5.935711581015085, 37.329226359657909 ], [ -5.935297309876664, 37.329137467735286 ], [ -5.93494119757702, 37.32907001783061 ], [ -5.934499184797185, 37.329004699166475 ], [ -5.934269228303278, 37.328987519754222 ], [ -5.934265177251046, 37.328392547782627 ], [ -5.934264339036487, 37.328125548655301 ], [ -5.933521956112033, 37.328197376944658 ], [ -5.933087955824995, 37.32833784044449 ], [ -5.932708256297644, 37.328400664652648 ], [ -5.932237022858483, 37.3283208043337 ], [ -5.931826970583523, 37.328094471095412 ], [ -5.931588124535732, 37.327848632084951 ], [ -5.931365405870524, 37.327526101965759 ], [ -5.931061594494811, 37.327083514672552 ], [ -5.930907171644929, 37.326797435639421 ], [ -5.930836306271586, 37.326686636987048 ], [ -5.931017850842735, 37.326581793824978 ], [ -5.93156793895518, 37.326217690687209 ], [ -5.932062614297551, 37.326040919437155 ], [ -5.933252081407703, 37.32561326697806 ] ] ], [ [ [ -5.955966789065326, 37.373338698628082 ], [ -5.955847631071418, 37.373206520048733 ], [ -5.956133659487978, 37.373055173343197 ], [ -5.956171375775627, 37.373094773352662 ], [ -5.956849518968903, 37.373503592370092 ], [ -5.957037168558423, 37.373314178741239 ], [ -5.956834567514726, 37.373186327517999 ], [ -5.957178912278061, 37.372830787860593 ], [ -5.95643601792801, 37.372367323470883 ], [ -5.95640630163444, 37.372397355250023 ], [ -5.956000141581423, 37.37213945294716 ], [ -5.956033728856403, 37.37210032366545 ], [ -5.954855277503138, 37.371357113275614 ], [ -5.954285774250652, 37.371945771048217 ], [ -5.953831704407684, 37.37164401443362 ], [ -5.953825532576472, 37.37159460183004 ], [ -5.954311566264144, 37.371294121405839 ], [ -5.954505061833437, 37.371181181634157 ], [ -5.954760862974216, 37.37092022399213 ], [ -5.95559553407638, 37.371444478785115 ], [ -5.956915882142983, 37.372283243062505 ], [ -5.957612287870911, 37.372743366236683 ], [ -5.957222037285756, 37.373129299209765 ], [ -5.957853247502575, 37.373525797895262 ], [ -5.956744457325628, 37.374625739224307 ], [ -5.956136290481922, 37.374246742674337 ], [ -5.955457020806413, 37.37382222868635 ], [ -5.955480110492282, 37.373686476578591 ], [ -5.955561943657612, 37.373510968818785 ], [ -5.955966789065326, 37.373338698628082 ] ] ], [ [ [ -5.966169826687868, 37.378716922207971 ], [ -5.96582284619931, 37.381503096353477 ], [ -5.96582127821099, 37.381503135711121 ], [ -5.965403143422982, 37.381450553206804 ], [ -5.965395514127171, 37.381480046411212 ], [ -5.964458228537543, 37.381384164802832 ], [ -5.962772455955336, 37.381250718843525 ], [ -5.962302543190813, 37.381217434986418 ], [ -5.962623987605999, 37.378431909953591 ], [ -5.966169826687868, 37.378716922207971 ] ] ], [ [ [ -5.895368696317027, 37.382582645721115 ], [ -5.89545137692188, 37.382526262080773 ], [ -5.895511379900817, 37.382486168751988 ], [ -5.895541074409894, 37.382465892164561 ], [ -5.895929593551395, 37.382182019108157 ], [ -5.895975371804189, 37.382149090841558 ], [ -5.895989363436001, 37.382138347662654 ], [ -5.896313310731752, 37.38188960944855 ], [ -5.896666782128746, 37.38160330417071 ], [ -5.897074578264664, 37.381293630958808 ], [ -5.897298848478774, 37.381094224329132 ], [ -5.897540857033938, 37.380925230770735 ], [ -5.897932771484019, 37.380633572852354 ], [ -5.898291409162224, 37.380338321808495 ], [ -5.898694352620231, 37.380046390021796 ], [ -5.898868700158987, 37.379984822304564 ], [ -5.899051030203508, 37.380100123262061 ], [ -5.899029588203538, 37.380109229401334 ], [ -5.900812101400188, 37.380739714845276 ], [ -5.900255096619562, 37.381746800950168 ], [ -5.900415620899541, 37.381859969486946 ], [ -5.900224668924013, 37.382220609636221 ], [ -5.899317800988745, 37.383851226743744 ], [ -5.899278885207867, 37.383863458631588 ], [ -5.89780593314875, 37.38392660308245 ], [ -5.897696273593803, 37.384001371509889 ], [ -5.897147858403945, 37.384028322994524 ], [ -5.896888908540884, 37.383906285253673 ], [ -5.896336841801908, 37.383680997731325 ], [ -5.895241474456141, 37.383120299759952 ], [ -5.895234262165012, 37.382969316757809 ], [ -5.89523360213919, 37.382969683450199 ], [ -5.895217354866324, 37.382684025682785 ], [ -5.895217345558445, 37.382683871826224 ], [ -5.895246609382188, 37.382664694367868 ], [ -5.895312299269163, 37.382620170851219 ], [ -5.895368696317027, 37.382582645721115 ] ] ], [ [ [ -5.945106111922474, 37.397445083408996 ], [ -5.945128185722937, 37.397340620226593 ], [ -5.944580831714791, 37.396331582753952 ], [ -5.941133851708782, 37.387756054269047 ], [ -5.94085926564727, 37.386958696333508 ], [ -5.940823697820111, 37.38675456035552 ], [ -5.940804489260941, 37.386414904489129 ], [ -5.94540912771019, 37.386626886924255 ], [ -5.946441526565287, 37.386682242942747 ], [ -5.950455483181217, 37.386917792285018 ], [ -5.95361357339717, 37.387118235853173 ], [ -5.959446923639067, 37.387416105240121 ], [ -5.960696380434522, 37.387463667886152 ], [ -5.961895154675773, 37.387489937768343 ], [ -5.965098437530892, 37.387538021298312 ], [ -5.965163957707904, 37.387651287913982 ], [ -5.966237684266683, 37.389122322592989 ], [ -5.966783867966596, 37.389910544736232 ], [ -5.966827297206232, 37.389956728488933 ], [ -5.965568417650379, 37.390966537789282 ], [ -5.965528561170994, 37.39099850777707 ], [ -5.964318859898031, 37.391968205111681 ], [ -5.963742309456972, 37.392421929351009 ], [ -5.963593081460258, 37.392594595226889 ], [ -5.963090684796311, 37.393771827291161 ], [ -5.962878994628327, 37.394169084848762 ], [ -5.962780114286997, 37.39406792961806 ], [ -5.962458206881704, 37.393650241000238 ], [ -5.962380453368938, 37.393571104779866 ], [ -5.961721742358017, 37.393051520635694 ], [ -5.960262012461111, 37.39188291470338 ], [ -5.959902684139811, 37.391581042872161 ], [ -5.959633261615088, 37.391195837186437 ], [ -5.959128844266289, 37.390523660649535 ], [ -5.958943627374846, 37.390350385918588 ], [ -5.958429133851673, 37.390669575504269 ], [ -5.958377619084859, 37.391218286987829 ], [ -5.958326584429031, 37.391543919572634 ], [ -5.957994047308562, 37.392390212135908 ], [ -5.957541816031927, 37.39359544802727 ], [ -5.957465632978871, 37.393950979988517 ], [ -5.957474221424917, 37.394254877214287 ], [ -5.957509799426186, 37.39446345450947 ], [ -5.957627180408125, 37.394827720786253 ], [ -5.957688866740241, 37.394974841419206 ], [ -5.957893847914076, 37.395242270007863 ], [ -5.958116796718126, 37.395491236032363 ], [ -5.958759354203321, 37.395986497944122 ], [ -5.958290539118091, 37.396288855871965 ], [ -5.958052580315718, 37.396416457958708 ], [ -5.95783285595504, 37.396509777075991 ], [ -5.957612395964968, 37.396580615518438 ], [ -5.956089272032675, 37.396979173491331 ], [ -5.956013350946196, 37.396663430535199 ], [ -5.955967934302638, 37.396581250802697 ], [ -5.954892920723577, 37.396864907539431 ], [ -5.954712165046882, 37.396594601614396 ], [ -5.954517215459214, 37.396419274851134 ], [ -5.952403457837332, 37.395041655270958 ], [ -5.951844888975808, 37.395711110456162 ], [ -5.950810487534762, 37.397106555723973 ], [ -5.95013808560612, 37.398051421639771 ], [ -5.950150056126352, 37.3980516759705 ], [ -5.949719853376511, 37.398584258095255 ], [ -5.947986136115775, 37.399485801014571 ], [ -5.947127045123508, 37.397695336659652 ], [ -5.945233307908909, 37.399129549523387 ], [ -5.945194196593088, 37.398974584064042 ], [ -5.945198226459701, 37.398451125667691 ], [ -5.94520038326263, 37.398171058000798 ], [ -5.945106111922474, 37.397445083408996 ] ] ] ] } },
{ "type": "Feature", "properties": { "viviendas": 5838, "n_flats": 79, "n_rooms": 19, "n_all": 98, "ratio_flats": 1.3532031517643028, "ratio_rooms": 0.32545392257622474, "ratio": 1.6786570743405276, "mean_price": 120.79120879120879, "mean_revenue": 973.22161172161179, "profit": 370.65072580701758, "net_profit": 1.0, "ingresos_medios": 10614.171430982213 }, "geometry": { "type": "MultiPolygon", "coordinates": [ [ [ [ -5.980929793609981, 37.348290991026857 ], [ -5.978688664278116, 37.348633742800175 ], [ -5.97789253356049, 37.348761079718365 ], [ -5.9777263133365, 37.348079575288246 ], [ -5.979199237305066, 37.347870804632976 ], [ -5.978691100923234, 37.345819204770841 ], [ -5.979140159699385, 37.345752309271553 ], [ -5.980284778868938, 37.345581788759894 ], [ -5.980929793609981, 37.348290991026857 ] ] ], [ [ [ -5.978034749778929, 37.369525247583233 ], [ -5.978058156992655, 37.369763467454625 ], [ -5.978149350812051, 37.370296300863927 ], [ -5.978212491793278, 37.370665125884067 ], [ -5.978483122702408, 37.372075198830217 ], [ -5.978456011662295, 37.37216144984562 ], [ -5.977411694325185, 37.372282386771559 ], [ -5.977391947725027, 37.372284699062902 ], [ -5.977299969222614, 37.371742795888899 ], [ -5.977011977584758, 37.371711906976309 ], [ -5.977334660646848, 37.370807366670803 ], [ -5.977119798887382, 37.370812780090759 ], [ -5.976760980845505, 37.368990854388514 ], [ -5.976757213486029, 37.368895586995222 ], [ -5.976352128258161, 37.368924862503135 ], [ -5.976279521364426, 37.368297297104853 ], [ -5.97622574989522, 37.368146070608901 ], [ -5.976606204663777, 37.368098343204373 ], [ -5.976316252256145, 37.366808712381484 ], [ -5.977377720287993, 37.366668421149541 ], [ -5.977483464419181, 37.366993668454711 ], [ -5.977968062421016, 37.369484137573977 ], [ -5.978034749778929, 37.369525247583233 ] ] ], [ [ [ -6.014132223237504, 37.383907720589008 ], [ -6.013199775562318, 37.383845892636273 ], [ -6.013143800125443, 37.383513926454604 ], [ -6.013105475143013, 37.383535200078953 ], [ -6.012482446884338, 37.382882042275369 ], [ -6.012403513991995, 37.382773685500034 ], [ -6.012393162819058, 37.382661329300383 ], [ -6.012848838756925, 37.382699239725817 ], [ -6.014216027484752, 37.382736459474849 ], [ -6.014132223237504, 37.383907720589008 ] ] ], [ [ [ -5.999557828801273, 37.394230478178613 ], [ -5.999730471002327, 37.393099796127245 ], [ -6.000400888252109, 37.393233729187443 ], [ -6.001232296744996, 37.393316215519874 ], [ -6.00125715111841, 37.393320120938363 ], [ -6.001236640443056, 37.393487294073211 ], [ -6.001170018145954, 37.393576823245489 ], [ -6.001043351333224, 37.39447659148891 ], [ -6.00046305043286, 37.394385481390678 ], [ -6.000234403107877, 37.395483773479192 ], [ -5.998757494381205, 37.395300503799497 ], [ -5.998170157875912, 37.395232050535149 ], [ -5.998294745465889, 37.394510337671029 ], [ -5.998397424230043, 37.394111261513473 ], [ -5.999557828801273, 37.394230478178613 ] ] ], [ [ [ -5.976164097315862, 37.404183750328116 ], [ -5.976377731675986, 37.403953145214636 ], [ -5.97639481231949, 37.40393466662438 ], [ -5.976631613209419, 37.404045810798323 ], [ -5.978367488192585, 37.404531445795051 ], [ -5.978150053102871, 37.405052786104903 ], [ -5.977897196287912, 37.405660626844849 ], [ -5.977151372664967, 37.405611826520854 ], [ -5.977118211820294, 37.40573657328089 ], [ -5.977012346272812, 37.405831565663334 ], [ -5.976936070013666, 37.405860536816206 ], [ -5.976842256106194, 37.405871924169112 ], [ -5.976758778865832, 37.405862754600989 ], [ -5.976626412009429, 37.405814270118313 ], [ -5.976402435614555, 37.406081209320718 ], [ -5.975162219970206, 37.405411879132458 ], [ -5.975051323409579, 37.405351598760838 ], [ -5.975273910988743, 37.405102721842454 ], [ -5.975552493307757, 37.404836621393898 ], [ -5.976164097315862, 37.404183750328116 ] ] ], [ [ [ -5.981981776899824, 37.429125162209523 ], [ -5.982402231109149, 37.429241559160857 ], [ -5.982362797028911, 37.429320093535097 ], [ -5.983972500663179, 37.430438261580981 ], [ -5.98256582841696, 37.432251953945119 ], [ -5.982417843720135, 37.432411105230294 ], [ -5.980998179511566, 37.43333671555655 ], [ -5.979698900301909, 37.43389208982218 ], [ -5.979858866722096, 37.432930714944888 ], [ -5.980080166941416, 37.431850634132452 ], [ -5.980766209400779, 37.429718120444733 ], [ -5.981729890928851, 37.429912328336826 ], [ -5.981775921437362, 37.429823328549865 ], [ -5.981981776899824, 37.429125162209523 ] ] ], [ [ [ -5.927674476236784, 37.333742063361193 ], [ -5.927314000915196, 37.334142317056916 ], [ -5.927222588589315, 37.334243899351065 ], [ -5.927042424766943, 37.334443912558783 ], [ -5.926364834778287, 37.334074702353703 ], [ -5.923605498344455, 37.332521782971504 ], [ -5.923027734466191, 37.332097394293811 ], [ -5.922896970819062, 37.331804997726309 ], [ -5.922910118789433, 37.33152811597467 ], [ -5.923135083084921, 37.331087675301205 ], [ -5.924291317056519, 37.331773225334899 ], [ -5.926450141371736, 37.332989205618588 ], [ -5.927695201756053, 37.333719438505184 ], [ -5.927674476236784, 37.333742063361193 ] ] ], [ [ [ -5.956744457325628, 37.374625739224307 ], [ -5.957853247502575, 37.373525797895262 ], [ -5.958258039100576, 37.37311916265412 ], [ -5.959650873531828, 37.374001142717404 ], [ -5.958643237852412, 37.375008517901989 ], [ -5.959531564989378, 37.375772417144418 ], [ -5.95917266512387, 37.376139586923095 ], [ -5.959661731598826, 37.376444982228065 ], [ -5.960017527089462, 37.376699626561546 ], [ -5.957214876073488, 37.376253938866576 ], [ -5.955466189096861, 37.375975507306009 ], [ -5.955956590410923, 37.374674748033378 ], [ -5.956136290481922, 37.374246742674337 ], [ -5.956744457325628, 37.374625739224307 ] ] ], [ [ [ -5.966324919079616, 37.377471796293371 ], [ -5.966169826687868, 37.378716922207971 ], [ -5.962623987605999, 37.378431909953591 ], [ -5.962798312123347, 37.37701064527792 ], [ -5.966354591525983, 37.377311151064951 ], [ -5.966324919079616, 37.377471796293371 ] ] ], [ [ [ -5.90142437989, 37.383272434818757 ], [ -5.902524847131593, 37.383671169641346 ], [ -5.902760016732104, 37.383744265724751 ], [ -5.902761519625051, 37.383744731605319 ], [ -5.902820565067582, 37.383763020960103 ], [ -5.902158402144022, 37.385182685898641 ], [ -5.90123104816564, 37.385187452621388 ], [ -5.899368859647992, 37.38526465655206 ], [ -5.899278885207867, 37.383863458631588 ], [ -5.899317800988745, 37.383851226743744 ], [ -5.900224668924013, 37.382220609636221 ], [ -5.901715354174256, 37.382751687503223 ], [ -5.90142437989, 37.383272434818757 ] ] ], [ [ [ -5.967456296721465, 37.391643494861327 ], [ -5.967417324940113, 37.391715995613076 ], [ -5.967151446866603, 37.391641614518953 ], [ -5.967145476433817, 37.391641764462591 ], [ -5.967139507129182, 37.391641914377566 ], [ -5.967188539695821, 37.391521479466235 ], [ -5.967210728997529, 37.39147800904103 ], [ -5.967283497049858, 37.391504790223024 ], [ -5.967285917364158, 37.391490425053881 ], [ -5.967371875771062, 37.391321381982777 ], [ -5.967507524460085, 37.391048574990677 ], [ -5.967554510584313, 37.39095203167269 ], [ -5.967573902286413, 37.390913399879516 ], [ -5.96734934749577, 37.390826061050944 ], [ -5.96693775038102, 37.390693354113445 ], [ -5.966874261658631, 37.390826072122117 ], [ -5.966900302781633, 37.390880251501109 ], [ -5.966833735876268, 37.39101066347537 ], [ -5.966764517305865, 37.390998097256173 ], [ -5.966633990869835, 37.391249317795172 ], [ -5.966564396328267, 37.391227224045593 ], [ -5.96654909571205, 37.391218072276445 ], [ -5.96642148016659, 37.391543125640389 ], [ -5.965955680467189, 37.391399856068141 ], [ -5.965568417650379, 37.390966537789282 ], [ -5.966827297206232, 37.389956728488933 ], [ -5.96878716652211, 37.391441585462204 ], [ -5.968243947556028, 37.39187220943613 ], [ -5.967456296721465, 37.391643494861327 ] ] ] ] } },
{ "type": "Feature", "properties": { "viviendas": 6397, "n_flats": 128, "n_rooms": 26, "n_all": 154, "ratio_flats": 2.0009379396592153, "ratio_rooms": 0.4064405189932781, "ratio": 2.4073784586524933, "mean_price": 163.81818181818181, "mean_revenue": 974.56293706293707, "profit": 387.83509118952634, "net_profit": 1.0, "ingresos_medios": 9476.9639564210302 }, "geometry": { "type": "MultiPolygon", "coordinates": [ [ [ [ -5.980929793609981, 37.348290991026857 ], [ -5.981015044660568, 37.348277952412133 ], [ -5.983692019388324, 37.347868407019988 ], [ -5.984169220470419, 37.349858770834153 ], [ -5.984148362422561, 37.349861592483379 ], [ -5.980586249532294, 37.350343352113114 ], [ -5.978474050918069, 37.350681872578122 ], [ -5.977023454572963, 37.350945647776634 ], [ -5.976706009880417, 37.350400198678287 ], [ -5.976639652588566, 37.350145074209493 ], [ -5.976465284234324, 37.348989345627075 ], [ -5.97789253356049, 37.348761079718365 ], [ -5.978688664278116, 37.348633742800175 ], [ -5.980929793609981, 37.348290991026857 ] ] ], [ [ [ -5.978205643404541, 37.369313710500286 ], [ -5.978356651959174, 37.369255838946991 ], [ -5.978731674894221, 37.369167574720834 ], [ -5.979135306172021, 37.369102842007102 ], [ -5.983481082281995, 37.368405786851689 ], [ -5.984338121144457, 37.368273765649654 ], [ -5.985374030238788, 37.368134969594081 ], [ -5.985546453901524, 37.368964099455802 ], [ -5.985549233914209, 37.369137489956422 ], [ -5.985483050803975, 37.369598671215996 ], [ -5.985121919273633, 37.369650600359456 ], [ -5.982077578176423, 37.369786417907363 ], [ -5.981712249645081, 37.369752891176056 ], [ -5.981441950130586, 37.369728083941141 ], [ -5.978149350812051, 37.370296300863927 ], [ -5.978058156992655, 37.369763467454625 ], [ -5.978034749778929, 37.369525247583233 ], [ -5.978035110998678, 37.369484696026454 ], [ -5.978066138869027, 37.369434388919615 ], [ -5.978205643404541, 37.369313710500286 ] ] ], [ [ [ -6.005869014350332, 37.38321937786305 ], [ -6.005417012848403, 37.382717279655246 ], [ -6.005609078986677, 37.382590751388832 ], [ -6.005193448147377, 37.382123768322778 ], [ -6.005915171488218, 37.381632365646446 ], [ -6.005230411088197, 37.380994276780783 ], [ -6.005718907209959, 37.380578634615112 ], [ -6.007433851728577, 37.382174916779114 ], [ -6.005869014350332, 37.38321937786305 ] ] ], [ [ [ -5.966635923772092, 37.392286258219414 ], [ -5.966760801936849, 37.392244815530994 ], [ -5.966986240062441, 37.392212143111571 ], [ -5.967706518308336, 37.392171524092674 ], [ -5.967822411229085, 37.392143830953707 ], [ -5.968102948319116, 37.391985873411713 ], [ -5.968197337292975, 37.391909158064124 ], [ -5.968243947556028, 37.39187220943613 ], [ -5.96878716652211, 37.391441585462204 ], [ -5.968787306125256, 37.391441545911725 ], [ -5.970114025225098, 37.392518773733826 ], [ -5.969895840146351, 37.392668415164941 ], [ -5.969855119453185, 37.392660455195362 ], [ -5.969595779375832, 37.393171543101573 ], [ -5.969515971767393, 37.393144242011054 ], [ -5.969425321753535, 37.393310996838252 ], [ -5.969316565420355, 37.393282174157441 ], [ -5.969294255352512, 37.393289470321633 ], [ -5.968822760467617, 37.393145898702734 ], [ -5.968613497136136, 37.393446260594061 ], [ -5.968549536309641, 37.393452373048738 ], [ -5.968391411913069, 37.393447356177667 ], [ -5.968213758691379, 37.393390997887316 ], [ -5.967948432756823, 37.393384095380199 ], [ -5.967722888705389, 37.393310927171044 ], [ -5.967842110068783, 37.393066894328626 ], [ -5.967192878246953, 37.392851235500416 ], [ -5.967067742722024, 37.39310213277853 ], [ -5.96625084156938, 37.392841038963525 ], [ -5.966347518096222, 37.392642657387867 ], [ -5.966457032870086, 37.3924349256312 ], [ -5.96654586339867, 37.392342608655348 ], [ -5.966635923772092, 37.392286258219414 ] ] ], [ [ [ -5.99096815949941, 37.398962411496804 ], [ -5.990844378729074, 37.398458726595962 ], [ -5.990444378085005, 37.398518374828548 ], [ -5.990205658754775, 37.397623378604266 ], [ -5.990135233207897, 37.397257995401212 ], [ -5.990199119687484, 37.397240583735005 ], [ -5.990199181600346, 37.396740532000223 ], [ -5.990125385858642, 37.396704109368251 ], [ -5.990113614245741, 37.396625574656213 ], [ -5.98974964367231, 37.396618988043727 ], [ -5.989638639029068, 37.396241120008554 ], [ -5.989799673005138, 37.396216750216304 ], [ -5.990287806795159, 37.396244978496512 ], [ -5.990537882057486, 37.396258892475878 ], [ -5.990567389571892, 37.396742473120604 ], [ -5.991181840207809, 37.396742682124277 ], [ -5.991168243851672, 37.396871424389218 ], [ -5.991224765097054, 37.397183109924043 ], [ -5.991287551193154, 37.397249112108057 ], [ -5.991474495458416, 37.397530424580339 ], [ -5.991614386102314, 37.397981904487743 ], [ -5.991583082122081, 37.398068340912552 ], [ -5.991812642699444, 37.397979138249021 ], [ -5.992133438099895, 37.398338181903846 ], [ -5.992433395457276, 37.398594176829945 ], [ -5.992448793831397, 37.39858251095189 ], [ -5.992533066822443, 37.398704269799012 ], [ -5.992619761546206, 37.398776423506291 ], [ -5.992818997502177, 37.398888504693964 ], [ -5.992883743122199, 37.398904890072536 ], [ -5.99312731982166, 37.398894202874175 ], [ -5.993128471523185, 37.398860402978414 ], [ -5.993454280557619, 37.398888173765378 ], [ -5.993227966708822, 37.400155371617778 ], [ -5.993280316087649, 37.400232877763443 ], [ -5.993191148185804, 37.400271213579636 ], [ -5.992950131380343, 37.400281800090923 ], [ -5.992343354727676, 37.400279177233834 ], [ -5.991773378289093, 37.400298090747704 ], [ -5.991684231097401, 37.399099702236676 ], [ -5.99141089800592, 37.399036813539055 ], [ -5.990978600135553, 37.399124316778014 ], [ -5.99096815949941, 37.398962411496804 ] ] ], [ [ [ -5.97639481231949, 37.40393466662438 ], [ -5.977350138389257, 37.402932978705529 ], [ -5.978257914456123, 37.403484524336484 ], [ -5.97812768103279, 37.403622939555767 ], [ -5.978684096971293, 37.403764386865646 ], [ -5.979549070474425, 37.404015133000932 ], [ -5.979144937975843, 37.404750634200951 ], [ -5.979038187071774, 37.404715070945656 ], [ -5.978767136031239, 37.405210678558653 ], [ -5.978150053102871, 37.405052786104903 ], [ -5.978367488192585, 37.404531445795051 ], [ -5.976631613209419, 37.404045810798323 ], [ -5.97639481231949, 37.40393466662438 ] ] ], [ [ [ -5.928134494902224, 37.351234965108354 ], [ -5.928232108687275, 37.351181912588963 ], [ -5.928400954078064, 37.351329640878312 ], [ -5.928534515638568, 37.351425444603692 ], [ -5.929692609476104, 37.350738795577705 ], [ -5.929904847161756, 37.350898027827888 ], [ -5.930325330780277, 37.351113782740669 ], [ -5.930691957353582, 37.351269188405794 ], [ -5.930950068872784, 37.35128335238538 ], [ -5.932158002432492, 37.350554321250193 ], [ -5.933942527478247, 37.349420310970103 ], [ -5.933539930335357, 37.348340549600437 ], [ -5.934574877905179, 37.347800838197983 ], [ -5.934596380713737, 37.347686317394007 ], [ -5.936239895769654, 37.346699278112446 ], [ -5.936436783499498, 37.346826813403212 ], [ -5.936736971936424, 37.347043902280248 ], [ -5.937089258352075, 37.347290626075036 ], [ -5.937443069706959, 37.347538913882282 ], [ -5.937689689671995, 37.347717712142334 ], [ -5.937699793145196, 37.34772650241046 ], [ -5.938196221238896, 37.348158397207172 ], [ -5.938844439805693, 37.348722338261048 ], [ -5.939007171257482, 37.348863910049921 ], [ -5.939007195779725, 37.348863931065978 ], [ -5.939272975687606, 37.349095151477833 ], [ -5.937237803570428, 37.350048120412595 ], [ -5.934868405372606, 37.351129709494728 ], [ -5.934144772381655, 37.351899636561669 ], [ -5.933405709252081, 37.353241523054713 ], [ -5.933117424903785, 37.353579588505603 ], [ -5.93242229293607, 37.353145579050285 ], [ -5.931479040898583, 37.352146282832429 ], [ -5.92745830429319, 37.354634406034506 ], [ -5.927335202449223, 37.354552181766493 ], [ -5.926655287429082, 37.353902240694765 ], [ -5.926069517791618, 37.352945068335316 ], [ -5.927203461964027, 37.35222734737885 ], [ -5.926957984430278, 37.351973006624625 ], [ -5.927497294205412, 37.351626900246465 ], [ -5.928134494902224, 37.351234965108354 ] ] ], [ [ [ -5.960017527089462, 37.376699626561546 ], [ -5.959661731598826, 37.376444982228065 ], [ -5.95917266512387, 37.376139586923095 ], [ -5.959531564989378, 37.375772417144418 ], [ -5.958643237852412, 37.375008517901989 ], [ -5.959650873531828, 37.374001142717404 ], [ -5.960170462075245, 37.374330518626671 ], [ -5.961125460846461, 37.374950853611878 ], [ -5.961168124723648, 37.374963273441217 ], [ -5.961565961679107, 37.375205624226325 ], [ -5.961987512280158, 37.375486198933125 ], [ -5.962029146930241, 37.375513910107287 ], [ -5.962032974379261, 37.375510063024791 ], [ -5.962306981205067, 37.375653895656605 ], [ -5.962307316706712, 37.37565407196432 ], [ -5.961514359673447, 37.376455925324692 ], [ -5.960800003714352, 37.376782723479806 ], [ -5.960794119546638, 37.376781506704859 ], [ -5.960722872929965, 37.376772018666323 ], [ -5.960315988818209, 37.376721418948492 ], [ -5.960308675292565, 37.376741903203282 ], [ -5.960017527089462, 37.376699626561546 ] ] ], [ [ [ -5.960784883355022, 37.377272841869249 ], [ -5.961016609613315, 37.376933640711613 ], [ -5.961095631950156, 37.376843857859932 ], [ -5.961503477245799, 37.376901179760644 ], [ -5.962798312123347, 37.37701064527792 ], [ -5.962623987605999, 37.378431909953591 ], [ -5.962302543190813, 37.381217434986418 ], [ -5.961161204838771, 37.381135678505437 ], [ -5.960214678776738, 37.381042257125678 ], [ -5.960363388588578, 37.379977535029553 ], [ -5.9607082630484, 37.377509047097661 ], [ -5.960784883355022, 37.377272841869249 ] ] ], [ [ [ -5.90351270337908, 37.381691584309998 ], [ -5.903129014049059, 37.382396099971061 ], [ -5.903189630144195, 37.382418452278515 ], [ -5.903116251518248, 37.38252992357706 ], [ -5.903116986740818, 37.382548978633039 ], [ -5.902709869248088, 37.383302822343353 ], [ -5.902921935411842, 37.383378671698338 ], [ -5.902761519625051, 37.383744731605319 ], [ -5.902760016732104, 37.383744265724751 ], [ -5.902524847131593, 37.383671169641346 ], [ -5.90142437989, 37.383272434818757 ], [ -5.901715354174256, 37.382751687503223 ], [ -5.900224668924013, 37.382220609636221 ], [ -5.900415620899541, 37.381859969486946 ], [ -5.900255096619562, 37.381746800950168 ], [ -5.900812101400188, 37.380739714845276 ], [ -5.90351270337908, 37.381691584309998 ] ] ], [ [ [ -5.902757830324711, 37.439087251281137 ], [ -5.903228187235403, 37.438963090483306 ], [ -5.903560520360405, 37.438959430044925 ], [ -5.904665580366232, 37.439121508687556 ], [ -5.904925852009498, 37.439126351359256 ], [ -5.905265113712876, 37.439156300438093 ], [ -5.905654026971031, 37.439130977073603 ], [ -5.905981189965548, 37.439084641532205 ], [ -5.906282813150909, 37.438989365689615 ], [ -5.906483743034324, 37.4388853074963 ], [ -5.906629093618292, 37.438744325892685 ], [ -5.906636577327263, 37.438572949931228 ], [ -5.906594441893847, 37.438337428792686 ], [ -5.906627979289147, 37.43814064205386 ], [ -5.906725487027057, 37.438027855554587 ], [ -5.907111242082234, 37.437862950933749 ], [ -5.907428729421671, 37.437780788794534 ], [ -5.907645332882209, 37.437705631233648 ], [ -5.908033106457773, 37.437621773932008 ], [ -5.908205149285294, 37.437558948049485 ], [ -5.908373901153693, 37.437516486067835 ], [ -5.908781138970112, 37.437366824777357 ], [ -5.908922387909801, 37.437340793735146 ], [ -5.909452260171593, 37.437163310201527 ], [ -5.909590686846565, 37.437130630415631 ], [ -5.909857975609861, 37.437029437975369 ], [ -5.909966479631516, 37.43696819671046 ], [ -5.910101275664231, 37.43687476731823 ], [ -5.910258436903751, 37.436679440551124 ], [ -5.910353945626634, 37.436501355689728 ], [ -5.91043208095344, 37.436307957201294 ], [ -5.910586783846359, 37.436076630662903 ], [ -5.910764236659036, 37.435903333530653 ], [ -5.910868453676932, 37.435826415779992 ], [ -5.910985689753685, 37.43576720746136 ], [ -5.911139833972517, 37.435740860479008 ], [ -5.911747464312926, 37.435701123242787 ], [ -5.911885852579455, 37.435672969643612 ], [ -5.912017179684277, 37.435626901908186 ], [ -5.912127477921866, 37.435547598471302 ], [ -5.912279848933647, 37.435401918158767 ], [ -5.912331319644903, 37.435299284834365 ], [ -5.912347587291061, 37.435114181414235 ], [ -5.912324102454244, 37.435013355904466 ], [ -5.912274665837359, 37.434917729752534 ], [ -5.912129851144371, 37.434720818833917 ], [ -5.912077727890545, 37.434609485599083 ], [ -5.912087424992063, 37.434505589168992 ], [ -5.912216025866303, 37.434310946107246 ], [ -5.912265333283335, 37.434271458193685 ], [ -5.91240155278169, 37.434031565448286 ], [ -5.91246267084227, 37.433955726273609 ], [ -5.912514541740951, 37.433650333174981 ], [ -5.912724574982682, 37.432924340401009 ], [ -5.912752393545675, 37.432743416825588 ], [ -5.912836827275817, 37.432502601252338 ], [ -5.913079704074335, 37.432242048580562 ], [ -5.913251582305552, 37.432163460816767 ], [ -5.91344721848068, 37.432167660972276 ], [ -5.913965463948132, 37.432287787010445 ], [ -5.914550836148849, 37.432453528855987 ], [ -5.914696044295198, 37.432461241161008 ], [ -5.914867062798209, 37.432504300505386 ], [ -5.915140440598257, 37.432488568518934 ], [ -5.915270354122603, 37.432451573497545 ], [ -5.91540330572852, 37.432400979182546 ], [ -5.915872005213414, 37.432123626150506 ], [ -5.916020544572286, 37.432097393287954 ], [ -5.916157248266292, 37.432094019770226 ], [ -5.917301437026142, 37.432498307532711 ], [ -5.917885290963658, 37.432684371243177 ], [ -5.918409218274679, 37.43282236215088 ], [ -5.918564423396683, 37.432836541007894 ], [ -5.918727827936958, 37.432884342257545 ], [ -5.918976623704808, 37.432902938579282 ], [ -5.919176792758389, 37.432884486819724 ], [ -5.919452629466822, 37.432794338646026 ], [ -5.919743237419934, 37.432631704010724 ], [ -5.9200106705369, 37.432512472163666 ], [ -5.920165124067399, 37.432470365115961 ], [ -5.920457242574933, 37.432458640258005 ], [ -5.920971993872669, 37.432493194891364 ], [ -5.921329561432506, 37.432563227728352 ], [ -5.921679837190536, 37.432635648373839 ], [ -5.92187930544457, 37.432693789388715 ], [ -5.921986671417953, 37.432754213299148 ], [ -5.922422659055319, 37.432905597318751 ], [ -5.922735829434353, 37.43294967073949 ], [ -5.922932877527292, 37.432953802135827 ], [ -5.923373452793989, 37.432933896737303 ], [ -5.924337449290043, 37.432788396073434 ], [ -5.924831020304516, 37.432773926517037 ], [ -5.925841124081293, 37.432634065824807 ], [ -5.926778598742784, 37.432543288042716 ], [ -5.927503365781087, 37.432439692940278 ], [ -5.927689088602466, 37.432430585624083 ], [ -5.927910951691777, 37.432395804517476 ], [ -5.928069236568815, 37.432398653674483 ], [ -5.928542968384783, 37.432350875876011 ], [ -5.929079556245411, 37.432279002522527 ], [ -5.929507453260988, 37.432151253478835 ], [ -5.92986759738995, 37.431964375216424 ], [ -5.929980656916052, 37.431880450081991 ], [ -5.930622116558763, 37.431305918333351 ], [ -5.931661918714008, 37.43031827230849 ], [ -5.931985309520926, 37.430048948714507 ], [ -5.932211152848101, 37.429905884201766 ], [ -5.932363715937974, 37.429897610907837 ], [ -5.93269537869153, 37.429972736180325 ], [ -5.933121119524295, 37.430128858359573 ], [ -5.933252758342273, 37.430199922531799 ], [ -5.933986962702292, 37.430474530308572 ], [ -5.934265102244844, 37.430575744705571 ], [ -5.934423038057927, 37.430610131373939 ], [ -5.934666699426884, 37.430696455312273 ], [ -5.934823203178271, 37.430717315076443 ], [ -5.935216605556039, 37.430817930904823 ], [ -5.935335965215178, 37.430826224150984 ], [ -5.935652034824748, 37.430764340315484 ], [ -5.935976994551005, 37.430623325613752 ], [ -5.936111697136518, 37.430405993670881 ], [ -5.936200111272761, 37.429917198533943 ], [ -5.936391393965963, 37.429313297291074 ], [ -5.936403632786581, 37.429171064333055 ], [ -5.936546844326621, 37.42871021007889 ], [ -5.936664222903334, 37.428506796329486 ], [ -5.936715839920542, 37.428449216100418 ], [ -5.936872391817525, 37.428330450081148 ], [ -5.937102184779106, 37.428252676655497 ], [ -5.937370414485499, 37.428246009587383 ], [ -5.937673030609577, 37.428195655369578 ], [ -5.938417124024689, 37.427992434014918 ], [ -5.938786642166635, 37.427825596920435 ], [ -5.939082504382853, 37.427604199350625 ], [ -5.939217193574188, 37.427386881483109 ], [ -5.939510807331796, 37.426651990138531 ], [ -5.939726641222042, 37.426216361311241 ], [ -5.939882127249195, 37.426070568873456 ], [ -5.939987304473609, 37.426011649572857 ], [ -5.940272939502957, 37.425988747110175 ], [ -5.940918656559639, 37.426015469344172 ], [ -5.941240234032195, 37.425993958275747 ], [ -5.941524241650411, 37.425930604857072 ], [ -5.941876950652496, 37.425791135923696 ], [ -5.942213480649931, 37.425697170893876 ], [ -5.942500303107239, 37.42570578877573 ], [ -5.942845179281318, 37.425825598899259 ], [ -5.943173936589929, 37.42598862374976 ], [ -5.943345029941078, 37.426241178878868 ], [ -5.943512734553765, 37.426408172898583 ], [ -5.943820295487806, 37.426486119386936 ], [ -5.944214957411165, 37.42650555297957 ], [ -5.944689106302156, 37.426721288106421 ], [ -5.944851276899944, 37.426746495087635 ], [ -5.945863743380455, 37.42653655711991 ], [ -5.946309329030567, 37.426482669861286 ], [ -5.946811914859985, 37.426512914799794 ], [ -5.947352099643173, 37.426585045982961 ], [ -5.947804392162182, 37.426702180600657 ], [ -5.948180564334417, 37.426706288327402 ], [ -5.948500414730479, 37.426642006331271 ], [ -5.948851569651272, 37.426462031070372 ], [ -5.94914659428644, 37.426224924187551 ], [ -5.949350838782023, 37.425949480724029 ], [ -5.949614637709089, 37.425370749279587 ], [ -5.949799700840337, 37.425066536487982 ], [ -5.950435350477096, 37.424390605283008 ], [ -5.950978002442094, 37.42430948129546 ], [ -5.950524498609445, 37.423023325828282 ], [ -5.950405869378636, 37.422510439357673 ], [ -5.950348076275687, 37.421874392208601 ], [ -5.950445717570976, 37.421015973342435 ], [ -5.950637805291495, 37.420328602929779 ], [ -5.951046654582783, 37.419586311409681 ], [ -5.951960631850264, 37.418322287317153 ], [ -5.95287000493398, 37.4180563121189 ], [ -5.953312266317915, 37.417887558972048 ], [ -5.954516919359484, 37.417332574136481 ], [ -5.955220041430411, 37.417114514329455 ], [ -5.956723946399122, 37.416378580681076 ], [ -5.956787912424247, 37.416052608550999 ], [ -5.956902694142435, 37.415801962775951 ], [ -5.957348957967903, 37.415723199115554 ], [ -5.958349689502305, 37.415585511314141 ], [ -5.958857420976923, 37.415475996353315 ], [ -5.959307072904199, 37.415320519528727 ], [ -5.95959384073683, 37.415175937962843 ], [ -5.959704318663904, 37.415279034713663 ], [ -5.959992477123935, 37.415132182714018 ], [ -5.960990272343217, 37.414742231761018 ], [ -5.961350870897186, 37.414625061725289 ], [ -5.962367999218508, 37.414331530151479 ], [ -5.962628139102405, 37.414237152242976 ], [ -5.963084709093648, 37.414011701400405 ], [ -5.963268508232411, 37.413899357878947 ], [ -5.9624800651762, 37.416190137526094 ], [ -5.961897043026564, 37.417778241231204 ], [ -5.96261558213833, 37.417807902445432 ], [ -5.965322133909468, 37.417486480989211 ], [ -5.965115668983443, 37.417607736071943 ], [ -5.965027546383279, 37.417688797343885 ], [ -5.964812947754198, 37.417831586904853 ], [ -5.964432874945103, 37.418059608472369 ], [ -5.963054923677839, 37.418851056197326 ], [ -5.962826419672652, 37.418969425406424 ], [ -5.962212422359848, 37.419246099871373 ], [ -5.961851552726127, 37.419428586778373 ], [ -5.961313394944889, 37.420106639392912 ], [ -5.961183757579712, 37.420251776086324 ], [ -5.960506217312536, 37.420971566847157 ], [ -5.960208633908993, 37.421265085409466 ], [ -5.959849589150187, 37.421668335730537 ], [ -5.959706627630213, 37.421861140236899 ], [ -5.959472274361027, 37.422141796675383 ], [ -5.95865488694948, 37.423234517439802 ], [ -5.957914278722567, 37.424273514263788 ], [ -5.95893416613707, 37.424338052614573 ], [ -5.959405672915167, 37.424382564655239 ], [ -5.959895205209119, 37.424471666224633 ], [ -5.960298693012839, 37.424592191560642 ], [ -5.960974130080261, 37.424861368071717 ], [ -5.96169118259817, 37.425197039695689 ], [ -5.962099965144555, 37.425405313622349 ], [ -5.962563234510452, 37.425697833652976 ], [ -5.962871622139316, 37.425922074044692 ], [ -5.963185627840804, 37.426180020973668 ], [ -5.963394297397579, 37.426368493659304 ], [ -5.963782589171859, 37.426768750945378 ], [ -5.963961654106861, 37.426984996358264 ], [ -5.964361677622358, 37.427535869412353 ], [ -5.964547924807445, 37.427844312950533 ], [ -5.964873506105441, 37.42856147348224 ], [ -5.965070767714768, 37.429230070651485 ], [ -5.965140909300936, 37.4297979622824 ], [ -5.965172853713932, 37.430056552795563 ], [ -5.965411414311708, 37.431987729972136 ], [ -5.965463317510269, 37.432279247549651 ], [ -5.965552755445598, 37.432621674029548 ], [ -5.965701459860291, 37.432998613055162 ], [ -5.965941722739857, 37.433436367169797 ], [ -5.966274693685541, 37.433869522452682 ], [ -5.966491507803892, 37.434084798130122 ], [ -5.966504524997559, 37.434057453805913 ], [ -5.966838267392029, 37.434344146113681 ], [ -5.967037716973367, 37.434494585159406 ], [ -5.967426652804502, 37.434737113092829 ], [ -5.967840466000649, 37.434949725609677 ], [ -5.968211084378706, 37.43509811536871 ], [ -5.968677707355837, 37.435246290131559 ], [ -5.969017001956209, 37.435321101267746 ], [ -5.970358239842058, 37.435550936403651 ], [ -5.971517430124636, 37.435717758485204 ], [ -5.97252284995256, 37.435778091634631 ], [ -5.973334379413911, 37.435762188392516 ], [ -5.963016381852198, 37.451582923345299 ], [ -5.962895226892738, 37.451592178965605 ], [ -5.961689935721587, 37.451694500125321 ], [ -5.959596586239275, 37.451918174814288 ], [ -5.958583522248942, 37.45202463508496 ], [ -5.954025873600612, 37.452526120950253 ], [ -5.950998416808737, 37.452854078115067 ], [ -5.950075761019294, 37.452958225969027 ], [ -5.948851716465957, 37.452871646053175 ], [ -5.948067658005016, 37.452765064830636 ], [ -5.944162982584462, 37.452051529487619 ], [ -5.942751911718509, 37.451807318985018 ], [ -5.937271253649767, 37.450096602089815 ], [ -5.936161581728439, 37.449754766202794 ], [ -5.935569887037376, 37.449652293952013 ], [ -5.930576258132103, 37.448830217677688 ], [ -5.929923172993579, 37.44860308853459 ], [ -5.929559806048015, 37.448558067841297 ], [ -5.926377854072721, 37.448690960915222 ], [ -5.921188095125163, 37.448341859963577 ], [ -5.919293721478926, 37.448163405379248 ], [ -5.918134720544225, 37.448002872087379 ], [ -5.917449901631604, 37.447830559980481 ], [ -5.91675039549519, 37.447568483605366 ], [ -5.916066400981149, 37.447125823452794 ], [ -5.915519994475287, 37.446733845305751 ], [ -5.914899798759786, 37.446478824567627 ], [ -5.911836232464118, 37.445581220636832 ], [ -5.911641822375088, 37.44552293846079 ], [ -5.908399745830335, 37.44468373342248 ], [ -5.907856792601838, 37.444670101900684 ], [ -5.906963941977478, 37.444376682312431 ], [ -5.904836333141913, 37.443131466013199 ], [ -5.904519679353474, 37.442832919312849 ], [ -5.90403986532444, 37.442114855438781 ], [ -5.901895912544742, 37.440149168766148 ], [ -5.901275762016869, 37.439585897599443 ], [ -5.901807278025917, 37.43930434453334 ], [ -5.90203994427022, 37.439215273740345 ], [ -5.902324045540749, 37.439147492287105 ], [ -5.902757830324711, 37.439087251281137 ] ] ] ] } },
{ "type": "Feature", "properties": { "viviendas": 6994, "n_flats": 149, "n_rooms": 31, "n_all": 180, "ratio_flats": 2.1303974835573349, "ratio_rooms": 0.4432370603374321, "ratio": 2.5736345438947672, "mean_price": 207.29090909090908, "mean_revenue": 840.02272727272725, "profit": 274.39717422680178, "net_profit": 1.0, "ingresos_medios": 10310.176453602491 }, "geometry": { "type": "MultiPolygon", "coordinates": [ [ [ [ -5.984366133365297, 37.351054312963271 ], [ -5.984364913471993, 37.351626520437044 ], [ -5.984215960309819, 37.352088023040309 ], [ -5.983973457940307, 37.352939474736374 ], [ -5.982572545083785, 37.353079381545818 ], [ -5.981664933008535, 37.353230674346506 ], [ -5.98166134681489, 37.353219492502262 ], [ -5.98160828992463, 37.353229854286788 ], [ -5.981618382834692, 37.35326115494572 ], [ -5.981171228476645, 37.353335504009785 ], [ -5.981125807542586, 37.353176677384283 ], [ -5.978641342611388, 37.353453283932183 ], [ -5.978377995207324, 37.35327294697268 ], [ -5.977023454572963, 37.350945647776634 ], [ -5.978474050918069, 37.350681872578122 ], [ -5.980586249532294, 37.350343352113114 ], [ -5.984148362422561, 37.349861592483379 ], [ -5.984180659488825, 37.349990932172112 ], [ -5.984218113795281, 37.350333292911294 ], [ -5.984366133365297, 37.351054312963271 ] ] ], [ [ [ -5.983193161074674, 37.379320179075911 ], [ -5.983457901024656, 37.378766112623325 ], [ -5.984388235166551, 37.376870714992371 ], [ -5.984948309701771, 37.375387888345259 ], [ -5.985264330525604, 37.374440572615136 ], [ -5.98549283361046, 37.371986184646644 ], [ -5.985386998389907, 37.370130470879566 ], [ -5.985483050803975, 37.369598671215996 ], [ -5.987168650567487, 37.369281296245902 ], [ -5.98718562918272, 37.369229034378094 ], [ -5.987207945896222, 37.369212711566675 ], [ -5.987405918943884, 37.369155889466541 ], [ -5.987547093179948, 37.36903742873136 ], [ -5.987649276603206, 37.369016839376748 ], [ -5.987718092492775, 37.369026353754577 ], [ -5.988065035308267, 37.369242863820844 ], [ -5.988170230570585, 37.369285229801008 ], [ -5.988493285283829, 37.369322128557918 ], [ -5.988540357339993, 37.369356976040002 ], [ -5.989082726930643, 37.369354539301085 ], [ -5.989363210936115, 37.369311386344904 ], [ -5.990453839163702, 37.36925678732198 ], [ -5.99045641646782, 37.369387391244445 ], [ -5.990524060491429, 37.369696545366686 ], [ -5.990522600114652, 37.369734835961012 ], [ -5.990487731045528, 37.369798790855427 ], [ -5.990700110682596, 37.369647025116187 ], [ -5.991343715425254, 37.369281549131045 ], [ -5.992508413535796, 37.368706956228429 ], [ -5.992986934744145, 37.375110266669282 ], [ -5.99303865505251, 37.375247875678618 ], [ -5.991961110316574, 37.375331398318274 ], [ -5.991640778134094, 37.375484218305033 ], [ -5.99059344618258, 37.377420883833167 ], [ -5.989609352446669, 37.379124408676809 ], [ -5.98877133407159, 37.381202449855849 ], [ -5.988513859006163, 37.381136534366043 ], [ -5.984631847218187, 37.380105493963718 ], [ -5.983046293827123, 37.379684334983892 ], [ -5.983193161074674, 37.379320179075911 ] ] ], [ [ [ -6.004857769056965, 37.378451568230538 ], [ -6.005263459696487, 37.378923292284249 ], [ -6.006321588070885, 37.380031684750847 ], [ -6.005718907209959, 37.380578634615112 ], [ -6.005571269116699, 37.380438214033532 ], [ -6.005402972314544, 37.380327602164229 ], [ -6.005223317853839, 37.380246584881043 ], [ -6.005019496777779, 37.3801752051222 ], [ -6.004537901378017, 37.380092799147484 ], [ -6.004405893380952, 37.380046623875096 ], [ -6.004145186258276, 37.379902322121225 ], [ -6.004051743046415, 37.379828117091478 ], [ -6.003943602906674, 37.379695696216956 ], [ -6.003904592550765, 37.379611097506604 ], [ -6.003569164289709, 37.379225385254799 ], [ -6.004857769056965, 37.378451568230538 ] ] ], [ [ [ -5.972697235084378, 37.390416995405971 ], [ -5.972699031023202, 37.390418404532767 ], [ -5.972789049030968, 37.390489051705572 ], [ -5.972657388577261, 37.390635408112701 ], [ -5.972706653879108, 37.39067231411925 ], [ -5.972462316293522, 37.390840578150744 ], [ -5.970240216740262, 37.392621039094429 ], [ -5.970114025225098, 37.392518773733826 ], [ -5.968787306125256, 37.391441545911725 ], [ -5.971350375832436, 37.389388078148052 ], [ -5.972696797485666, 37.390417381258395 ], [ -5.972697235084378, 37.390416995405971 ] ] ], [ [ [ -5.988007804151081, 37.398334486024957 ], [ -5.987901929890713, 37.397877617832094 ], [ -5.987786741670294, 37.396950228014127 ], [ -5.987822029718489, 37.396350097468755 ], [ -5.988206694029537, 37.396349414103987 ], [ -5.988212493218864, 37.39641909854037 ], [ -5.988265245364874, 37.396415511563987 ], [ -5.988305497436507, 37.397112823487468 ], [ -5.988361335886608, 37.397474035611083 ], [ -5.989403469363969, 37.397467997458982 ], [ -5.989392698329939, 37.397263251388004 ], [ -5.989324631400014, 37.397260454949944 ], [ -5.989350697239636, 37.397018811920226 ], [ -5.989324260446172, 37.396726610871134 ], [ -5.989704136927212, 37.396694484176678 ], [ -5.989730131426136, 37.396678049711106 ], [ -5.98974964367231, 37.396618988043727 ], [ -5.990113614245741, 37.396625574656213 ], [ -5.990125385858642, 37.396704109368251 ], [ -5.990199181600346, 37.396740532000223 ], [ -5.990199119687484, 37.397240583735005 ], [ -5.990135233207897, 37.397257995401212 ], [ -5.990205658754775, 37.397623378604266 ], [ -5.990444378085005, 37.398518374828548 ], [ -5.990844378729074, 37.398458726595962 ], [ -5.99096815949941, 37.398962411496804 ], [ -5.990978600135553, 37.399124316778014 ], [ -5.99141089800592, 37.399036813539055 ], [ -5.991684231097401, 37.399099702236676 ], [ -5.991773378289093, 37.400298090747704 ], [ -5.990928933844145, 37.400323966148562 ], [ -5.990519531691036, 37.4003388504171 ], [ -5.990361164477344, 37.400403677989132 ], [ -5.989890859387686, 37.400483137904175 ], [ -5.989209888095979, 37.400511636777075 ], [ -5.989171429703358, 37.3999336776156 ], [ -5.98892393414386, 37.399966950765489 ], [ -5.988500925442414, 37.400070028098924 ], [ -5.988316648699581, 37.399423689724024 ], [ -5.988270412588096, 37.399165827636196 ], [ -5.988134631106586, 37.398831325758351 ], [ -5.988007804151081, 37.398334486024957 ] ] ], [ [ [ -5.978585737946737, 37.408037761337887 ], [ -5.978273025934286, 37.408599816339333 ], [ -5.978259443460945, 37.408658730336725 ], [ -5.978058548385202, 37.408629968590454 ], [ -5.976734738459353, 37.409113844587665 ], [ -5.976596907661676, 37.409135359725909 ], [ -5.976449545101368, 37.409127799811067 ], [ -5.975019465521462, 37.408958577474166 ], [ -5.975379362459066, 37.408079013420711 ], [ -5.976411142821028, 37.406873644109432 ], [ -5.978585737946737, 37.408037761337887 ] ] ], [ [ [ -5.930776184310711, 37.337312918526131 ], [ -5.930825157777863, 37.337219639430366 ], [ -5.932439480439347, 37.337806089790497 ], [ -5.932464924407244, 37.337808246518911 ], [ -5.93215800507703, 37.339624862030618 ], [ -5.931776403296118, 37.339530439391346 ], [ -5.930462997190995, 37.339066218459877 ], [ -5.92995448667068, 37.338878718919531 ], [ -5.930132394169119, 37.338539675065817 ], [ -5.930173906012835, 37.338460642497289 ], [ -5.930485579160915, 37.337866739278837 ], [ -5.930776184310711, 37.337312918526131 ] ] ], [ [ [ -5.96291896095075, 37.372378489586161 ], [ -5.962934755661023, 37.372389091065635 ], [ -5.964254767232618, 37.373275328966741 ], [ -5.964262215824237, 37.373268370603036 ], [ -5.964616680500216, 37.373495635814677 ], [ -5.962306981205067, 37.375653895656605 ], [ -5.962032974379261, 37.375510063024791 ], [ -5.962029146930241, 37.375513910107287 ], [ -5.961987512280158, 37.375486198933125 ], [ -5.961565961679107, 37.375205624226325 ], [ -5.961168124723648, 37.374963273441217 ], [ -5.961125460846461, 37.374950853611878 ], [ -5.960170462075245, 37.374330518626671 ], [ -5.960539201861321, 37.373954098682461 ], [ -5.961042235855101, 37.374270379358563 ], [ -5.961941472882854, 37.373355809047126 ], [ -5.96291896095075, 37.372378489586161 ] ] ], [ [ [ -5.902921935411842, 37.383378671698338 ], [ -5.902709869248088, 37.383302822343353 ], [ -5.903116986740818, 37.382548978633039 ], [ -5.903116251518248, 37.38252992357706 ], [ -5.903189630144195, 37.382418452278515 ], [ -5.903129014049059, 37.382396099971061 ], [ -5.90351270337908, 37.381691584309998 ], [ -5.90365622927319, 37.381742169872972 ], [ -5.906026101042071, 37.38257822711919 ], [ -5.90534169264693, 37.383809250471536 ], [ -5.905588457951708, 37.383902262394272 ], [ -5.904856943975147, 37.385256070656858 ], [ -5.90279636013358, 37.385171529157972 ], [ -5.902158402144022, 37.385182685898641 ], [ -5.902820565067582, 37.383763020960103 ], [ -5.902761519625051, 37.383744731605319 ], [ -5.902921935411842, 37.383378671698338 ] ] ], [ [ [ -5.963939341365347, 37.385632103034446 ], [ -5.965314232484484, 37.385737269861906 ], [ -5.965098437530892, 37.387538021298312 ], [ -5.961895154675773, 37.387489937768343 ], [ -5.961944678352903, 37.387026901324859 ], [ -5.962119220363596, 37.387040570303263 ], [ -5.962281588699629, 37.385500197071721 ], [ -5.963939341365347, 37.385632103034446 ] ] ], [ [ [ -5.905559276015046, 37.424126224421158 ], [ -5.914929448616863, 37.419617696256829 ], [ -5.916650746645233, 37.418800341036885 ], [ -5.917556209857602, 37.418397276956817 ], [ -5.918072887775461, 37.41820206952351 ], [ -5.919219115704879, 37.417804337845993 ], [ -5.922402904770744, 37.416799793575699 ], [ -5.925480366307202, 37.416043395408842 ], [ -5.926910502715907, 37.415645301884304 ], [ -5.92733764274272, 37.415504033240431 ], [ -5.92781272767965, 37.41532557338774 ], [ -5.93078231786158, 37.414109874073404 ], [ -5.929130787873431, 37.416545405229904 ], [ -5.928884964832158, 37.416968216315375 ], [ -5.928546084189088, 37.417499202502512 ], [ -5.927184565111642, 37.419492754169219 ], [ -5.926493102531809, 37.420476239303078 ], [ -5.926381138412097, 37.420733559858782 ], [ -5.926297814983376, 37.42104200743767 ], [ -5.926267478431249, 37.421346854426126 ], [ -5.926445983350194, 37.421337929258776 ], [ -5.926424236767286, 37.421487149805948 ], [ -5.9264303629334, 37.42174378008896 ], [ -5.926555159625095, 37.422234042069945 ], [ -5.926597199985402, 37.422343352490429 ], [ -5.92693089368077, 37.422884729366118 ], [ -5.927106204616208, 37.423569700462693 ], [ -5.928570379071904, 37.425822064356502 ], [ -5.925046825929077, 37.427191083937167 ], [ -5.925489157496696, 37.428009118505507 ], [ -5.926107399094782, 37.429039056645877 ], [ -5.926550879962726, 37.429719580454176 ], [ -5.926703809846367, 37.429916271279026 ], [ -5.926887810368447, 37.430233893705747 ], [ -5.927204441919652, 37.430708076242901 ], [ -5.92729679953104, 37.430717046887878 ], [ -5.927350847742693, 37.43074951081045 ], [ -5.927405341731554, 37.430842752374645 ], [ -5.927946248212292, 37.430628894323121 ], [ -5.928045276262269, 37.430772829385418 ], [ -5.927552229339764, 37.430983272339205 ], [ -5.928146582138375, 37.431856106559572 ], [ -5.928648711683241, 37.431661190104592 ], [ -5.929079556245411, 37.432279002522527 ], [ -5.928542968384783, 37.432350875876011 ], [ -5.928069236568815, 37.432398653674483 ], [ -5.927910951691777, 37.432395804517476 ], [ -5.927689088602466, 37.432430585624083 ], [ -5.927503365781087, 37.432439692940278 ], [ -5.926778598742784, 37.432543288042716 ], [ -5.925841124081293, 37.432634065824807 ], [ -5.924831020304516, 37.432773926517037 ], [ -5.924337449290043, 37.432788396073434 ], [ -5.923373452793989, 37.432933896737303 ], [ -5.922932877527292, 37.432953802135827 ], [ -5.922735829434353, 37.43294967073949 ], [ -5.922422659055319, 37.432905597318751 ], [ -5.921986671417953, 37.432754213299148 ], [ -5.92187930544457, 37.432693789388715 ], [ -5.921679837190536, 37.432635648373839 ], [ -5.921329561432506, 37.432563227728352 ], [ -5.920971993872669, 37.432493194891364 ], [ -5.920457242574933, 37.432458640258005 ], [ -5.920165124067399, 37.432470365115961 ], [ -5.9200106705369, 37.432512472163666 ], [ -5.919743237419934, 37.432631704010724 ], [ -5.919452629466822, 37.432794338646026 ], [ -5.919176792758389, 37.432884486819724 ], [ -5.918976623704808, 37.432902938579282 ], [ -5.918727827936958, 37.432884342257545 ], [ -5.918564423396683, 37.432836541007894 ], [ -5.918409218274679, 37.43282236215088 ], [ -5.917885290963658, 37.432684371243177 ], [ -5.917301437026142, 37.432498307532711 ], [ -5.916157248266292, 37.432094019770226 ], [ -5.916020544572286, 37.432097393287954 ], [ -5.915872005213414, 37.432123626150506 ], [ -5.91540330572852, 37.432400979182546 ], [ -5.915270354122603, 37.432451573497545 ], [ -5.915140440598257, 37.432488568518934 ], [ -5.914867062798209, 37.432504300505386 ], [ -5.914696044295198, 37.432461241161008 ], [ -5.914550836148849, 37.432453528855987 ], [ -5.913965463948132, 37.432287787010445 ], [ -5.91344721848068, 37.432167660972276 ], [ -5.913251582305552, 37.432163460816767 ], [ -5.913079704074335, 37.432242048580562 ], [ -5.912836827275817, 37.432502601252338 ], [ -5.912752393545675, 37.432743416825588 ], [ -5.912724574982682, 37.432924340401009 ], [ -5.912514541740951, 37.433650333174981 ], [ -5.91246267084227, 37.433955726273609 ], [ -5.91240155278169, 37.434031565448286 ], [ -5.912265333283335, 37.434271458193685 ], [ -5.912216025866303, 37.434310946107246 ], [ -5.912087424992063, 37.434505589168992 ], [ -5.912077727890545, 37.434609485599083 ], [ -5.912129851144371, 37.434720818833917 ], [ -5.912274665837359, 37.434917729752534 ], [ -5.912324102454244, 37.435013355904466 ], [ -5.912347587291061, 37.435114181414235 ], [ -5.912331319644903, 37.435299284834365 ], [ -5.912279848933647, 37.435401918158767 ], [ -5.912127477921866, 37.435547598471302 ], [ -5.912017179684277, 37.435626901908186 ], [ -5.911885852579455, 37.435672969643612 ], [ -5.911747464312926, 37.435701123242787 ], [ -5.911139833972517, 37.435740860479008 ], [ -5.910985689753685, 37.43576720746136 ], [ -5.910868453676932, 37.435826415779992 ], [ -5.910764236659036, 37.435903333530653 ], [ -5.910586783846359, 37.436076630662903 ], [ -5.91043208095344, 37.436307957201294 ], [ -5.910353945626634, 37.436501355689728 ], [ -5.910258436903751, 37.436679440551124 ], [ -5.910101275664231, 37.43687476731823 ], [ -5.909966479631516, 37.43696819671046 ], [ -5.909857975609861, 37.437029437975369 ], [ -5.909590686846565, 37.437130630415631 ], [ -5.909452260171593, 37.437163310201527 ], [ -5.908922387909801, 37.437340793735146 ], [ -5.908781138970112, 37.437366824777357 ], [ -5.908373901153693, 37.437516486067835 ], [ -5.908205149285294, 37.437558948049485 ], [ -5.908033106457773, 37.437621773932008 ], [ -5.907645332882209, 37.437705631233648 ], [ -5.907428729421671, 37.437780788794534 ], [ -5.907111242082234, 37.437862950933749 ], [ -5.906725487027057, 37.438027855554587 ], [ -5.906627979289147, 37.43814064205386 ], [ -5.906594441893847, 37.438337428792686 ], [ -5.906636577327263, 37.438572949931228 ], [ -5.906629093618292, 37.438744325892685 ], [ -5.906483743034324, 37.4388853074963 ], [ -5.906282813150909, 37.438989365689615 ], [ -5.905981189965548, 37.439084641532205 ], [ -5.905654026971031, 37.439130977073603 ], [ -5.905265113712876, 37.439156300438093 ], [ -5.904925852009498, 37.439126351359256 ], [ -5.904665580366232, 37.439121508687556 ], [ -5.903560520360405, 37.438959430044925 ], [ -5.903228187235403, 37.438963090483306 ], [ -5.902757830324711, 37.439087251281137 ], [ -5.902324045540749, 37.439147492287105 ], [ -5.90203994427022, 37.439215273740345 ], [ -5.901807278025917, 37.43930434453334 ], [ -5.901275762016869, 37.439585897599443 ], [ -5.898312375547802, 37.436894235087991 ], [ -5.891787237121902, 37.431773867414584 ], [ -5.891018320715364, 37.431170938001081 ], [ -5.890906782230515, 37.431065679731681 ], [ -5.897281329013958, 37.428008015326739 ], [ -5.900661067024354, 37.42641585641659 ], [ -5.902392473622432, 37.425632226913272 ], [ -5.905559276015046, 37.424126224421158 ] ] ] ] } },
{ "type": "Feature", "properties": { "viviendas": 7542, "n_flats": 69, "n_rooms": 17, "n_all": 86, "ratio_flats": 0.91487669053301512, "ratio_rooms": 0.22540440201538053, "ratio": 1.1402810925483957, "mean_price": 102.1948051948052, "mean_revenue": 882.68181818181813, "profit": 287.5068306191057, "net_profit": 1.0, "ingresos_medios": 10869.575002737036 }, "geometry": { "type": "MultiPolygon", "coordinates": [ [ [ [ -5.976867964684255, 37.343929694834955 ], [ -5.978640731628431, 37.343657216067321 ], [ -5.978922690145933, 37.344834841976947 ], [ -5.979140159699385, 37.345752309271553 ], [ -5.978691100923234, 37.345819204770841 ], [ -5.975521212107993, 37.346291366800877 ], [ -5.974317989941614, 37.344300136214599 ], [ -5.97458405414797, 37.344266271714275 ], [ -5.975718997336071, 37.344101013117132 ], [ -5.976867964684255, 37.343929694834955 ] ] ], [ [ [ -5.957853742129333, 37.369171457844608 ], [ -5.957306952884742, 37.368885505284837 ], [ -5.955228969790197, 37.368004862981941 ], [ -5.954087057855592, 37.367490529988928 ], [ -5.958387134415305, 37.361902369933397 ], [ -5.960323288889866, 37.363451004209566 ], [ -5.960750448461723, 37.363751175197692 ], [ -5.963360736212793, 37.36586857217663 ], [ -5.968062798947646, 37.369758041375569 ], [ -5.968047298319246, 37.369771937677726 ], [ -5.966177682353091, 37.371346148003603 ], [ -5.965618094785061, 37.371905305569747 ], [ -5.964608542202464, 37.372937582726856 ], [ -5.964262215824237, 37.373268370603036 ], [ -5.964254767232618, 37.373275328966741 ], [ -5.962934755661023, 37.372389091065635 ], [ -5.96291896095075, 37.372378489586161 ], [ -5.961941472882854, 37.373355809047126 ], [ -5.960428796143455, 37.372380048962945 ], [ -5.960003186212636, 37.372124864596216 ], [ -5.958912721696152, 37.371426847068086 ], [ -5.958003007115069, 37.372352910450111 ], [ -5.957487324869676, 37.372032414874205 ], [ -5.959347047073408, 37.370138751007786 ], [ -5.957853742129333, 37.369171457844608 ] ] ], [ [ [ -6.012038808086917, 37.382627547037472 ], [ -6.012393162819058, 37.382661329300383 ], [ -6.012403513991995, 37.382773685500034 ], [ -6.012482446884338, 37.382882042275369 ], [ -6.013105475143013, 37.383535200078953 ], [ -6.013143800125443, 37.383513926454604 ], [ -6.013199775562318, 37.383845892636273 ], [ -6.014132223237504, 37.383907720589008 ], [ -6.014019929647043, 37.385478376022505 ], [ -6.013346078289707, 37.385430233355244 ], [ -6.011452378812886, 37.382946617561494 ], [ -6.011912936562659, 37.382666791678098 ], [ -6.012038808086917, 37.382627547037472 ] ] ], [ [ [ -5.967192878246953, 37.392851235500416 ], [ -5.967842110068783, 37.393066894328626 ], [ -5.967722888705389, 37.393310927171044 ], [ -5.967948432756823, 37.393384095380199 ], [ -5.968213758691379, 37.393390997887316 ], [ -5.968391411913069, 37.393447356177667 ], [ -5.968549536309641, 37.393452373048738 ], [ -5.968613497136136, 37.393446260594061 ], [ -5.968822760467617, 37.393145898702734 ], [ -5.969294255352512, 37.393289470321633 ], [ -5.969316565420355, 37.393282174157441 ], [ -5.969425321753535, 37.393310996838252 ], [ -5.969515971767393, 37.393144242011054 ], [ -5.969595779375832, 37.393171543101573 ], [ -5.969855119453185, 37.392660455195362 ], [ -5.969895840146351, 37.392668415164941 ], [ -5.970114025225098, 37.392518773733826 ], [ -5.970240216740262, 37.392621039094429 ], [ -5.970254230748414, 37.392632395178104 ], [ -5.970922732711314, 37.393171961063352 ], [ -5.969413294281564, 37.394378992654651 ], [ -5.967491974113742, 37.393765013556838 ], [ -5.967231873361027, 37.393697194294212 ], [ -5.966022884298677, 37.393306307169169 ], [ -5.96625084156938, 37.392841038963525 ], [ -5.967067742722024, 37.39310213277853 ], [ -5.967192878246953, 37.392851235500416 ] ] ], [ [ [ -5.98928780349433, 37.402690184821843 ], [ -5.989155994060091, 37.402673240949987 ], [ -5.989161299535102, 37.402472629526585 ], [ -5.989119817045024, 37.402219130432883 ], [ -5.989045638798283, 37.401964232087046 ], [ -5.989004322058611, 37.401879633776645 ], [ -5.989371796721378, 37.401516698173992 ], [ -5.989433364340363, 37.401418260276834 ], [ -5.989504065677943, 37.401252073166773 ], [ -5.989290929853568, 37.401234897845434 ], [ -5.989260353674353, 37.401012699443598 ], [ -5.989077227021459, 37.400947483165048 ], [ -5.989011467594602, 37.400789193969125 ], [ -5.988958016406234, 37.400536019195023 ], [ -5.989209888095979, 37.400511636777075 ], [ -5.989890859387686, 37.400483137904175 ], [ -5.990361164477344, 37.400403677989132 ], [ -5.990519531691036, 37.4003388504171 ], [ -5.990928933844145, 37.400323966148562 ], [ -5.990982511335373, 37.400908282475754 ], [ -5.990819959345012, 37.40092142025042 ], [ -5.99098551565839, 37.402365648362817 ], [ -5.991827921520767, 37.402375842627265 ], [ -5.991841966113759, 37.402898103521636 ], [ -5.991768456849973, 37.403307689840958 ], [ -5.989731699795054, 37.403032613605347 ], [ -5.989273682654768, 37.403053224057381 ], [ -5.989283826124291, 37.402917797958573 ], [ -5.989467205531011, 37.402829804235651 ], [ -5.989490823961176, 37.402775121471585 ], [ -5.98928780349433, 37.402690184821843 ] ] ], [ [ [ -5.973733966819745, 37.404549882786554 ], [ -5.973861843765161, 37.404597639336508 ], [ -5.974092397118657, 37.404310238355109 ], [ -5.973472482330502, 37.403931654131746 ], [ -5.973648496961678, 37.403722224143671 ], [ -5.973751715406747, 37.403784970768193 ], [ -5.973850749064668, 37.403669820821968 ], [ -5.973899398162629, 37.403650589322083 ], [ -5.974341203469252, 37.403134881383721 ], [ -5.976164097315862, 37.404183750328116 ], [ -5.975552493307757, 37.404836621393898 ], [ -5.975273910988743, 37.405102721842454 ], [ -5.975051323409579, 37.405351598760838 ], [ -5.974928255152388, 37.405287118606161 ], [ -5.973482353639024, 37.406316191286678 ], [ -5.972885641229574, 37.40479934558612 ], [ -5.973553364838835, 37.404535773428819 ], [ -5.97355670917594, 37.404534513361988 ], [ -5.973624449152762, 37.404508981463657 ], [ -5.973733966819745, 37.404549882786554 ] ] ], [ [ [ -5.922687265025799, 37.330789787242956 ], [ -5.923125661947122, 37.331082089085349 ], [ -5.923135083084921, 37.331087675301205 ], [ -5.922910118789433, 37.33152811597467 ], [ -5.922896970819062, 37.331804997726309 ], [ -5.923027734466191, 37.332097394293811 ], [ -5.923605498344455, 37.332521782971504 ], [ -5.926364834778287, 37.334074702353703 ], [ -5.927042424766943, 37.334443912558783 ], [ -5.927026769651104, 37.334461292731042 ], [ -5.92631877091793, 37.335238038507605 ], [ -5.92617165543261, 37.335401449597541 ], [ -5.925650417997949, 37.335980284293363 ], [ -5.925381310030857, 37.336290008558834 ], [ -5.925222940682985, 37.336472205174232 ], [ -5.925194201793526, 37.336505192078917 ], [ -5.924815676108929, 37.336940742467924 ], [ -5.92434500474502, 37.33748237286725 ], [ -5.924064448552623, 37.33727183329583 ], [ -5.923874511661595, 37.337127516485644 ], [ -5.923677269439748, 37.33698959658043 ], [ -5.923473075040197, 37.336858363067215 ], [ -5.923262233397545, 37.336733939026182 ], [ -5.923044220089543, 37.336617643053664 ], [ -5.92282444775803, 37.336503549143039 ], [ -5.922604978802466, 37.336389113008337 ], [ -5.922374160827364, 37.336289887903824 ], [ -5.922133691623277, 37.336206588702723 ], [ -5.921841227633657, 37.336129870726445 ], [ -5.920460623391167, 37.33559635047331 ], [ -5.920098348853465, 37.335420203861773 ], [ -5.920115677709676, 37.335402723762478 ], [ -5.919462508164949, 37.335047465936825 ], [ -5.9195566961026, 37.334979688004886 ], [ -5.919690806159263, 37.334850038906637 ], [ -5.919814257010985, 37.334724460005269 ], [ -5.91992083387334, 37.33459399942948 ], [ -5.920027403902488, 37.334444292763848 ], [ -5.920090505714899, 37.334287003992991 ], [ -5.9201117399923, 37.334147742882877 ], [ -5.920137743839128, 37.3339658293689 ], [ -5.920145724459116, 37.333909937375672 ], [ -5.92014546864323, 37.333676577489875 ], [ -5.920078721223806, 37.333481879144458 ], [ -5.919986181393344, 37.333306820726904 ], [ -5.919876458887909, 37.333121910719385 ], [ -5.91978109575781, 37.33296818283862 ], [ -5.919690299025034, 37.332845401422595 ], [ -5.919638092246057, 37.332755750208172 ], [ -5.919587362585544, 37.332658957468723 ], [ -5.919521810376079, 37.332521302747118 ], [ -5.919466562042288, 37.332409952857525 ], [ -5.919421162673795, 37.332297490166724 ], [ -5.91938528440701, 37.332157385967157 ], [ -5.919362581622952, 37.332037757820281 ], [ -5.919355785561899, 37.331894389854035 ], [ -5.919366956875587, 37.331760270196995 ], [ -5.919383431608517, 37.331646279459413 ], [ -5.9194135256167, 37.331511435682941 ], [ -5.919465478939592, 37.331337130794175 ], [ -5.919533470360954, 37.331162186506504 ], [ -5.919586420626727, 37.331042943596579 ], [ -5.919630742096017, 37.330948561926874 ], [ -5.919666886294983, 37.330864942863528 ], [ -5.919702413136777, 37.33078036136483 ], [ -5.919733257520318, 37.330715196647105 ], [ -5.919759678413831, 37.330673482762528 ], [ -5.919802983518709, 37.330603009271059 ], [ -5.91984997582504, 37.330541207701266 ], [ -5.919906352453818, 37.330462698069688 ], [ -5.919946642237621, 37.330409238416252 ], [ -5.920022566102302, 37.330317532571925 ], [ -5.920075334048871, 37.330255110682572 ], [ -5.920139214971509, 37.330182448315028 ], [ -5.920220122699372, 37.330101174496363 ], [ -5.92028460980729, 37.330033535019943 ], [ -5.920393644264296, 37.329932058789161 ], [ -5.920517897613456, 37.329823952988221 ], [ -5.920646137671886, 37.329718421171393 ], [ -5.920712828393473, 37.329665882298954 ], [ -5.920809847462404, 37.329588950624142 ], [ -5.920981815728212, 37.329465749164903 ], [ -5.921131122742652, 37.329352965235699 ], [ -5.921231793792023, 37.329251636345631 ], [ -5.921699475752, 37.329280506625722 ], [ -5.921951825596015, 37.329685329791914 ], [ -5.922212615349994, 37.330140511430599 ], [ -5.922414792140303, 37.3304933874442 ], [ -5.922687265025799, 37.330789787242956 ] ] ], [ [ [ -5.906270010213517, 37.385322724163345 ], [ -5.904856943975147, 37.385256070656858 ], [ -5.905588457951708, 37.383902262394272 ], [ -5.90534169264693, 37.383809250471536 ], [ -5.906026101042071, 37.38257822711919 ], [ -5.910557259847253, 37.384187789158723 ], [ -5.909707093194394, 37.38576078446885 ], [ -5.909235165253628, 37.385653005368411 ], [ -5.908550954601449, 37.385561256730853 ], [ -5.908539562458158, 37.385559728699846 ], [ -5.907618122062214, 37.385490055935072 ], [ -5.906270010213517, 37.385322724163345 ] ] ], [ [ [ -5.959144058547246, 37.384429944101448 ], [ -5.959165862808376, 37.384431646175656 ], [ -5.959288185751293, 37.383514051027802 ], [ -5.963279480984882, 37.383817268425197 ], [ -5.963235116046548, 37.384187801559733 ], [ -5.96410286313896, 37.384251646847439 ], [ -5.963939341365347, 37.385632103034446 ], [ -5.962281588699629, 37.385500197071721 ], [ -5.962119220363596, 37.387040570303263 ], [ -5.961944678352903, 37.387026901324859 ], [ -5.961895154675773, 37.387489937768343 ], [ -5.960696380434522, 37.387463667886152 ], [ -5.959446923639067, 37.387416105240121 ], [ -5.959467477480241, 37.387023639493705 ], [ -5.959521423632078, 37.386614541624787 ], [ -5.958905096717106, 37.38650158973131 ], [ -5.959144058547246, 37.384429944101448 ] ] ], [ [ [ -5.928202373248838, 37.424274627861941 ], [ -5.929170522953228, 37.424556999289585 ], [ -5.930190312893836, 37.424831288359385 ], [ -5.930874435245466, 37.42503735451043 ], [ -5.932987624981708, 37.42560440288338 ], [ -5.933633426725788, 37.425894701643593 ], [ -5.934048701544141, 37.426136684913089 ], [ -5.934489091109312, 37.426490687703662 ], [ -5.934717941002655, 37.426759815127092 ], [ -5.934941103442381, 37.42714397115703 ], [ -5.935092170371412, 37.427550219388202 ], [ -5.935652034824748, 37.430764340315484 ], [ -5.935335965215178, 37.430826224150984 ], [ -5.935216605556039, 37.430817930904823 ], [ -5.934823203178271, 37.430717315076443 ], [ -5.934666699426884, 37.430696455312273 ], [ -5.934423038057927, 37.430610131373939 ], [ -5.934265102244844, 37.430575744705571 ], [ -5.933986962702292, 37.430474530308572 ], [ -5.933252758342273, 37.430199922531799 ], [ -5.933121119524295, 37.430128858359573 ], [ -5.93269537869153, 37.429972736180325 ], [ -5.932363715937974, 37.429897610907837 ], [ -5.932211152848101, 37.429905884201766 ], [ -5.931985309520926, 37.430048948714507 ], [ -5.931661918714008, 37.43031827230849 ], [ -5.930622116558763, 37.431305918333351 ], [ -5.929980656916052, 37.431880450081991 ], [ -5.92986759738995, 37.431964375216424 ], [ -5.929507453260988, 37.432151253478835 ], [ -5.929079556245411, 37.432279002522527 ], [ -5.928648711683241, 37.431661190104592 ], [ -5.928146582138375, 37.431856106559572 ], [ -5.927552229339764, 37.430983272339205 ], [ -5.928045276262269, 37.430772829385418 ], [ -5.927946248212292, 37.430628894323121 ], [ -5.927405341731554, 37.430842752374645 ], [ -5.927350847742693, 37.43074951081045 ], [ -5.92729679953104, 37.430717046887878 ], [ -5.927204441919652, 37.430708076242901 ], [ -5.926887810368447, 37.430233893705747 ], [ -5.926703809846367, 37.429916271279026 ], [ -5.926550879962726, 37.429719580454176 ], [ -5.926107399094782, 37.429039056645877 ], [ -5.925489157496696, 37.428009118505507 ], [ -5.925046825929077, 37.427191083937167 ], [ -5.928570379071904, 37.425822064356502 ], [ -5.927106204616208, 37.423569700462693 ], [ -5.92693089368077, 37.422884729366118 ], [ -5.927261089092693, 37.423453223024865 ], [ -5.927541295162928, 37.423849488228193 ], [ -5.927736398873671, 37.424036127416791 ], [ -5.928202373248838, 37.424274627861941 ] ] ] ] } },
{ "type": "Feature", "properties": { "viviendas": 8578, "n_flats": 73, "n_rooms": 14, "n_all": 87, "ratio_flats": 0.85101422242947078, "ratio_rooms": 0.16320820704126837, "ratio": 1.0142224294707392, "mean_price": 160.1917808219178, "mean_revenue": 716.98401826484019, "profit": 77.00461188765189, "net_profit": 1.0, "ingresos_medios": 12833.491627666306 }, "geometry": { "type": "MultiPolygon", "coordinates": [ [ [ [ -5.970968992827689, 37.338731719466644 ], [ -5.970179300143014, 37.33670556949199 ], [ -5.970175193622095, 37.336695033756037 ], [ -5.970230236476755, 37.336682510765087 ], [ -5.970361489036596, 37.336652650035333 ], [ -5.970581783784886, 37.337330510839649 ], [ -5.970919769838789, 37.338270558892326 ], [ -5.971123098101232, 37.338606924458013 ], [ -5.972026675002232, 37.339026867935409 ], [ -5.97311865744537, 37.33940412517191 ], [ -5.973567715329581, 37.339544598902684 ], [ -5.973879338045137, 37.339814999889128 ], [ -5.974083681136346, 37.340176628308257 ], [ -5.975175562178697, 37.340149159475175 ], [ -5.976099358422467, 37.34027767676416 ], [ -5.977296160899874, 37.340500490427004 ], [ -5.978506956152454, 37.340768810710628 ], [ -5.978598307244541, 37.34092079749238 ], [ -5.979333410249414, 37.341352801550116 ], [ -5.979600361356652, 37.341566813974978 ], [ -5.982389552770834, 37.344555563254275 ], [ -5.982799045275267, 37.344948461275649 ], [ -5.982786316371898, 37.344969060974954 ], [ -5.98299681802413, 37.345177739864056 ], [ -5.983016492493489, 37.345253887026857 ], [ -5.980468844244655, 37.345626227587672 ], [ -5.980454483760444, 37.345556505717774 ], [ -5.980284778868938, 37.345581788759894 ], [ -5.979140159699385, 37.345752309271553 ], [ -5.978922690145933, 37.344834841976947 ], [ -5.978640731628431, 37.343657216067321 ], [ -5.976867964684255, 37.343929694834955 ], [ -5.975718997336071, 37.344101013117132 ], [ -5.97458405414797, 37.344266271714275 ], [ -5.974317989941614, 37.344300136214599 ], [ -5.97406009980336, 37.343873333762637 ], [ -5.972585344718258, 37.341484331311243 ], [ -5.970968992827689, 37.338731719466644 ] ] ], [ [ [ -5.979034190508417, 37.364255967501968 ], [ -5.976774107913964, 37.365081043552593 ], [ -5.975682069017208, 37.362441458187263 ], [ -5.976446815918605, 37.36222169190566 ], [ -5.978558066972702, 37.361470199841101 ], [ -5.979435642319752, 37.361155285511231 ], [ -5.981035262893458, 37.360590090827905 ], [ -5.98116870010141, 37.36053040563656 ], [ -5.983118732313685, 37.363959240291301 ], [ -5.984294717387096, 37.365995198088754 ], [ -5.983587093716495, 37.366267609975324 ], [ -5.98256773477897, 37.366633501437967 ], [ -5.982567396582174, 37.366632915272291 ], [ -5.981391163107896, 37.364595270025255 ], [ -5.979612496109518, 37.365248344528759 ], [ -5.979034190508417, 37.364255967501968 ] ] ], [ [ [ -6.004145186258276, 37.379902322121225 ], [ -6.004405893380952, 37.380046623875096 ], [ -6.004537901378017, 37.380092799147484 ], [ -6.005019496777779, 37.3801752051222 ], [ -6.005223317853839, 37.380246584881043 ], [ -6.005402972314544, 37.380327602164229 ], [ -6.005571269116699, 37.380438214033532 ], [ -6.005718907209959, 37.380578634615112 ], [ -6.005230411088197, 37.380994276780783 ], [ -6.004481710900919, 37.38152240261423 ], [ -6.004195401855139, 37.381302149687087 ], [ -6.003053025367928, 37.380240939401517 ], [ -6.003943602906674, 37.379695696216956 ], [ -6.004051743046415, 37.379828117091478 ], [ -6.004145186258276, 37.379902322121225 ] ] ], [ [ [ -5.966319895310231, 37.398361452796856 ], [ -5.966014674023485, 37.398123557607605 ], [ -5.96678583379239, 37.39752248149712 ], [ -5.966169804608197, 37.396979029654652 ], [ -5.966169957880622, 37.396978906866053 ], [ -5.965884271993855, 37.396589602542619 ], [ -5.965333981195824, 37.396130339956883 ], [ -5.965109433057984, 37.395949562116392 ], [ -5.965711457569502, 37.395966435957746 ], [ -5.965890863743965, 37.39566630772245 ], [ -5.96559940026069, 37.39554965345657 ], [ -5.965808992481479, 37.395105723801372 ], [ -5.965873325019301, 37.395132161595356 ], [ -5.965871889073733, 37.395134697193491 ], [ -5.965902637421634, 37.395144207305165 ], [ -5.966727418513828, 37.395399305911617 ], [ -5.966629893157319, 37.395611292617737 ], [ -5.966937911903761, 37.39570714018793 ], [ -5.966796674960762, 37.396055358089292 ], [ -5.967052388917371, 37.396278687442909 ], [ -5.969413294281564, 37.394378992654651 ], [ -5.970922732711314, 37.393171961063352 ], [ -5.973346861872137, 37.395100073013339 ], [ -5.973350481542979, 37.395102216547386 ], [ -5.97370257066981, 37.395380079738189 ], [ -5.972862996229388, 37.396110320792872 ], [ -5.972288732830181, 37.396609789127012 ], [ -5.97152798587324, 37.397330531936561 ], [ -5.971423700032203, 37.397429332517603 ], [ -5.970848577211324, 37.397854306909558 ], [ -5.969637369387366, 37.398587967016155 ], [ -5.970261983022504, 37.399696403106717 ], [ -5.96942385999512, 37.400135121328482 ], [ -5.968743853641844, 37.399130493754555 ], [ -5.968725501056451, 37.399144498814067 ], [ -5.967531296157222, 37.398087855336563 ], [ -5.967175228953678, 37.397848856173511 ], [ -5.966433170215027, 37.398430130393727 ], [ -5.966319895310231, 37.398361452796856 ] ] ], [ [ [ -5.985676341970269, 37.401634885704908 ], [ -5.985182485319963, 37.400780131786064 ], [ -5.984680025738396, 37.400286001021961 ], [ -5.985069061352514, 37.400032866618879 ], [ -5.985419159874176, 37.400206487660121 ], [ -5.985807974273937, 37.400372323409627 ], [ -5.985893150246262, 37.400640551178903 ], [ -5.986654655396438, 37.400709128385543 ], [ -5.986631666610465, 37.40020513949365 ], [ -5.986643744344166, 37.399686717517376 ], [ -5.987136664163747, 37.399746337549118 ], [ -5.987395244443853, 37.399800626594967 ], [ -5.987362623976788, 37.400236212046408 ], [ -5.988059717620984, 37.400281661478438 ], [ -5.988267303319502, 37.40028316590967 ], [ -5.988556933281613, 37.400257829777964 ], [ -5.988500925442414, 37.400070028098924 ], [ -5.98892393414386, 37.399966950765489 ], [ -5.989171429703358, 37.3999336776156 ], [ -5.989209888095979, 37.400511636777075 ], [ -5.988958016406234, 37.400536019195023 ], [ -5.989011467594602, 37.400789193969125 ], [ -5.989077227021459, 37.400947483165048 ], [ -5.989260353674353, 37.401012699443598 ], [ -5.989290929853568, 37.401234897845434 ], [ -5.989504065677943, 37.401252073166773 ], [ -5.989433364340363, 37.401418260276834 ], [ -5.989371796721378, 37.401516698173992 ], [ -5.989004322058611, 37.401879633776645 ], [ -5.989045638798283, 37.401964232087046 ], [ -5.989119817045024, 37.402219130432883 ], [ -5.989161299535102, 37.402472629526585 ], [ -5.989155994060091, 37.402673240949987 ], [ -5.98928780349433, 37.402690184821843 ], [ -5.989490823961176, 37.402775121471585 ], [ -5.989467205531011, 37.402829804235651 ], [ -5.989283826124291, 37.402917797958573 ], [ -5.989273682654768, 37.403053224057381 ], [ -5.988206619590978, 37.403104958563468 ], [ -5.987947181861409, 37.403095758722081 ], [ -5.987842233687803, 37.40307137694036 ], [ -5.987386910506993, 37.402844121039344 ], [ -5.986033021108324, 37.40205388217862 ], [ -5.985874369743843, 37.401920486322275 ], [ -5.985676341970269, 37.401634885704908 ] ] ], [ [ [ -5.970504355159836, 37.408766038083165 ], [ -5.97062199679197, 37.408598657740725 ], [ -5.971931722301274, 37.407491222435397 ], [ -5.972278430934479, 37.407818132537109 ], [ -5.972454265591682, 37.407953403120239 ], [ -5.972483000248108, 37.408065283783493 ], [ -5.972568278337859, 37.408238850948933 ], [ -5.972634728429494, 37.408309258189341 ], [ -5.9727560859945, 37.408391808524165 ], [ -5.972664536217258, 37.408490992626405 ], [ -5.971800670672105, 37.409796689450438 ], [ -5.972139126055596, 37.409934605385537 ], [ -5.971739380445228, 37.410537121609039 ], [ -5.971667540800846, 37.410662822004241 ], [ -5.971517801286558, 37.410844498792898 ], [ -5.971230643245036, 37.410236797982868 ], [ -5.970935133862147, 37.409608987469795 ], [ -5.9706204118019, 37.408943351541517 ], [ -5.970504355159836, 37.408766038083165 ] ] ], [ [ [ -5.929838794019598, 37.325274728283823 ], [ -5.930720299062726, 37.325128587896117 ], [ -5.931546669919403, 37.324965164832889 ], [ -5.932384951853425, 37.324708230344946 ], [ -5.933026535983843, 37.324492270897274 ], [ -5.933122423999144, 37.324459994163192 ], [ -5.932477649342646, 37.323288924773372 ], [ -5.932219508489151, 37.322854072918133 ], [ -5.931923700338996, 37.322451219247533 ], [ -5.931062140480761, 37.321708122268447 ], [ -5.93099241039389, 37.321661408087678 ], [ -5.930223658765811, 37.321001150300638 ], [ -5.930260666951362, 37.320863463636094 ], [ -5.930314653101629, 37.320721857263436 ], [ -5.930379082040671, 37.320557366832446 ], [ -5.930552690578772, 37.320213704570584 ], [ -5.930764719465545, 37.32005686738438 ], [ -5.931012300332877, 37.319886634270631 ], [ -5.931449975702908, 37.319780419057622 ], [ -5.931995752429093, 37.319690593674025 ], [ -5.932437500215079, 37.319689173854975 ], [ -5.932894883047124, 37.319782729303199 ], [ -5.933283285185556, 37.319944749935544 ], [ -5.933550915323972, 37.320071619737377 ], [ -5.933876338069977, 37.320149372397417 ], [ -5.934210180438064, 37.320259338694363 ], [ -5.934639159825178, 37.320359314041902 ], [ -5.935136575720271, 37.320499549317546 ], [ -5.935625168555683, 37.320781140117148 ], [ -5.936009972520648, 37.321095823145598 ], [ -5.936283546748773, 37.32137512209286 ], [ -5.936534005942411, 37.321674066715836 ], [ -5.936808007675232, 37.322086863724564 ], [ -5.93687773680054, 37.322405555716536 ], [ -5.937250827068385, 37.322419174385921 ], [ -5.937637025669675, 37.322524015636304 ], [ -5.938298167349319, 37.322820380371382 ], [ -5.939049070154042, 37.323213688723769 ], [ -5.93923901617067, 37.323430211564805 ], [ -5.939265886971287, 37.323476270661246 ], [ -5.939269052376894, 37.323481696642872 ], [ -5.938818521530755, 37.32381807129245 ], [ -5.938282817672079, 37.324320128319869 ], [ -5.93810943999594, 37.32446748420206 ], [ -5.937740400128257, 37.324803276739424 ], [ -5.937526801665274, 37.324684611410376 ], [ -5.937108912096418, 37.324532875042891 ], [ -5.936833227197558, 37.324506346106986 ], [ -5.93635640495679, 37.324527726272628 ], [ -5.935931382064272, 37.324652719803026 ], [ -5.935097543101354, 37.324935675895262 ], [ -5.934108312793066, 37.325291622616774 ], [ -5.933252081407703, 37.32561326697806 ], [ -5.932062614297551, 37.326040919437155 ], [ -5.93156793895518, 37.326217690687209 ], [ -5.931017850842735, 37.326581793824978 ], [ -5.930836306271586, 37.326686636987048 ], [ -5.930812809850313, 37.326649899521847 ], [ -5.930734253551296, 37.326527073742845 ], [ -5.930529800063201, 37.326268540507634 ], [ -5.930308255271165, 37.325940518527766 ], [ -5.929838794019598, 37.325274728283823 ] ] ], [ [ [ -5.957853742129333, 37.369171457844608 ], [ -5.959347047073408, 37.370138751007786 ], [ -5.957487324869676, 37.372032414874205 ], [ -5.955974853555503, 37.371076849529935 ], [ -5.955458657766401, 37.370742828021875 ], [ -5.956374841662021, 37.369825646227639 ], [ -5.957306952884742, 37.368885505284837 ], [ -5.957853742129333, 37.369171457844608 ] ] ], [ [ [ -5.963279480984882, 37.383817268425197 ], [ -5.963392303125524, 37.382803008488025 ], [ -5.965640986202393, 37.382974118775522 ], [ -5.965474782319213, 37.384361411070849 ], [ -5.965314232484484, 37.385737269861906 ], [ -5.963939341365347, 37.385632103034446 ], [ -5.96410286313896, 37.384251646847439 ], [ -5.963235116046548, 37.384187801559733 ], [ -5.963279480984882, 37.383817268425197 ] ] ], [ [ [ -5.908637387536527, 37.38774012155141 ], [ -5.908483028489769, 37.387960213927627 ], [ -5.908275596278084, 37.388208595218437 ], [ -5.906523086080304, 37.390116904528305 ], [ -5.906055955703691, 37.390623943867176 ], [ -5.906136519631932, 37.390662543161525 ], [ -5.905284604930586, 37.39153014791458 ], [ -5.905167946561611, 37.390013268571259 ], [ -5.905823940643801, 37.38997806377327 ], [ -5.905388079604801, 37.387976599474321 ], [ -5.904375367625562, 37.388058715975276 ], [ -5.903397370442769, 37.388111361563688 ], [ -5.901906306982506, 37.388186137386796 ], [ -5.901868452527844, 37.387204815742486 ], [ -5.905128435145094, 37.386514374959866 ], [ -5.905422887510579, 37.386402234098689 ], [ -5.906821127107814, 37.386091287583625 ], [ -5.908074970367641, 37.385755269478842 ], [ -5.90819326437327, 37.385723748768932 ], [ -5.908263061707333, 37.385674348545237 ], [ -5.908550954601449, 37.385561256730853 ], [ -5.909235165253628, 37.385653005368411 ], [ -5.909707093194394, 37.38576078446885 ], [ -5.90968440218676, 37.385802771140249 ], [ -5.908637387536527, 37.38774012155141 ] ] ], [ [ [ -5.926424236767286, 37.421487149805948 ], [ -5.926445983350194, 37.421337929258776 ], [ -5.926267478431249, 37.421346854426126 ], [ -5.926297814983376, 37.42104200743767 ], [ -5.926381138412097, 37.420733559858782 ], [ -5.926493102531809, 37.420476239303078 ], [ -5.927184565111642, 37.419492754169219 ], [ -5.928546084189088, 37.417499202502512 ], [ -5.928884964832158, 37.416968216315375 ], [ -5.929130787873431, 37.416545405229904 ], [ -5.93078231786158, 37.414109874073404 ], [ -5.931792448634139, 37.413688382982251 ], [ -5.931179448754034, 37.413646920449501 ], [ -5.932504287712266, 37.413369522988489 ], [ -5.935451511803126, 37.412187766264246 ], [ -5.935454246415563, 37.412186661178907 ], [ -5.937049987376352, 37.411534978750616 ], [ -5.940071088384527, 37.410394371734263 ], [ -5.940759155262016, 37.410129459021071 ], [ -5.941510731688971, 37.409869697294575 ], [ -5.942242829180375, 37.409653265356809 ], [ -5.942474641390641, 37.409609204067529 ], [ -5.945260854113398, 37.409046462665117 ], [ -5.946564160771736, 37.408768453210229 ], [ -5.948482692374184, 37.408292575057885 ], [ -5.949050307483408, 37.40811176388285 ], [ -5.949974633902051, 37.407883693226374 ], [ -5.95107102450254, 37.407608528189577 ], [ -5.952376990114075, 37.407251556433032 ], [ -5.952917273261952, 37.407082605740804 ], [ -5.953332763622422, 37.406925794055802 ], [ -5.953775973896326, 37.406734522219793 ], [ -5.954132521900249, 37.406545373640292 ], [ -5.954469670345981, 37.406345472925651 ], [ -5.954484107461403, 37.406261965220011 ], [ -5.954484921906479, 37.406257253007475 ], [ -5.954921572138156, 37.405960272273639 ], [ -5.958955757166954, 37.402766469924643 ], [ -5.959030682189233, 37.402814178763428 ], [ -5.959203052266434, 37.402875189117509 ], [ -5.959389329028967, 37.402913333250098 ], [ -5.959606263627766, 37.402928148180749 ], [ -5.960895186479789, 37.402857551772904 ], [ -5.962076731594617, 37.40276943190711 ], [ -5.962472034762582, 37.402768512033347 ], [ -5.962956794377016, 37.402794648841684 ], [ -5.963868821069827, 37.402884363583212 ], [ -5.964252212281938, 37.402922097534329 ], [ -5.964725750203117, 37.402984569144266 ], [ -5.964512189245442, 37.403262465811515 ], [ -5.964393689985699, 37.403510977246455 ], [ -5.96425783195943, 37.403820767505486 ], [ -5.964215151418371, 37.404067360028655 ], [ -5.964229804257918, 37.404274241268631 ], [ -5.964526439461288, 37.405248931375077 ], [ -5.964527073907573, 37.405248779393027 ], [ -5.964588848194297, 37.405484467157976 ], [ -5.964795954612412, 37.406113430826323 ], [ -5.964992531799216, 37.406778419656469 ], [ -5.965776961538531, 37.406587075821747 ], [ -5.966943998213355, 37.406311615362 ], [ -5.96700006392904, 37.406457310944724 ], [ -5.967378100244211, 37.407481780913635 ], [ -5.967505197098338, 37.407737617236798 ], [ -5.967476717267943, 37.40774510776216 ], [ -5.965458686145015, 37.408201259623326 ], [ -5.965906497959393, 37.409705987570739 ], [ -5.966033924621128, 37.410045226623289 ], [ -5.966146522527768, 37.410265373315156 ], [ -5.96701668053014, 37.411604095753951 ], [ -5.966823722963523, 37.41166526042489 ], [ -5.96666570684573, 37.411743576571041 ], [ -5.964990124354365, 37.412803798763015 ], [ -5.964304117813689, 37.41325351952937 ], [ -5.963330678265184, 37.413861357482148 ], [ -5.963268508232411, 37.413899357878947 ], [ -5.963084709093648, 37.414011701400405 ], [ -5.962628139102405, 37.414237152242976 ], [ -5.962367999218508, 37.414331530151479 ], [ -5.961350870897186, 37.414625061725289 ], [ -5.960990272343217, 37.414742231761018 ], [ -5.959992477123935, 37.415132182714018 ], [ -5.959704318663904, 37.415279034713663 ], [ -5.95959384073683, 37.415175937962843 ], [ -5.959307072904199, 37.415320519528727 ], [ -5.958857420976923, 37.415475996353315 ], [ -5.958349689502305, 37.415585511314141 ], [ -5.957348957967903, 37.415723199115554 ], [ -5.956902694142435, 37.415801962775951 ], [ -5.956787912424247, 37.416052608550999 ], [ -5.956723946399122, 37.416378580681076 ], [ -5.955220041430411, 37.417114514329455 ], [ -5.954516919359484, 37.417332574136481 ], [ -5.953312266317915, 37.417887558972048 ], [ -5.95287000493398, 37.4180563121189 ], [ -5.951960631850264, 37.418322287317153 ], [ -5.951046654582783, 37.419586311409681 ], [ -5.950637805291495, 37.420328602929779 ], [ -5.950445717570976, 37.421015973342435 ], [ -5.950348076275687, 37.421874392208601 ], [ -5.950405869378636, 37.422510439357673 ], [ -5.950524498609445, 37.423023325828282 ], [ -5.950978002442094, 37.42430948129546 ], [ -5.950435350477096, 37.424390605283008 ], [ -5.949799700840337, 37.425066536487982 ], [ -5.949614637709089, 37.425370749279587 ], [ -5.949350838782023, 37.425949480724029 ], [ -5.94914659428644, 37.426224924187551 ], [ -5.948851569651272, 37.426462031070372 ], [ -5.948500414730479, 37.426642006331271 ], [ -5.948180564334417, 37.426706288327402 ], [ -5.947804392162182, 37.426702180600657 ], [ -5.947352099643173, 37.426585045982961 ], [ -5.946811914859985, 37.426512914799794 ], [ -5.946309329030567, 37.426482669861286 ], [ -5.945863743380455, 37.42653655711991 ], [ -5.944851276899944, 37.426746495087635 ], [ -5.944689106302156, 37.426721288106421 ], [ -5.944214957411165, 37.42650555297957 ], [ -5.943820295487806, 37.426486119386936 ], [ -5.943512734553765, 37.426408172898583 ], [ -5.943345029941078, 37.426241178878868 ], [ -5.943173936589929, 37.42598862374976 ], [ -5.942845179281318, 37.425825598899259 ], [ -5.942500303107239, 37.42570578877573 ], [ -5.942213480649931, 37.425697170893876 ], [ -5.941876950652496, 37.425791135923696 ], [ -5.941524241650411, 37.425930604857072 ], [ -5.941240234032195, 37.425993958275747 ], [ -5.940918656559639, 37.426015469344172 ], [ -5.940272939502957, 37.425988747110175 ], [ -5.939987304473609, 37.426011649572857 ], [ -5.939882127249195, 37.426070568873456 ], [ -5.939726641222042, 37.426216361311241 ], [ -5.939510807331796, 37.426651990138531 ], [ -5.939217193574188, 37.427386881483109 ], [ -5.939082504382853, 37.427604199350625 ], [ -5.938786642166635, 37.427825596920435 ], [ -5.938417124024689, 37.427992434014918 ], [ -5.937673030609577, 37.428195655369578 ], [ -5.937370414485499, 37.428246009587383 ], [ -5.937102184779106, 37.428252676655497 ], [ -5.936872391817525, 37.428330450081148 ], [ -5.936715839920542, 37.428449216100418 ], [ -5.936664222903334, 37.428506796329486 ], [ -5.936546844326621, 37.42871021007889 ], [ -5.936403632786581, 37.429171064333055 ], [ -5.936391393965963, 37.429313297291074 ], [ -5.936200111272761, 37.429917198533943 ], [ -5.936111697136518, 37.430405993670881 ], [ -5.935976994551005, 37.430623325613752 ], [ -5.935652034824748, 37.430764340315484 ], [ -5.935092170371412, 37.427550219388202 ], [ -5.934941103442381, 37.42714397115703 ], [ -5.934717941002655, 37.426759815127092 ], [ -5.934489091109312, 37.426490687703662 ], [ -5.934048701544141, 37.426136684913089 ], [ -5.933633426725788, 37.425894701643593 ], [ -5.932987624981708, 37.42560440288338 ], [ -5.930874435245466, 37.42503735451043 ], [ -5.930190312893836, 37.424831288359385 ], [ -5.929170522953228, 37.424556999289585 ], [ -5.928202373248838, 37.424274627861941 ], [ -5.927736398873671, 37.424036127416791 ], [ -5.927541295162928, 37.423849488228193 ], [ -5.927261089092693, 37.423453223024865 ], [ -5.92693089368077, 37.422884729366118 ], [ -5.926597199985402, 37.422343352490429 ], [ -5.926555159625095, 37.422234042069945 ], [ -5.9264303629334, 37.42174378008896 ], [ -5.926424236767286, 37.421487149805948 ] ] ] ] } },
{ "type": "Feature", "properties": { "viviendas": 6939, "n_flats": 102, "n_rooms": 9, "n_all": 111, "ratio_flats": 1.4699524427150887, "ratio_rooms": 0.1297016861219196, "ratio": 1.5996541288370083, "mean_price": 238.9158878504673, "mean_revenue": 1082.231308411215, "profit": 484.77439681422129, "net_profit": 1.0, "ingresos_medios": 12932.26741987796 }, "geometry": { "type": "MultiPolygon", "coordinates": [ [ [ [ -5.918279592916549, 37.301908971835033 ], [ -5.918965430145664, 37.301739459868529 ], [ -5.919847248814705, 37.301698615767478 ], [ -5.921315056538018, 37.301376269087321 ], [ -5.921913092934544, 37.300789303561722 ], [ -5.922464152835788, 37.300222570252394 ], [ -5.922573820561556, 37.299971911470649 ], [ -5.922592507565936, 37.299837938808487 ], [ -5.922971425605204, 37.2991419459279 ], [ -5.923482144206809, 37.298766934846654 ], [ -5.924614884301363, 37.297878215300578 ], [ -5.924569727250343, 37.298492093833758 ], [ -5.924686235118306, 37.300420349277118 ], [ -5.924680993774339, 37.301517174103658 ], [ -5.924879351241432, 37.30232286830217 ], [ -5.92497243768697, 37.302568513935483 ], [ -5.925333448932393, 37.302950578402601 ], [ -5.925534247346347, 37.30320309583638 ], [ -5.925487280226858, 37.303223331043029 ], [ -5.925148563380858, 37.303434939785923 ], [ -5.926161482597545, 37.304370098326736 ], [ -5.930217806778598, 37.310449274069356 ], [ -5.932926053884687, 37.313777101238252 ], [ -5.935804392084596, 37.317787260723918 ], [ -5.936570570981694, 37.319065187350461 ], [ -5.938526723690742, 37.320237246039888 ], [ -5.93993130264172, 37.320736366627692 ], [ -5.941669842636818, 37.321141765990554 ], [ -5.941701237394828, 37.321188234593514 ], [ -5.941955433616391, 37.321582438001258 ], [ -5.943671436154219, 37.325163559386958 ], [ -5.943444740946791, 37.325474368505247 ], [ -5.943241159246664, 37.325765529599487 ], [ -5.943033114373475, 37.325942363917974 ], [ -5.942646745651624, 37.326155938492917 ], [ -5.942525713505497, 37.326073957971715 ], [ -5.942222940705942, 37.325843083324301 ], [ -5.941746303265857, 37.325502097655004 ], [ -5.941344074024556, 37.325231735898747 ], [ -5.941260274534437, 37.325165158773643 ], [ -5.941038400436382, 37.324987578980441 ], [ -5.940862745993577, 37.324892769870623 ], [ -5.940519495266275, 37.324664805131007 ], [ -5.940048015894126, 37.32433322007514 ], [ -5.939595926074301, 37.32400878034705 ], [ -5.939446232738188, 37.323844661453236 ], [ -5.939405303045969, 37.323745754169899 ], [ -5.939500765117988, 37.323705746256081 ], [ -5.939549237413839, 37.323647322641641 ], [ -5.939817698117737, 37.323335481290641 ], [ -5.939846408478767, 37.323306158164179 ], [ -5.939844644056412, 37.323260903999369 ], [ -5.93981976303174, 37.32323529776415 ], [ -5.939791899443207, 37.323209765688901 ], [ -5.93974632834518, 37.323189441520718 ], [ -5.939692552449404, 37.323188395349462 ], [ -5.939584153677444, 37.323241156332877 ], [ -5.939447787102284, 37.323342295794312 ], [ -5.939314310989547, 37.323440978088634 ], [ -5.939265886971287, 37.323476270661246 ], [ -5.93923901617067, 37.323430211564805 ], [ -5.939049070154042, 37.323213688723769 ], [ -5.938298167349319, 37.322820380371382 ], [ -5.937637025669675, 37.322524015636304 ], [ -5.937250827068385, 37.322419174385921 ], [ -5.93687773680054, 37.322405555716536 ], [ -5.936808007675232, 37.322086863724564 ], [ -5.936534005942411, 37.321674066715836 ], [ -5.936283546748773, 37.32137512209286 ], [ -5.936009972520648, 37.321095823145598 ], [ -5.935625168555683, 37.320781140117148 ], [ -5.935136575720271, 37.320499549317546 ], [ -5.934639159825178, 37.320359314041902 ], [ -5.934210180438064, 37.320259338694363 ], [ -5.933876338069977, 37.320149372397417 ], [ -5.933550915323972, 37.320071619737377 ], [ -5.933283285185556, 37.319944749935544 ], [ -5.932894883047124, 37.319782729303199 ], [ -5.932437500215079, 37.319689173854975 ], [ -5.931995752429093, 37.319690593674025 ], [ -5.931449975702908, 37.319780419057622 ], [ -5.931012300332877, 37.319886634270631 ], [ -5.930764719465545, 37.32005686738438 ], [ -5.930552690578772, 37.320213704570584 ], [ -5.930379082040671, 37.320557366832446 ], [ -5.930314653101629, 37.320721857263436 ], [ -5.930260666951362, 37.320863463636094 ], [ -5.930223658765811, 37.321001150300638 ], [ -5.93017151669844, 37.320956366828639 ], [ -5.930114570366876, 37.321073312778317 ], [ -5.9300786455882, 37.321147076114748 ], [ -5.929749112893805, 37.321908024152748 ], [ -5.928880744835751, 37.322664436910891 ], [ -5.92680273952447, 37.324060157382782 ], [ -5.926357752267325, 37.324160778945057 ], [ -5.925745370961347, 37.323996723299587 ], [ -5.917939845707902, 37.321805609368681 ], [ -5.918065985155129, 37.323326048644205 ], [ -5.918033455236966, 37.324712845650232 ], [ -5.918056853682722, 37.324965973011928 ], [ -5.918126278740607, 37.325208678636933 ], [ -5.91821405880825, 37.325375147485211 ], [ -5.918347110509449, 37.325559021355019 ], [ -5.918551372928334, 37.325731860471862 ], [ -5.918778742685751, 37.325851570457338 ], [ -5.919128149861467, 37.325971327688151 ], [ -5.919395470690383, 37.326069920726304 ], [ -5.919614092002475, 37.326163510998242 ], [ -5.919837250131528, 37.326274037254954 ], [ -5.920042921224997, 37.326383413606166 ], [ -5.920210041823277, 37.326496872191179 ], [ -5.92043518098427, 37.326658375646623 ], [ -5.920545556426179, 37.326757758540317 ], [ -5.920754504074832, 37.326950572922186 ], [ -5.920926417749905, 37.327138173680879 ], [ -5.92109514672904, 37.327344378174331 ], [ -5.921209869137516, 37.32750397582884 ], [ -5.921338126049528, 37.327715852094904 ], [ -5.921401415050941, 37.327848835666082 ], [ -5.921454210345113, 37.327962016865392 ], [ -5.921504084705781, 37.32814951293421 ], [ -5.921565527003284, 37.328485201305156 ], [ -5.921587107838866, 37.328591403636423 ], [ -5.921581087164363, 37.328636398292055 ], [ -5.92190823326788, 37.328981061538514 ], [ -5.922131925481847, 37.329307203878912 ], [ -5.921699475752, 37.329280506625722 ], [ -5.921231793792023, 37.329251636345631 ], [ -5.921131122742652, 37.329352965235699 ], [ -5.920981815728212, 37.329465749164903 ], [ -5.920809847462404, 37.329588950624142 ], [ -5.920712828393473, 37.329665882298954 ], [ -5.920646137671886, 37.329718421171393 ], [ -5.920517897613456, 37.329823952988221 ], [ -5.920393644264296, 37.329932058789161 ], [ -5.92028460980729, 37.330033535019943 ], [ -5.920220122699372, 37.330101174496363 ], [ -5.920139214971509, 37.330182448315028 ], [ -5.920075334048871, 37.330255110682572 ], [ -5.920022566102302, 37.330317532571925 ], [ -5.919946642237621, 37.330409238416252 ], [ -5.919906352453818, 37.330462698069688 ], [ -5.91984997582504, 37.330541207701266 ], [ -5.919802983518709, 37.330603009271059 ], [ -5.919759678413831, 37.330673482762528 ], [ -5.919733257520318, 37.330715196647105 ], [ -5.919702413136777, 37.33078036136483 ], [ -5.919666886294983, 37.330864942863528 ], [ -5.919630742096017, 37.330948561926874 ], [ -5.919586420626727, 37.331042943596579 ], [ -5.919533470360954, 37.331162186506504 ], [ -5.919465478939592, 37.331337130794175 ], [ -5.9194135256167, 37.331511435682941 ], [ -5.919383431608517, 37.331646279459413 ], [ -5.919366956875587, 37.331760270196995 ], [ -5.919355785561899, 37.331894389854035 ], [ -5.919362581622952, 37.332037757820281 ], [ -5.91938528440701, 37.332157385967157 ], [ -5.919421162673795, 37.332297490166724 ], [ -5.919466562042288, 37.332409952857525 ], [ -5.919521810376079, 37.332521302747118 ], [ -5.919587362585544, 37.332658957468723 ], [ -5.919638092246057, 37.332755750208172 ], [ -5.919690299025034, 37.332845401422595 ], [ -5.91978109575781, 37.33296818283862 ], [ -5.919876458887909, 37.333121910719385 ], [ -5.919986181393344, 37.333306820726904 ], [ -5.920078721223806, 37.333481879144458 ], [ -5.92014546864323, 37.333676577489875 ], [ -5.920145724459116, 37.333909937375672 ], [ -5.920137743839128, 37.3339658293689 ], [ -5.9201117399923, 37.334147742882877 ], [ -5.920090505714899, 37.334287003992991 ], [ -5.920027403902488, 37.334444292763848 ], [ -5.91992083387334, 37.33459399942948 ], [ -5.919814257010985, 37.334724460005269 ], [ -5.919690806159263, 37.334850038906637 ], [ -5.9195566961026, 37.334979688004886 ], [ -5.919462508164949, 37.335047465936825 ], [ -5.920115677709676, 37.335402723762478 ], [ -5.920098348853465, 37.335420203861773 ], [ -5.920460623391167, 37.33559635047331 ], [ -5.921841227633657, 37.336129870726445 ], [ -5.922133691623277, 37.336206588702723 ], [ -5.922374160827364, 37.336289887903824 ], [ -5.922604978802466, 37.336389113008337 ], [ -5.92282444775803, 37.336503549143039 ], [ -5.923044220089543, 37.336617643053664 ], [ -5.923262233397545, 37.336733939026182 ], [ -5.923473075040197, 37.336858363067215 ], [ -5.923677269439748, 37.33698959658043 ], [ -5.923874511661595, 37.337127516485644 ], [ -5.924064448552623, 37.33727183329583 ], [ -5.92434500474502, 37.33748237286725 ], [ -5.924329052946638, 37.337500689048873 ], [ -5.924585583008196, 37.337770395199897 ], [ -5.924809029542188, 37.338029678382512 ], [ -5.924913016684639, 37.338152629235807 ], [ -5.925262188679663, 37.338565955787672 ], [ -5.925316955667423, 37.338599111766442 ], [ -5.92603411367051, 37.339466650422047 ], [ -5.926370761954677, 37.339843987990491 ], [ -5.92650578668102, 37.340031698925735 ], [ -5.926674386983556, 37.340191668600532 ], [ -5.926872632940942, 37.34032830583795 ], [ -5.927058413269081, 37.340446166580385 ], [ -5.927481415262523, 37.34074018340268 ], [ -5.927915537967458, 37.341041748136547 ], [ -5.9287786588127, 37.341631286067233 ], [ -5.928883482346894, 37.341702225685054 ], [ -5.929295132558893, 37.341980793183176 ], [ -5.929853373208728, 37.342360047076212 ], [ -5.930569521559309, 37.342847234900368 ], [ -5.930798060781488, 37.343007082821288 ], [ -5.931257525408836, 37.343328451769651 ], [ -5.931547170211397, 37.343524299135041 ], [ -5.923169054299575, 37.348976314755554 ], [ -5.922989072980732, 37.34872170869739 ], [ -5.922658137798384, 37.348045090220573 ], [ -5.922334340921632, 37.34697179640434 ], [ -5.915652125751644, 37.340243619708673 ], [ -5.915115064413257, 37.33977927761299 ], [ -5.913879453807156, 37.339052864646995 ], [ -5.913087371118421, 37.338414573794459 ], [ -5.91179763928793, 37.33686949321006 ], [ -5.911355980941063, 37.336537934342779 ], [ -5.909818306758696, 37.335584639970875 ], [ -5.908097476608159, 37.333977987209614 ], [ -5.907760284865983, 37.333427606901594 ], [ -5.905631462866093, 37.331479575075441 ], [ -5.905229472587662, 37.331002894099633 ], [ -5.904874810385562, 37.329705031010612 ], [ -5.904810452643962, 37.329499356823518 ], [ -5.904322065848439, 37.329123911726207 ], [ -5.903816853611739, 37.328604674598544 ], [ -5.904275776142148, 37.327629281931536 ], [ -5.904312425259311, 37.327114776264281 ], [ -5.9047574670944, 37.325779263014375 ], [ -5.905072734936335, 37.325176806294714 ], [ -5.905741510346477, 37.324376423162278 ], [ -5.906040497033298, 37.323936592634105 ], [ -5.906508556366131, 37.322906879560598 ], [ -5.907392810526448, 37.320965871701226 ], [ -5.907995064490605, 37.31990579968496 ], [ -5.908825681383601, 37.318623906754894 ], [ -5.909426005341385, 37.317807191433481 ], [ -5.910819945495731, 37.316214057631363 ], [ -5.911645785834205, 37.315103445040187 ], [ -5.912572157078436, 37.313674949570085 ], [ -5.91317242516516, 37.312858199453146 ], [ -5.913648139369015, 37.311738199527539 ], [ -5.9139538020971, 37.311181037331146 ], [ -5.914923982076621, 37.310012755389359 ], [ -5.91556542614752, 37.309095883716104 ], [ -5.915783303306413, 37.30860391871002 ], [ -5.916948814759678, 37.308403975154121 ], [ -5.918669965816729, 37.308280437907939 ], [ -5.918680962152993, 37.308257980905495 ], [ -5.919129955534239, 37.307341005767562 ], [ -5.918609407349007, 37.306714090108343 ], [ -5.917971418864633, 37.305675572567473 ], [ -5.916646460788418, 37.302914934277595 ], [ -5.916547285327184, 37.302582419485148 ], [ -5.916893629217587, 37.302496284189765 ], [ -5.917316355816191, 37.302314199298124 ], [ -5.918279592916549, 37.301908971835033 ] ] ], [ [ [ -5.964228194668993, 37.325221950369624 ], [ -5.964234403785976, 37.324288598138743 ], [ -5.963952780957746, 37.324212942562589 ], [ -5.963915796767064, 37.324200326692399 ], [ -5.963863071466617, 37.324152230181738 ], [ -5.963882061861094, 37.324149816776377 ], [ -5.963844806779015, 37.324134728826238 ], [ -5.964214050610807, 37.324092157641225 ], [ -5.964255520726226, 37.324087376583073 ], [ -5.965754295318459, 37.325970927530904 ], [ -5.965737206205707, 37.325979318108523 ], [ -5.966745376649587, 37.327285366669038 ], [ -5.96700443324448, 37.327664068364165 ], [ -5.967121102546686, 37.327895387853061 ], [ -5.967221671106308, 37.328144602015783 ], [ -5.967365882950185, 37.328501963658354 ], [ -5.967397748696293, 37.328618305642415 ], [ -5.967596365503634, 37.329072854950354 ], [ -5.967823439582256, 37.329695650906231 ], [ -5.96793583448772, 37.329823496020019 ], [ -5.968001633773301, 37.329873610497927 ], [ -5.968139354568579, 37.329919716025707 ], [ -5.96818371585202, 37.329926989347605 ], [ -5.968151977621958, 37.330342523576626 ], [ -5.968181220176836, 37.330777512569185 ], [ -5.96827369803025, 37.331278693110235 ], [ -5.968441906629042, 37.331855435034072 ], [ -5.968570393056192, 37.332198493241521 ], [ -5.967636648430806, 37.332407663914523 ], [ -5.966725479929336, 37.332621261634308 ], [ -5.96636285699508, 37.331600436655023 ], [ -5.96580554385674, 37.330183968137113 ], [ -5.965458936724647, 37.328962473936933 ], [ -5.965346339825143, 37.328685551946691 ], [ -5.965057182329873, 37.328767519875598 ], [ -5.964449145209522, 37.328944886954417 ], [ -5.964283994925667, 37.328996710233461 ], [ -5.964194764298816, 37.329022974742109 ], [ -5.964194738995542, 37.328999058247064 ], [ -5.964220463182795, 37.326568045769015 ], [ -5.964228194668993, 37.325221950369624 ] ] ], [ [ [ -5.953642933996156, 37.368098582341794 ], [ -5.954087057855592, 37.367490529988928 ], [ -5.955228969790197, 37.368004862981941 ], [ -5.957306952884742, 37.368885505284837 ], [ -5.956374841662021, 37.369825646227639 ], [ -5.954345560779501, 37.368536053809983 ], [ -5.953435928062559, 37.369455309080699 ], [ -5.953016604289698, 37.369184217909364 ], [ -5.952863520190204, 37.369104707900725 ], [ -5.953642933996156, 37.368098582341794 ] ] ], [ [ [ -5.964458228537543, 37.381384164802832 ], [ -5.965395514127171, 37.381480046411212 ], [ -5.965403143422982, 37.381450553206804 ], [ -5.96582127821099, 37.381503135711121 ], [ -5.965640986202393, 37.382974118775522 ], [ -5.963392303125524, 37.382803008488025 ], [ -5.963508201173866, 37.381797690886081 ], [ -5.962717227807368, 37.381734181828399 ], [ -5.962772455955336, 37.381250718843525 ], [ -5.964458228537543, 37.381384164802832 ] ] ], [ [ [ -5.90968440218676, 37.385802771140249 ], [ -5.910338599171203, 37.385880726164295 ], [ -5.910417391549281, 37.386527261035368 ], [ -5.910622270027233, 37.388424727991158 ], [ -5.910643538999732, 37.388819964648718 ], [ -5.910999904769426, 37.388763502955371 ], [ -5.911109653123256, 37.389494384482191 ], [ -5.911081169990832, 37.389503315790215 ], [ -5.909119598074666, 37.390118377603393 ], [ -5.908653703403347, 37.39011177595583 ], [ -5.907371058098454, 37.390134342542773 ], [ -5.906523086080304, 37.390116904528305 ], [ -5.908275596278084, 37.388208595218437 ], [ -5.908483028489769, 37.387960213927627 ], [ -5.908637387536527, 37.38774012155141 ], [ -5.90968440218676, 37.385802771140249 ] ] ], [ [ [ -6.004195894318762, 37.385969532204172 ], [ -6.004705362667664, 37.385348357686091 ], [ -6.005080325043521, 37.384987437413862 ], [ -6.005092646410439, 37.384937557839201 ], [ -6.00487948787464, 37.384778577957995 ], [ -6.005022355846176, 37.384671294083127 ], [ -6.005625530912414, 37.38431582810054 ], [ -6.005842884931712, 37.384603097654249 ], [ -6.005397963054686, 37.384873497493416 ], [ -6.005167125116341, 37.38494243942614 ], [ -6.005135359548184, 37.385004067759255 ], [ -6.005255457982138, 37.385431250976417 ], [ -6.005423664409508, 37.385737841116168 ], [ -6.005747564334428, 37.386117047305731 ], [ -6.006229434237165, 37.386620636277947 ], [ -6.006569496437406, 37.387037740754351 ], [ -6.006856690140816, 37.387336755699508 ], [ -6.006825899283462, 37.387335291191448 ], [ -6.006265884121951, 37.387736997762062 ], [ -6.005721214579788, 37.387392710452211 ], [ -6.005470663858699, 37.38718958166713 ], [ -6.00511839958202, 37.386847151125735 ], [ -6.004618158418451, 37.386368753291691 ], [ -6.004196541583537, 37.386007824143533 ], [ -6.004195894318762, 37.385969532204172 ] ] ], [ [ [ -6.004595140199062, 37.387763724363765 ], [ -6.005992644565833, 37.389090982800568 ], [ -6.006343074480897, 37.389890765069758 ], [ -6.006422254543726, 37.390361782502325 ], [ -6.003047763663191, 37.390717913857131 ], [ -6.002837297109109, 37.390754797676443 ], [ -6.002678041094976, 37.390261015582219 ], [ -6.003150642407646, 37.390165652058322 ], [ -6.002950874531323, 37.389427375862383 ], [ -6.002465046034017, 37.389518586501637 ], [ -6.002237721071112, 37.38872467065751 ], [ -6.002178168418555, 37.388226079734643 ], [ -6.00211150885906, 37.388058868777911 ], [ -6.001815587707744, 37.387647387546529 ], [ -6.001451126991799, 37.387370559745264 ], [ -6.002454961189103, 37.386248051107593 ], [ -6.004152324236729, 37.387450592949634 ], [ -6.004595140199062, 37.387763724363765 ] ] ], [ [ [ -5.97429804813352, 37.395848592842832 ], [ -5.974667012658741, 37.396132332869549 ], [ -5.974757599552359, 37.396226897096916 ], [ -5.975399847358314, 37.397041960539546 ], [ -5.975927476613166, 37.397706706408265 ], [ -5.974010519594009, 37.398367690273325 ], [ -5.974003372187676, 37.398370134569717 ], [ -5.973744676591833, 37.397881825300828 ], [ -5.973283872071463, 37.398017394398238 ], [ -5.972845861258334, 37.397217835954493 ], [ -5.973400306040888, 37.397032230397087 ], [ -5.972862996229388, 37.396110320792872 ], [ -5.97370257066981, 37.395380079738189 ], [ -5.974227345574528, 37.395794221382467 ], [ -5.97429804813352, 37.395848592842832 ] ] ], [ [ [ -5.973859710694748, 37.407348127597139 ], [ -5.974176265117552, 37.406907668854778 ], [ -5.975162219970206, 37.405411879132458 ], [ -5.976402435614555, 37.406081209320718 ], [ -5.976590758453005, 37.406180063490289 ], [ -5.976316920795825, 37.406578945939465 ], [ -5.976460973454842, 37.406739757954981 ], [ -5.976462505424637, 37.406796021170578 ], [ -5.97640757924662, 37.406871736249563 ], [ -5.976411142821028, 37.406873644109432 ], [ -5.975379362459066, 37.408079013420711 ], [ -5.975019465521462, 37.408958577474166 ], [ -5.975005430301016, 37.408956916183357 ], [ -5.974738172582105, 37.409790369166799 ], [ -5.974661888052825, 37.409864350669693 ], [ -5.974416816390788, 37.409782703709197 ], [ -5.974305141551387, 37.409729172386371 ], [ -5.974111749615727, 37.409583129486542 ], [ -5.973598382931197, 37.408866181554842 ], [ -5.973394513986493, 37.40871589943923 ], [ -5.973056225426431, 37.40855995261758 ], [ -5.973859710694748, 37.407348127597139 ] ] ], [ [ [ -5.965765714732322, 37.413260154251162 ], [ -5.966179125910028, 37.413598953850503 ], [ -5.966397544120874, 37.413766138323268 ], [ -5.966533851602136, 37.413880964976983 ], [ -5.966261519242088, 37.414017308231671 ], [ -5.965521574811726, 37.414587765861647 ], [ -5.96549274226556, 37.414931980563537 ], [ -5.964630487663813, 37.415862094843952 ], [ -5.965353055828143, 37.417468320523376 ], [ -5.965322133909468, 37.417486480989211 ], [ -5.96261558213833, 37.417807902445432 ], [ -5.961897043026564, 37.417778241231204 ], [ -5.9624800651762, 37.416190137526094 ], [ -5.963268508232411, 37.413899357878947 ], [ -5.963330678265184, 37.413861357482148 ], [ -5.964304117813689, 37.41325351952937 ], [ -5.964990124354365, 37.412803798763015 ], [ -5.965765714732322, 37.413260154251162 ] ] ] ] } },
{ "type": "Feature", "properties": { "viviendas": 7978, "n_flats": 159, "n_rooms": 27, "n_all": 186, "ratio_flats": 1.9929806969165205, "ratio_rooms": 0.33843068438205065, "ratio": 2.3314113812985711, "mean_price": 160.17441860465115, "mean_revenue": 1024.312015503876, "profit": 367.01372159782863, "net_profit": 1.0, "ingresos_medios": 12879.560092689697 }, "geometry": { "type": "MultiPolygon", "coordinates": [ [ [ [ -5.970434382236006, 37.375395364679541 ], [ -5.970256775038259, 37.375390768199978 ], [ -5.969680605539378, 37.375279134181007 ], [ -5.96974248046788, 37.375113142925606 ], [ -5.969825939166747, 37.375099787471285 ], [ -5.969924157735221, 37.375013950580097 ], [ -5.970263766691431, 37.374525627179167 ], [ -5.970331838150151, 37.374368499530135 ], [ -5.970397970141791, 37.374283445400494 ], [ -5.97042993201581, 37.374185797315747 ], [ -5.970431269400056, 37.373960506535354 ], [ -5.970656325242984, 37.373155166557858 ], [ -5.97213847759262, 37.373440033153571 ], [ -5.972254736394598, 37.37343938049429 ], [ -5.972421977924966, 37.373435175490968 ], [ -5.972628193486995, 37.373411977530758 ], [ -5.972753015844355, 37.373629563868469 ], [ -5.974406766729885, 37.374993594745462 ], [ -5.973720218811903, 37.375517712116043 ], [ -5.972567568559747, 37.374584836573284 ], [ -5.972491378093648, 37.374647573247991 ], [ -5.97223837664522, 37.374951258850047 ], [ -5.971794876416489, 37.375500807643192 ], [ -5.971790273636586, 37.37554596670266 ], [ -5.970853069262232, 37.375355522686156 ], [ -5.970515355361822, 37.375300954685471 ], [ -5.970434382236006, 37.375395364679541 ] ] ], [ [ [ -6.008737846070056, 37.381317255881811 ], [ -6.009178291612566, 37.381056018034521 ], [ -6.009199835276925, 37.381105018394813 ], [ -6.009263478557092, 37.381125910354122 ], [ -6.01150097423248, 37.381059916199256 ], [ -6.012157667847267, 37.381065734517826 ], [ -6.012038808086917, 37.382627547037472 ], [ -6.011912936562659, 37.382666791678098 ], [ -6.011452378812886, 37.382946617561494 ], [ -6.010998106243986, 37.383217222319757 ], [ -6.01086555838268, 37.383276917852008 ], [ -6.010713783938687, 37.383060007153439 ], [ -6.010390512013239, 37.383225941480646 ], [ -6.010081052182409, 37.3828373570718 ], [ -6.009780453322564, 37.382993688041395 ], [ -6.009104800986072, 37.382139122893371 ], [ -6.008537516218107, 37.381444036473681 ], [ -6.008737846070056, 37.381317255881811 ] ] ], [ [ [ -5.983778656800019, 37.382352964897841 ], [ -5.983630560781565, 37.381631949841463 ], [ -5.983968613396009, 37.38171877491552 ], [ -5.984192266873062, 37.381331676708662 ], [ -5.984384484019992, 37.380754647262492 ], [ -5.984602086602212, 37.380215120903387 ], [ -5.984631847218187, 37.380105493963718 ], [ -5.988513859006163, 37.381136534366043 ], [ -5.987652951208529, 37.382617993812786 ], [ -5.987548273303205, 37.382857177025869 ], [ -5.987130522620106, 37.383657588638826 ], [ -5.987060999049596, 37.383790795645041 ], [ -5.986338021018956, 37.385189927850938 ], [ -5.98610195354765, 37.385644183431204 ], [ -5.984022210234781, 37.384766144081411 ], [ -5.9841146082502, 37.384194512281368 ], [ -5.983941870862226, 37.383455047498956 ], [ -5.983778656800019, 37.382352964897841 ] ] ], [ [ [ -6.000528027082327, 37.391155835547849 ], [ -5.999883306441306, 37.390532463284536 ], [ -5.998717621023089, 37.39098329574329 ], [ -5.998582827608305, 37.390948390532863 ], [ -5.998487015023448, 37.390930556622656 ], [ -5.998048221985248, 37.390691645468983 ], [ -5.997956063446151, 37.39063316272351 ], [ -5.997816917070775, 37.390501541300971 ], [ -5.997885355892771, 37.390457009906989 ], [ -5.9975069902514, 37.389914724507683 ], [ -5.997707349303091, 37.389797003416987 ], [ -5.998112840260379, 37.389550203845396 ], [ -5.998646349618177, 37.389336173515204 ], [ -5.999027687306509, 37.389092250068558 ], [ -5.999426952855157, 37.389361444688696 ], [ -5.999641839444636, 37.389148761336934 ], [ -5.999503395880549, 37.389062148043806 ], [ -5.999265611163936, 37.388784373446761 ], [ -5.999650505160015, 37.388459218515735 ], [ -6.000071580069188, 37.388133143649256 ], [ -6.000434362077316, 37.388407802650271 ], [ -6.000550699955016, 37.388298963134133 ], [ -6.001253902286309, 37.390279177199531 ], [ -6.0014978744172, 37.391020857636462 ], [ -6.002837297109109, 37.390754797676443 ], [ -6.003047763663191, 37.390717913857131 ], [ -6.006422254543726, 37.390361782502325 ], [ -6.00665740289213, 37.391804233426136 ], [ -6.006604122536005, 37.392882338152106 ], [ -6.006588486301697, 37.392985232860902 ], [ -6.002268015195653, 37.393283996089274 ], [ -6.002268294348966, 37.393276391294044 ], [ -6.001541509611102, 37.393348904745515 ], [ -6.00125715111841, 37.393320120938363 ], [ -6.001232296744996, 37.393316215519874 ], [ -6.001145053123195, 37.392014190244034 ], [ -6.000816530375193, 37.390898503636613 ], [ -6.000528027082327, 37.391155835547849 ] ] ], [ [ [ -5.977474670713177, 37.395527793131926 ], [ -5.977805789292862, 37.395994714692868 ], [ -5.976848457982398, 37.396390522362019 ], [ -5.975399847358314, 37.397041960539546 ], [ -5.974757599552359, 37.396226897096916 ], [ -5.974667012658741, 37.396132332869549 ], [ -5.97429804813352, 37.395848592842832 ], [ -5.976279921115353, 37.395798680598375 ], [ -5.977332016960445, 37.395352576412336 ], [ -5.977475256897568, 37.395527337739679 ], [ -5.977474670713177, 37.395527793131926 ] ] ], [ [ [ -5.974183696550432, 37.415906609238384 ], [ -5.974060363390659, 37.41553581292591 ], [ -5.97325230459696, 37.413920738304043 ], [ -5.972828278340577, 37.413035843959385 ], [ -5.972793690440249, 37.412963661022125 ], [ -5.972990769487252, 37.412895647456537 ], [ -5.973037763135741, 37.412860657805723 ], [ -5.974252527401388, 37.412487687664061 ], [ -5.9743579589087, 37.412471526920463 ], [ -5.974494264168655, 37.412427535226783 ], [ -5.97471350885456, 37.412870266850966 ], [ -5.974831325469765, 37.413006972071088 ], [ -5.974965647595649, 37.413082462481768 ], [ -5.975910916489186, 37.413396560316166 ], [ -5.975956473342522, 37.413410354820236 ], [ -5.97517279086749, 37.414940767239301 ], [ -5.975560271301616, 37.415064513993492 ], [ -5.975798391931754, 37.415039442489245 ], [ -5.975957561880385, 37.41543595395779 ], [ -5.978581143195419, 37.414664144432926 ], [ -5.978577812535061, 37.414654785329269 ], [ -5.980238898848535, 37.41425995286265 ], [ -5.980236476103981, 37.414255119442679 ], [ -5.981469692328759, 37.413942805882783 ], [ -5.981467219249335, 37.413937872841188 ], [ -5.983239666726359, 37.413479669950647 ], [ -5.983240118844354, 37.413491059612817 ], [ -5.983244739617135, 37.41349710614405 ], [ -5.983287408431739, 37.41355293838302 ], [ -5.983344298404366, 37.413607803209793 ], [ -5.983491153758195, 37.413682909503557 ], [ -5.983251046029932, 37.415265842431666 ], [ -5.982031746854168, 37.415564674357853 ], [ -5.980959050737574, 37.415999430988428 ], [ -5.980818288071133, 37.416086351030472 ], [ -5.980132152373027, 37.417042988370433 ], [ -5.979797538564664, 37.417472677603385 ], [ -5.979261504323453, 37.418261071254499 ], [ -5.977777050262731, 37.420366366389544 ], [ -5.977504191240653, 37.420670599735061 ], [ -5.977324922228382, 37.420814773774232 ], [ -5.977121486167106, 37.420937057285308 ], [ -5.976961211854018, 37.421004168385643 ], [ -5.976784874221262, 37.420434198123317 ], [ -5.976722511174478, 37.420319171106598 ], [ -5.974403121269262, 37.416040779681893 ], [ -5.974322731883243, 37.415878348978524 ], [ -5.974183696550432, 37.415906609238384 ] ] ], [ [ [ -5.953571560179223, 37.29663962089915 ], [ -5.956480664923511, 37.298226260462322 ], [ -5.960572010734401, 37.300505614022327 ], [ -5.96167056953936, 37.301121810437671 ], [ -5.962395939952462, 37.301353970447913 ], [ -5.963442787204196, 37.301792638831643 ], [ -5.964766404245844, 37.302438926786174 ], [ -5.965908342011168, 37.303018233883421 ], [ -5.967160817871027, 37.30413117643085 ], [ -5.968325287143971, 37.305282075968485 ], [ -5.969078834399148, 37.306228714484341 ], [ -5.969432684927845, 37.307256908894203 ], [ -5.969986546478002, 37.308816498032414 ], [ -5.970285850765277, 37.309595729752751 ], [ -5.970312578087823, 37.310274524183448 ], [ -5.970138175684414, 37.311530552685227 ], [ -5.969735836808055, 37.31320598918078 ], [ -5.969709185644581, 37.313198051557762 ], [ -5.969214323175075, 37.313050687761049 ], [ -5.96903186485682, 37.313001182907648 ], [ -5.967483703767597, 37.315229654736697 ], [ -5.966639735141015, 37.316719496344177 ], [ -5.965996254988727, 37.317691237769594 ], [ -5.965983204909151, 37.317710942709773 ], [ -5.965596067943883, 37.318295520992322 ], [ -5.965010872943302, 37.319481571397169 ], [ -5.964949422709889, 37.319668297208189 ], [ -5.964943236801971, 37.31968709822452 ], [ -5.964658091367333, 37.320553680571763 ], [ -5.964425448749211, 37.32209823680045 ], [ -5.964258669980031, 37.32209072542318 ], [ -5.964239512328886, 37.322433881580082 ], [ -5.964221043374975, 37.322557261662887 ], [ -5.964229527809838, 37.322773083592132 ], [ -5.964218458295046, 37.323133763708711 ], [ -5.964214888263763, 37.323146331262464 ], [ -5.964215583316575, 37.323227410290087 ], [ -5.9642171206251, 37.323406600313398 ], [ -5.964252808816827, 37.323483924814141 ], [ -5.964214050610807, 37.324092157641225 ], [ -5.963844806779015, 37.324134728826238 ], [ -5.963339019670527, 37.323929894696185 ], [ -5.960593686444065, 37.326233029487888 ], [ -5.958909725626684, 37.328464714329428 ], [ -5.958686794429444, 37.328821703187096 ], [ -5.95834373108043, 37.329569150989926 ], [ -5.957642526551783, 37.331830319773438 ], [ -5.957411499322474, 37.332845306005375 ], [ -5.957368583138335, 37.333477067958249 ], [ -5.957353514703438, 37.33424334172723 ], [ -5.957174902027534, 37.334869549745179 ], [ -5.955821459424063, 37.336327059119434 ], [ -5.955405750379239, 37.336661805942384 ], [ -5.955160576468582, 37.336740012250985 ], [ -5.953220852655033, 37.339365515603056 ], [ -5.950471271981875, 37.343506912929129 ], [ -5.950165417823077, 37.344055180711777 ], [ -5.949278906548065, 37.345627118072741 ], [ -5.949074212982701, 37.345875498761771 ], [ -5.94351589741769, 37.352384433363731 ], [ -5.943345003563211, 37.352631999730399 ], [ -5.943214548083704, 37.352826446207089 ], [ -5.942982318107023, 37.353172622870936 ], [ -5.94162574233569, 37.355143658357612 ], [ -5.940342068396705, 37.357248019068841 ], [ -5.939021102207986, 37.360713862821449 ], [ -5.938588805734284, 37.362076191442512 ], [ -5.937211996013023, 37.361218351200208 ], [ -5.93413929239671, 37.359132131356645 ], [ -5.933698874037284, 37.358836690489866 ], [ -5.928818509807693, 37.355542677161644 ], [ -5.92745830429319, 37.354634406034506 ], [ -5.931479040898583, 37.352146282832429 ], [ -5.93242229293607, 37.353145579050285 ], [ -5.933117424903785, 37.353579588505603 ], [ -5.933405709252081, 37.353241523054713 ], [ -5.934144772381655, 37.351899636561669 ], [ -5.934868405372606, 37.351129709494728 ], [ -5.937237803570428, 37.350048120412595 ], [ -5.939272975687606, 37.349095151477833 ], [ -5.939007195779725, 37.348863931065978 ], [ -5.939007171257482, 37.348863910049921 ], [ -5.938844439805693, 37.348722338261048 ], [ -5.938196221238896, 37.348158397207172 ], [ -5.937699793145196, 37.34772650241046 ], [ -5.937689689671995, 37.347717712142334 ], [ -5.937849553392421, 37.347506915966655 ], [ -5.938049393916192, 37.347243405093636 ], [ -5.93806490640692, 37.347222949859038 ], [ -5.938193877651062, 37.347019264706674 ], [ -5.938208413074269, 37.346979083988231 ], [ -5.93834414623842, 37.346603878627008 ], [ -5.938347222013527, 37.346595376215213 ], [ -5.938400058258937, 37.34635863082579 ], [ -5.938423548517519, 37.34625390064334 ], [ -5.938430443157959, 37.346223162985474 ], [ -5.938443403828235, 37.346168975435397 ], [ -5.938474266408222, 37.345985424273458 ], [ -5.938478005111056, 37.34596318831727 ], [ -5.938489359509308, 37.345895714700625 ], [ -5.938501420513979, 37.345694322909971 ], [ -5.938517451188088, 37.345426643978605 ], [ -5.938537323611364, 37.345094810319672 ], [ -5.938537355925424, 37.345094278783279 ], [ -5.938539114448892, 37.34508791582725 ], [ -5.938631147020963, 37.344754857639373 ], [ -5.938615897033297, 37.344752251516447 ], [ -5.938556509340879, 37.344742102298646 ], [ -5.93846983260076, 37.34472728989369 ], [ -5.938445222647749, 37.344723083652589 ], [ -5.938570903775652, 37.344440461953738 ], [ -5.938687003009575, 37.34417522490623 ], [ -5.938689225792605, 37.34417014615115 ], [ -5.938650783369127, 37.344108201465126 ], [ -5.938642218396958, 37.344094399986041 ], [ -5.938774020238463, 37.343159989247575 ], [ -5.938779667677806, 37.343156081443965 ], [ -5.938781740288233, 37.343154647664768 ], [ -5.939307265764871, 37.343322397510427 ], [ -5.939870188503546, 37.343287929165797 ], [ -5.940451897718968, 37.343190977043371 ], [ -5.940519998895743, 37.343179626078111 ], [ -5.940891541138438, 37.343170387058379 ], [ -5.940906893837688, 37.343125637068781 ], [ -5.940917991338127, 37.342971780915221 ], [ -5.940932713431353, 37.342691555286116 ], [ -5.940724840786506, 37.342293996304917 ], [ -5.940554468814691, 37.341980830361202 ], [ -5.940425719550631, 37.341748540933864 ], [ -5.940266885141533, 37.340964104678591 ], [ -5.939973567746351, 37.340019193947342 ], [ -5.93991275407609, 37.339774974293263 ], [ -5.939876064886105, 37.338833919940853 ], [ -5.939790177823407, 37.337617638181548 ], [ -5.939684952215012, 37.337220945299549 ], [ -5.938152948164397, 37.337241774279363 ], [ -5.938153406354816, 37.337244785098804 ], [ -5.937985442912614, 37.33724895984097 ], [ -5.937982902333842, 37.337239485999085 ], [ -5.937703318612401, 37.336807760156823 ], [ -5.937626529129816, 37.336676158775454 ], [ -5.937585583242256, 37.336238501901207 ], [ -5.937545850285963, 37.335219093631622 ], [ -5.937518050289215, 37.334199388669916 ], [ -5.937372747120406, 37.333535450448274 ], [ -5.937174472254264, 37.333044484083103 ], [ -5.936551932017834, 37.332392401288772 ], [ -5.935953816276404, 37.331943609435747 ], [ -5.935979819460663, 37.3317387165337 ], [ -5.935870373384939, 37.331703686780067 ], [ -5.935999487070217, 37.331191340180759 ], [ -5.936269870317035, 37.330774558938188 ], [ -5.937128994592358, 37.330142885812769 ], [ -5.938338966349364, 37.329321295471814 ], [ -5.938998951653366, 37.328789923249026 ], [ -5.939184362791078, 37.328500626592096 ], [ -5.939514507876255, 37.328272135352911 ], [ -5.939556881208908, 37.32824280954847 ], [ -5.942677609298548, 37.326176843836265 ], [ -5.942646745651624, 37.326155938492917 ], [ -5.943033114373475, 37.325942363917974 ], [ -5.943241159246664, 37.325765529599487 ], [ -5.943444740946791, 37.325474368505247 ], [ -5.943671436154219, 37.325163559386958 ], [ -5.941955433616391, 37.321582438001258 ], [ -5.941701237394828, 37.321188234593514 ], [ -5.941669842636818, 37.321141765990554 ], [ -5.941766118853177, 37.321164214916791 ], [ -5.940997100668519, 37.317829860125585 ], [ -5.940913882575593, 37.315695771932248 ], [ -5.94138538701593, 37.313090134868723 ], [ -5.942342885419271, 37.310701277393093 ], [ -5.943127333416905, 37.308774468555022 ], [ -5.94399228875865, 37.306464193376328 ], [ -5.944302566439624, 37.304625473561892 ], [ -5.944451752910815, 37.303553679241425 ], [ -5.944237137869369, 37.302948691363511 ], [ -5.943581424207005, 37.30082885457513 ], [ -5.942830345486567, 37.298711387139932 ], [ -5.942109024730893, 37.297356088365177 ], [ -5.94057700064057, 37.294800281620638 ], [ -5.939784108378039, 37.294057078564045 ], [ -5.939718534483448, 37.293959973702435 ], [ -5.940425520098995, 37.293486776371033 ], [ -5.941546914777077, 37.292736188391636 ], [ -5.941837223269494, 37.292541870246644 ], [ -5.941880960492413, 37.292549879515427 ], [ -5.942697319753935, 37.292008193561749 ], [ -5.943806416949906, 37.291065091249408 ], [ -5.944902706571052, 37.289989169627567 ], [ -5.94607783494125, 37.291454522077217 ], [ -5.946093565760126, 37.291474115223842 ], [ -5.946853837789186, 37.292429994174952 ], [ -5.947824142752657, 37.293435745954895 ], [ -5.949968326645376, 37.294698304847152 ], [ -5.953571560179223, 37.29663962089915 ] ] ], [ [ [ -5.965346339825143, 37.328685551946691 ], [ -5.965458936724647, 37.328962473936933 ], [ -5.96580554385674, 37.330183968137113 ], [ -5.96636285699508, 37.331600436655023 ], [ -5.966725479929336, 37.332621261634308 ], [ -5.967636648430806, 37.332407663914523 ], [ -5.968570393056192, 37.332198493241521 ], [ -5.968916152696581, 37.333121646561835 ], [ -5.969430947963781, 37.33449334619673 ], [ -5.969980658432805, 37.336135283021932 ], [ -5.970230236476755, 37.336682510765087 ], [ -5.970175193622095, 37.336695033756037 ], [ -5.970179300143014, 37.33670556949199 ], [ -5.970148510877029, 37.336702345990055 ], [ -5.969475424053394, 37.336854809815442 ], [ -5.969052934762301, 37.336904149519796 ], [ -5.968580842451965, 37.336925685670565 ], [ -5.967997052944358, 37.3368822443121 ], [ -5.967447705080906, 37.336789521871694 ], [ -5.966894553690676, 37.336600065171105 ], [ -5.966364111551449, 37.336371306160714 ], [ -5.96586507024884, 37.336015881882226 ], [ -5.96542470496959, 37.335610569834472 ], [ -5.965131998347482, 37.335259649669389 ], [ -5.964764654159861, 37.334552338751429 ], [ -5.964555943319052, 37.333870099699027 ], [ -5.964401015354649, 37.333322068490382 ], [ -5.964275917483429, 37.332298835630887 ], [ -5.964197428531087, 37.33153586861544 ], [ -5.964194764298816, 37.329022974742109 ], [ -5.964283994925667, 37.328996710233461 ], [ -5.964449145209522, 37.328944886954417 ], [ -5.965057182329873, 37.328767519875598 ], [ -5.965346339825143, 37.328685551946691 ] ] ], [ [ [ -5.953814717251345, 37.382648497635067 ], [ -5.953944909367194, 37.381667631669337 ], [ -5.955050870792377, 37.381759366070263 ], [ -5.954924931458507, 37.382744644585102 ], [ -5.955559782187082, 37.382800853286035 ], [ -5.955480562865682, 37.383393071513652 ], [ -5.955124916753172, 37.383363631937648 ], [ -5.954444231131106, 37.38330406624344 ], [ -5.9545184259162, 37.382709780102459 ], [ -5.953814717251345, 37.382648497635067 ] ] ], [ [ [ -5.910417391549281, 37.386527261035368 ], [ -5.910338599171203, 37.385880726164295 ], [ -5.90968440218676, 37.385802771140249 ], [ -5.909707093194394, 37.38576078446885 ], [ -5.910557259847253, 37.384187789158723 ], [ -5.912374119226787, 37.384769246967473 ], [ -5.913985945252458, 37.385340047051841 ], [ -5.913894994087951, 37.385364766494455 ], [ -5.913779478157741, 37.3854351931802 ], [ -5.913735255779883, 37.385533182671679 ], [ -5.913727095512707, 37.385673038893088 ], [ -5.913746297519401, 37.385740109087067 ], [ -5.913798433518454, 37.385792910446298 ], [ -5.913888147603444, 37.385849272413189 ], [ -5.914376229114882, 37.385918344911936 ], [ -5.916176773981729, 37.386072150767404 ], [ -5.916403453510449, 37.386138656305846 ], [ -5.916618935952734, 37.386259488770669 ], [ -5.916749628772703, 37.386380163975105 ], [ -5.916903881819567, 37.386572315437618 ], [ -5.916816469651264, 37.386617286127979 ], [ -5.916741031163815, 37.38670021540289 ], [ -5.91668694207273, 37.386780401872855 ], [ -5.916659866693156, 37.386859939505932 ], [ -5.916651102073089, 37.386984037418443 ], [ -5.916681130884033, 37.387035112451613 ], [ -5.916749567972865, 37.387094249182333 ], [ -5.916234820966864, 37.387580009438956 ], [ -5.915584807234829, 37.38825830778346 ], [ -5.914628679526493, 37.389180691111299 ], [ -5.914448278720676, 37.389396891994238 ], [ -5.914314564589792, 37.389607441084898 ], [ -5.914019034150248, 37.389508844020398 ], [ -5.913487293365296, 37.389702184986611 ], [ -5.913043767229865, 37.388924645065323 ], [ -5.91255786771843, 37.389040275510155 ], [ -5.911109653123256, 37.389494384482191 ], [ -5.910999904769426, 37.388763502955371 ], [ -5.910643538999732, 37.388819964648718 ], [ -5.910622270027233, 37.388424727991158 ], [ -5.910417391549281, 37.386527261035368 ] ] ], [ [ [ -5.968537147371149, 37.412442903791096 ], [ -5.968421135212231, 37.412342336908345 ], [ -5.96911247431234, 37.411778986290393 ], [ -5.969124503655535, 37.411787708046539 ], [ -5.970266428768102, 37.412698337652294 ], [ -5.970153644304722, 37.412831806686711 ], [ -5.970002896446972, 37.412975270499636 ], [ -5.969509297545987, 37.413438192551645 ], [ -5.969058181584718, 37.413909074310716 ], [ -5.969023134446678, 37.413954775796505 ], [ -5.968700643023305, 37.414375314791123 ], [ -5.968574889248876, 37.414279394656404 ], [ -5.968311483456548, 37.414513489681759 ], [ -5.968183431215266, 37.414435621067028 ], [ -5.967887177578882, 37.41467509454619 ], [ -5.967014700194789, 37.414018956780637 ], [ -5.966674480033148, 37.413778923696228 ], [ -5.967067088138442, 37.413438231622685 ], [ -5.967212644806804, 37.413415502565741 ], [ -5.967781327209414, 37.412981621555971 ], [ -5.968537147371149, 37.412442903791096 ] ] ] ] } },
{ "type": "Feature", "properties": { "viviendas": 5021, "n_flats": 58, "n_rooms": 9, "n_all": 67, "ratio_flats": 1.1551483768173672, "ratio_rooms": 0.17924716191993625, "ratio": 1.3343955387373034, "mean_price": 110.81538461538462, "mean_revenue": 775.69743589743598, "profit": 106.77709921235123, "net_profit": 1.0, "ingresos_medios": 13060.873118786034 }, "geometry": { "type": "MultiPolygon", "coordinates": [ [ [ [ -5.97789253356049, 37.348761079718365 ], [ -5.976465284234324, 37.348989345627075 ], [ -5.976308623992535, 37.348031436736804 ], [ -5.97619755313479, 37.347531875618159 ], [ -5.976112384249099, 37.347331269434747 ], [ -5.975990901155763, 37.347082051311382 ], [ -5.975567163160435, 37.34636740257163 ], [ -5.97556676833142, 37.34636675022746 ], [ -5.975521212107993, 37.346291366800877 ], [ -5.978691100923234, 37.345819204770841 ], [ -5.979199237305066, 37.347870804632976 ], [ -5.9777263133365, 37.348079575288246 ], [ -5.97789253356049, 37.348761079718365 ] ] ], [ [ [ -5.973479253486601, 37.382108163333037 ], [ -5.974198790547058, 37.379898269686613 ], [ -5.975708301986724, 37.380180130068261 ], [ -5.975241176986244, 37.381712436040765 ], [ -5.97531416464461, 37.381809708739958 ], [ -5.975489421952943, 37.381949455530098 ], [ -5.975532016426373, 37.38200022011047 ], [ -5.975591428507601, 37.382106823499583 ], [ -5.975613535520571, 37.382227912022842 ], [ -5.975595070283396, 37.382354541138135 ], [ -5.975330675326338, 37.38325321889895 ], [ -5.974713929995864, 37.383131319735362 ], [ -5.973232536465336, 37.382853240979209 ], [ -5.973403201582816, 37.382389405885093 ], [ -5.973479253486601, 37.382108163333037 ] ] ], [ [ [ -5.955559782187082, 37.382800853286035 ], [ -5.956881889147326, 37.382900731549 ], [ -5.957089182727605, 37.383066718505127 ], [ -5.957233488112922, 37.383191525976564 ], [ -5.957239555671555, 37.383234169368194 ], [ -5.957088969143899, 37.384377790894725 ], [ -5.957037425724694, 37.384611060424675 ], [ -5.956545158971664, 37.384175119479238 ], [ -5.955859416196506, 37.384122418726477 ], [ -5.95581107847311, 37.384459278020195 ], [ -5.955631806350089, 37.384445753033035 ], [ -5.955621552706264, 37.384867263610985 ], [ -5.956034207865661, 37.385239872868134 ], [ -5.955187641270022, 37.385788144937074 ], [ -5.954805238801428, 37.385763901681592 ], [ -5.955124916753172, 37.383363631937648 ], [ -5.955480562865682, 37.383393071513652 ], [ -5.955559782187082, 37.382800853286035 ] ] ], [ [ [ -6.009142233425185, 37.384271370152618 ], [ -6.009089098556351, 37.384311048896819 ], [ -6.00870784844979, 37.383834162083495 ], [ -6.009262352605957, 37.383556496155499 ], [ -6.008974892198322, 37.383228186813959 ], [ -6.008847283385077, 37.383292273115103 ], [ -6.008529136748687, 37.382890395285379 ], [ -6.008565719324986, 37.382873668269632 ], [ -6.008267482204582, 37.382541148732017 ], [ -6.009104800986072, 37.382139122893371 ], [ -6.009780453322564, 37.382993688041395 ], [ -6.010309373391048, 37.383662731775075 ], [ -6.009142233425185, 37.384271370152618 ] ] ], [ [ [ -5.920000657298734, 37.391848173569812 ], [ -5.920034102259078, 37.39202514860041 ], [ -5.919561173820568, 37.392105220337726 ], [ -5.918740828877564, 37.392305677620485 ], [ -5.91858639964596, 37.392369040907248 ], [ -5.917786723631391, 37.392697143493258 ], [ -5.91504276731377, 37.39403410462171 ], [ -5.91502453675899, 37.39401189330794 ], [ -5.914716178485827, 37.39360049152365 ], [ -5.914395869483098, 37.393047472520578 ], [ -5.914296437307451, 37.392795370749639 ], [ -5.914199486921636, 37.392360743652461 ], [ -5.914182760369635, 37.392174200351548 ], [ -5.914177563299925, 37.391935539244443 ], [ -5.91421271147464, 37.391549470071389 ], [ -5.914188502309067, 37.390671490453656 ], [ -5.920091927024243, 37.390692400465809 ], [ -5.920040166762723, 37.390984400293114 ], [ -5.920000657298734, 37.391848173569812 ] ] ], [ [ [ -5.980163431551389, 37.394619744980865 ], [ -5.980190267646212, 37.394632633488371 ], [ -5.98012072732147, 37.394704195512915 ], [ -5.978572452934119, 37.395590239458166 ], [ -5.978008262030928, 37.395113339465084 ], [ -5.979607365554751, 37.39375754614499 ], [ -5.980504183574751, 37.394147123570036 ], [ -5.980163431551389, 37.394619744980865 ] ] ], [ [ [ -5.985552355296853, 37.398639815537756 ], [ -5.98591468869399, 37.398551825345983 ], [ -5.986208493911361, 37.398445291583897 ], [ -5.986669399105876, 37.398239937765126 ], [ -5.987011247305676, 37.398244804417345 ], [ -5.987261005628318, 37.398308322097151 ], [ -5.987571659466715, 37.398363524202658 ], [ -5.987573982945938, 37.398390479170835 ], [ -5.988007804151081, 37.398334486024957 ], [ -5.988134631106586, 37.398831325758351 ], [ -5.988270412588096, 37.399165827636196 ], [ -5.988316648699581, 37.399423689724024 ], [ -5.988500925442414, 37.400070028098924 ], [ -5.988556933281613, 37.400257829777964 ], [ -5.988267303319502, 37.40028316590967 ], [ -5.988059717620984, 37.400281661478438 ], [ -5.987362623976788, 37.400236212046408 ], [ -5.987395244443853, 37.399800626594967 ], [ -5.987136664163747, 37.399746337549118 ], [ -5.986643744344166, 37.399686717517376 ], [ -5.985418367066545, 37.399546490401562 ], [ -5.985574974555891, 37.398724848077741 ], [ -5.985552355296853, 37.398639815537756 ] ] ], [ [ [ -5.981969802396187, 37.411162369504815 ], [ -5.982015816594964, 37.411111682128286 ], [ -5.983591673041274, 37.411256581549672 ], [ -5.983850557811437, 37.411896577204381 ], [ -5.983654276057258, 37.41269218265284 ], [ -5.983650638451786, 37.412692348422908 ], [ -5.983433671632417, 37.412702253742225 ], [ -5.983081423987779, 37.41276521805392 ], [ -5.982909291956798, 37.412816876866302 ], [ -5.981446338985209, 37.411898708279267 ], [ -5.981197298138914, 37.411706749398213 ], [ -5.980983287115319, 37.411491388497531 ], [ -5.980865630231553, 37.411345680354309 ], [ -5.980683010700532, 37.41101242334063 ], [ -5.981969802396187, 37.411162369504815 ] ] ], [ [ [ -5.965322133909468, 37.417486480989211 ], [ -5.965353055828143, 37.417468320523376 ], [ -5.965984976682849, 37.417097106575255 ], [ -5.966603457078297, 37.416671582971183 ], [ -5.966661196284402, 37.416625640223373 ], [ -5.966881855578667, 37.416498215938326 ], [ -5.967259018808758, 37.416191373734144 ], [ -5.967529372548399, 37.415971424244667 ], [ -5.96762601380813, 37.415796330515263 ], [ -5.966834379344599, 37.415285707490575 ], [ -5.967048011179535, 37.415150467049372 ], [ -5.967275085570319, 37.414996951126369 ], [ -5.967944320821298, 37.415595224816563 ], [ -5.967784818614764, 37.415794725688208 ], [ -5.967796810835033, 37.415947004570107 ], [ -5.967906940283955, 37.416010990720522 ], [ -5.968228299720063, 37.415974306964856 ], [ -5.968527809907637, 37.417049143725983 ], [ -5.969806137896388, 37.416846008438789 ], [ -5.96980741159827, 37.416843392174108 ], [ -5.969939044907143, 37.416823468720182 ], [ -5.96963444136553, 37.417369399814291 ], [ -5.969416433410569, 37.417298590607516 ], [ -5.969293705639795, 37.417521009218476 ], [ -5.969475881534357, 37.417592719471891 ], [ -5.969431453063449, 37.417669551578136 ], [ -5.969408882172597, 37.417662107680073 ], [ -5.968916464670507, 37.418611543296841 ], [ -5.96709554536888, 37.418022083251365 ], [ -5.966519002847785, 37.419131339714731 ], [ -5.965733286959718, 37.418873970254801 ], [ -5.965871891558273, 37.418606918022206 ], [ -5.965574622918989, 37.418504046237167 ], [ -5.965596393540189, 37.418460674017062 ], [ -5.964847434215082, 37.418222689094961 ], [ -5.964432874945103, 37.418059608472369 ], [ -5.964812947754198, 37.417831586904853 ], [ -5.965027546383279, 37.417688797343885 ], [ -5.965115668983443, 37.417607736071943 ], [ -5.965322133909468, 37.417486480989211 ] ] ] ] } },
{ "type": "Feature", "properties": { "viviendas": 5123, "n_flats": 86, "n_rooms": 21, "n_all": 107, "ratio_flats": 1.6787038844427093, "ratio_rooms": 0.40991606480577786, "ratio": 2.0886199492484874, "mean_price": 120.24, "mean_revenue": 685.87166666666667, "profit": 87.070246740685434, "net_profit": 1.0, "ingresos_medios": 14434.908195934149 }, "geometry": { "type": "MultiPolygon", "coordinates": [ [ [ [ -5.983016492493489, 37.345253887026857 ], [ -5.98299681802413, 37.345177739864056 ], [ -5.987374057526336, 37.349779695980168 ], [ -5.98754109798597, 37.349975971242507 ], [ -5.988112318174437, 37.350776974455407 ], [ -5.988696511691648, 37.351705549759153 ], [ -5.988723334935956, 37.35187433171501 ], [ -5.988418491454309, 37.351618480951345 ], [ -5.988172729003194, 37.351584155108448 ], [ -5.98662941968003, 37.352082676512765 ], [ -5.986571012868153, 37.3521539785717 ], [ -5.984722266406457, 37.352653460569165 ], [ -5.983991215968859, 37.352937700917877 ], [ -5.983973457940307, 37.352939474736374 ], [ -5.984215960309819, 37.352088023040309 ], [ -5.984364913471993, 37.351626520437044 ], [ -5.984366133365297, 37.351054312963271 ], [ -5.984218113795281, 37.350333292911294 ], [ -5.984180659488825, 37.349990932172112 ], [ -5.984148362422561, 37.349861592483379 ], [ -5.984169220470419, 37.349858770834153 ], [ -5.983692019388324, 37.347868407019988 ], [ -5.983016492493489, 37.345253887026857 ] ] ], [ [ [ -5.969028054912089, 37.373002354323759 ], [ -5.968854653986875, 37.372308392741196 ], [ -5.97073666094552, 37.372024571375377 ], [ -5.972421977924966, 37.373435175490968 ], [ -5.972254736394598, 37.37343938049429 ], [ -5.97213847759262, 37.373440033153571 ], [ -5.970656325242984, 37.373155166557858 ], [ -5.969553788458173, 37.37293959946431 ], [ -5.969241374829606, 37.372954182871759 ], [ -5.969028054912089, 37.373002354323759 ] ] ], [ [ [ -5.972951755167665, 37.377215251638276 ], [ -5.972945192309715, 37.37715684851495 ], [ -5.972960388828541, 37.377113635001486 ], [ -5.973054484959166, 37.377034684271834 ], [ -5.973528160637742, 37.376729951003369 ], [ -5.975086835130095, 37.377177290980164 ], [ -5.974878034020631, 37.377817770669509 ], [ -5.974465572376144, 37.377738077742166 ], [ -5.972233744453272, 37.379003861028281 ], [ -5.971646504488769, 37.378367588293173 ], [ -5.972569652307118, 37.377846579917403 ], [ -5.972709688101017, 37.377903896769098 ], [ -5.972894106701962, 37.378115478022259 ], [ -5.973264624409466, 37.377914685540794 ], [ -5.973302323274694, 37.377855165078962 ], [ -5.973300991374804, 37.377821427629534 ], [ -5.973274254380977, 37.377783827737858 ], [ -5.973017427647735, 37.377610037606921 ], [ -5.973159197141667, 37.377532139938268 ], [ -5.972998087723511, 37.377322225261324 ], [ -5.972951755167665, 37.377215251638276 ] ] ], [ [ [ -6.00687944510793, 37.377604964505103 ], [ -6.006379969831078, 37.377865460080152 ], [ -6.006619418447793, 37.378109431241647 ], [ -6.005914776112897, 37.378528306972235 ], [ -6.004923831211459, 37.377512792753585 ], [ -6.004372424280985, 37.377851166126383 ], [ -6.003678044381425, 37.376988092438467 ], [ -6.005561142980862, 37.376021117323589 ], [ -6.00596342231821, 37.376477221521348 ], [ -6.00687944510793, 37.377604964505103 ] ] ], [ [ [ -5.958197330940433, 37.385055130566116 ], [ -5.958270694002701, 37.384523883180975 ], [ -5.958325112749745, 37.384529275055286 ], [ -5.958348041297537, 37.384355276377569 ], [ -5.959144058547246, 37.384429944101448 ], [ -5.958905096717106, 37.38650158973131 ], [ -5.958632108123046, 37.386452120137712 ], [ -5.957535580592812, 37.385339706431445 ], [ -5.957922806288708, 37.385091266522345 ], [ -5.957931781499252, 37.385032450906046 ], [ -5.958197330940433, 37.385055130566116 ] ] ], [ [ [ -5.922981795348686, 37.388739540605123 ], [ -5.922893026083617, 37.389838420162519 ], [ -5.92333815028895, 37.389913234729832 ], [ -5.924115101675307, 37.390061824257657 ], [ -5.924114229946487, 37.390079924956808 ], [ -5.92421086407018, 37.390106142369056 ], [ -5.9251063053182, 37.390389140400764 ], [ -5.925597343961003, 37.390415128444062 ], [ -5.926095486417291, 37.392027244655068 ], [ -5.926088987145125, 37.392022456028847 ], [ -5.923088452237216, 37.393393931453687 ], [ -5.921391673886809, 37.391138308167562 ], [ -5.92138210374762, 37.39065053702646 ], [ -5.920091927024243, 37.390692400465809 ], [ -5.92017494823884, 37.3902242276924 ], [ -5.920295797875533, 37.389770247990405 ], [ -5.920299121364573, 37.389717858519795 ], [ -5.921127017704451, 37.389791436001595 ], [ -5.921128664405805, 37.38977029935706 ], [ -5.921851626289416, 37.389797424233805 ], [ -5.921939670673376, 37.388679490092322 ], [ -5.922981795348686, 37.388739540605123 ] ] ], [ [ [ -5.978008262030928, 37.395113339465084 ], [ -5.978572452934119, 37.395590239458166 ], [ -5.98012072732147, 37.394704195512915 ], [ -5.980190267646212, 37.394632633488371 ], [ -5.981233725205459, 37.395119911187074 ], [ -5.981198136921974, 37.395170316178856 ], [ -5.978390360735171, 37.396768388573733 ], [ -5.978287615604741, 37.396624585334827 ], [ -5.978256219418145, 37.396638864802824 ], [ -5.977805789292862, 37.395994714692868 ], [ -5.977474670713177, 37.395527793131926 ], [ -5.977475256897568, 37.395527337739679 ], [ -5.978008262030928, 37.395113339465084 ] ] ], [ [ [ -5.983122964594449, 37.396527377077383 ], [ -5.984003400346666, 37.396074947395455 ], [ -5.985024464339202, 37.395524309093126 ], [ -5.985271985275249, 37.395777088514428 ], [ -5.985546963315494, 37.395524621909921 ], [ -5.986272219352176, 37.395071536008636 ], [ -5.986463193990812, 37.394983355169927 ], [ -5.986515441742061, 37.394876171685461 ], [ -5.987344818312998, 37.394778625288836 ], [ -5.987977802980401, 37.394845943101323 ], [ -5.98793328029222, 37.394995744716184 ], [ -5.987971265032386, 37.395521903264296 ], [ -5.987845843771543, 37.396189578941197 ], [ -5.986742211089526, 37.396170162096425 ], [ -5.98657323437785, 37.396194733025865 ], [ -5.986099456754298, 37.396226983072175 ], [ -5.985987803884468, 37.396747880659298 ], [ -5.985232934414014, 37.398141026656219 ], [ -5.985224524269095, 37.398125479655491 ], [ -5.984394181289084, 37.39788290086436 ], [ -5.984212518989453, 37.397801920818686 ], [ -5.983877891649995, 37.398459093405968 ], [ -5.983243303652524, 37.398049363231458 ], [ -5.983040279234036, 37.397883312063499 ], [ -5.982946295275124, 37.397764039464064 ], [ -5.982839570290424, 37.397663117776425 ], [ -5.982818318707231, 37.397580302755159 ], [ -5.982411291761116, 37.397137801939245 ], [ -5.98223187436926, 37.397040966514524 ], [ -5.982742094517264, 37.396771275584832 ], [ -5.982891281096599, 37.396661623556149 ], [ -5.983122964594449, 37.396527377077383 ] ] ], [ [ [ -5.979786896574439, 37.408838708033016 ], [ -5.98027266552781, 37.410011349809494 ], [ -5.979172049385232, 37.410304902126143 ], [ -5.978631650353758, 37.408969200680566 ], [ -5.97885227887259, 37.408902814760616 ], [ -5.978772933663064, 37.40873585625976 ], [ -5.978719488664514, 37.408701184134017 ], [ -5.978646083097694, 37.4086917394674 ], [ -5.978817377783187, 37.408658156301755 ], [ -5.979583966953881, 37.408670365844273 ], [ -5.979751189634958, 37.408747270052736 ], [ -5.979786896574439, 37.408838708033016 ] ] ], [ [ [ -5.972956760087033, 37.418832096654285 ], [ -5.972462843816541, 37.419781364155995 ], [ -5.968916464670507, 37.418611543296841 ], [ -5.969408882172597, 37.417662107680073 ], [ -5.969431453063449, 37.417669551578136 ], [ -5.970804928401691, 37.418122490624867 ], [ -5.972956760087033, 37.418832096654285 ] ] ] ] } },
{ "type": "Feature", "properties": { "viviendas": 4790, "n_flats": 57, "n_rooms": 13, "n_all": 70, "ratio_flats": 1.1899791231732777, "ratio_rooms": 0.27139874739039666, "ratio": 1.4613778705636744, "mean_price": 103.77272727272727, "mean_revenue": 583.55934343434342, "profit": -15.021255315196072, "net_profit": -1.0, "ingresos_medios": 15142.68769249813 }, "geometry": { "type": "MultiPolygon", "coordinates": [ [ [ [ -5.969100672131524, 37.373667306156314 ], [ -5.969028054912089, 37.373002354323759 ], [ -5.969241374829606, 37.372954182871759 ], [ -5.969553788458173, 37.37293959946431 ], [ -5.970656325242984, 37.373155166557858 ], [ -5.970431269400056, 37.373960506535354 ], [ -5.97042993201581, 37.374185797315747 ], [ -5.970397970141791, 37.374283445400494 ], [ -5.970331838150151, 37.374368499530135 ], [ -5.970263766691431, 37.374525627179167 ], [ -5.969924157735221, 37.375013950580097 ], [ -5.969825939166747, 37.375099787471285 ], [ -5.96974248046788, 37.375113142925606 ], [ -5.969680605539378, 37.375279134181007 ], [ -5.970256775038259, 37.375390768199978 ], [ -5.970434382236006, 37.375395364679541 ], [ -5.970515355361822, 37.375300954685471 ], [ -5.970853069262232, 37.375355522686156 ], [ -5.971790273636586, 37.37554596670266 ], [ -5.971784218010376, 37.375606944440634 ], [ -5.971539405612293, 37.376158232444382 ], [ -5.970264443073391, 37.375791568097831 ], [ -5.968205850381441, 37.375183257055454 ], [ -5.969086578611287, 37.373726215087991 ], [ -5.969100672131524, 37.373667306156314 ] ] ], [ [ [ -5.956381282268182, 37.381412982073506 ], [ -5.957059447805228, 37.381465864468694 ], [ -5.957082700594204, 37.381276062120349 ], [ -5.958449784856757, 37.381372490891174 ], [ -5.958883796973104, 37.381852709770484 ], [ -5.958486618425325, 37.382112713775058 ], [ -5.957089182727605, 37.383066718505127 ], [ -5.956881889147326, 37.382900731549 ], [ -5.955559782187082, 37.382800853286035 ], [ -5.955688480695357, 37.381804246394438 ], [ -5.956323100786824, 37.38185822585023 ], [ -5.956381282268182, 37.381412982073506 ] ] ], [ [ [ -5.97373959540869, 37.388032743319393 ], [ -5.973731246831594, 37.387933878931406 ], [ -5.974908558166715, 37.387904251759444 ], [ -5.975037065607413, 37.387882951470104 ], [ -5.975885442358334, 37.387861593189626 ], [ -5.976158685094232, 37.387877279453868 ], [ -5.976319168763349, 37.387916015594136 ], [ -5.976318064625442, 37.38800389964382 ], [ -5.976197484327605, 37.388398885546913 ], [ -5.976343009331711, 37.388492065757212 ], [ -5.97686959873329, 37.388904556002956 ], [ -5.976386155674996, 37.389274915159994 ], [ -5.975641974603593, 37.389888329595763 ], [ -5.975410690153426, 37.390096919536369 ], [ -5.975390730509532, 37.390114919919135 ], [ -5.975382459818667, 37.390122377249476 ], [ -5.974947252676949, 37.389973550415654 ], [ -5.974934575472131, 37.389969215643376 ], [ -5.974043554307369, 37.389259779360856 ], [ -5.973984691791096, 37.389212910050254 ], [ -5.973960987312874, 37.38919403567747 ], [ -5.973644010373942, 37.388940694267887 ], [ -5.97373959540869, 37.388032743319393 ] ] ], [ [ [ -5.920034102259078, 37.39202514860041 ], [ -5.920000657298734, 37.391848173569812 ], [ -5.920040166762723, 37.390984400293114 ], [ -5.920091927024243, 37.390692400465809 ], [ -5.92138210374762, 37.39065053702646 ], [ -5.921391673886809, 37.391138308167562 ], [ -5.923088452237216, 37.393393931453687 ], [ -5.926088987145125, 37.392022456028847 ], [ -5.926095486417291, 37.392027244655068 ], [ -5.926310189769595, 37.392185440988754 ], [ -5.926533390117459, 37.39239617339485 ], [ -5.92801664603904, 37.394427351357699 ], [ -5.928004630340905, 37.394432883468887 ], [ -5.924230867990627, 37.396170291811927 ], [ -5.923145618533742, 37.396669894162251 ], [ -5.921367164618573, 37.394199945064685 ], [ -5.920235305628078, 37.392617244927415 ], [ -5.920072735669128, 37.392229324036094 ], [ -5.920034102259078, 37.39202514860041 ] ] ], [ [ [ -5.988993814678225, 37.421851455731847 ], [ -5.988932453746827, 37.421566426997167 ], [ -5.988858284080774, 37.42122190037167 ], [ -5.988674609541771, 37.420625117062862 ], [ -5.98859868565313, 37.419962516893818 ], [ -5.98858541516141, 37.419273566698905 ], [ -5.988674335117203, 37.418451381244644 ], [ -5.988813879509827, 37.417641389963308 ], [ -5.989005375454903, 37.416713012340452 ], [ -5.989322959250083, 37.416078746813881 ], [ -5.989551988374959, 37.415419708171136 ], [ -5.989917818557577, 37.414543165911283 ], [ -5.990209729250685, 37.41394785998051 ], [ -5.990492375462717, 37.413420361711076 ], [ -5.990550947678559, 37.413344547986597 ], [ -5.990356084120132, 37.413340491536957 ], [ -5.990704283638869, 37.41281581685665 ], [ -5.990929107654259, 37.412477709432501 ], [ -5.991363974493539, 37.411823716496116 ], [ -5.992711857145535, 37.409791559753494 ], [ -5.993238219160547, 37.408998833107326 ], [ -5.994393952188212, 37.40768780599992 ], [ -5.994964481208743, 37.40704092542439 ], [ -5.99732015029407, 37.404369867663867 ], [ -5.999106460958386, 37.402315243187147 ], [ -6.001976088083473, 37.399280226664914 ], [ -6.003099110207406, 37.398089376908707 ], [ -6.00322780679159, 37.397953185257485 ], [ -6.003264855157258, 37.397965754733534 ], [ -6.005343951595818, 37.395721129146501 ], [ -6.005904515601777, 37.394889172133567 ], [ -6.00609456543302, 37.394607281911206 ], [ -6.006489684110381, 37.393635391146773 ], [ -6.006588486301697, 37.392985232860902 ], [ -6.006604122536005, 37.392882338152106 ], [ -6.00665740289213, 37.391804233426136 ], [ -6.006422254543726, 37.390361782502325 ], [ -6.008018003778795, 37.390192798477791 ], [ -6.007828019849116, 37.389213244733305 ], [ -6.007741331589921, 37.388652293239296 ], [ -6.007747399874776, 37.388577811629894 ], [ -6.008117551333505, 37.388665270993869 ], [ -6.009860196944433, 37.389179520672123 ], [ -6.010383366350339, 37.389290088040951 ], [ -6.010531254656923, 37.389304369610919 ], [ -6.010963205722579, 37.389309124121496 ], [ -6.011783766951307, 37.389301722989593 ], [ -6.012105167107078, 37.389264266693701 ], [ -6.012477883990518, 37.389155635139879 ], [ -6.012591696050564, 37.389107673186174 ], [ -6.012837459820392, 37.38895726909972 ], [ -6.012996266944885, 37.38880229271647 ], [ -6.013782455683407, 37.388779994019778 ], [ -6.013903102723951, 37.38744337762823 ], [ -6.01398175839953, 37.386071790932242 ], [ -6.014019929647043, 37.385478376022505 ], [ -6.014132223237504, 37.383907720589008 ], [ -6.014216027484752, 37.382736459474849 ], [ -6.012848838756925, 37.382699239725817 ], [ -6.012393162819058, 37.382661329300383 ], [ -6.012038808086917, 37.382627547037472 ], [ -6.012157667847267, 37.381065734517826 ], [ -6.014104430736215, 37.381160280791953 ], [ -6.014221560134492, 37.381150518632282 ], [ -6.014339560971537, 37.381102448324746 ], [ -6.014379017796371, 37.380738760100598 ], [ -6.014466839821906, 37.379319642936302 ], [ -6.01449752558042, 37.378886389013779 ], [ -6.014589409900037, 37.377674414962954 ], [ -6.014675772062799, 37.376525617597217 ], [ -6.014736446554655, 37.376195196258102 ], [ -6.014797979104811, 37.376017933213923 ], [ -6.014855583233961, 37.375888070345539 ], [ -6.014953585392224, 37.375507111421072 ], [ -6.015010624483176, 37.374433406987357 ], [ -6.014990271440057, 37.373987930229909 ], [ -6.014949946929179, 37.373689390775603 ], [ -6.014867755146106, 37.373380623899784 ], [ -6.014746642845695, 37.373052568098458 ], [ -6.014593434563917, 37.372734372170427 ], [ -6.014202440241913, 37.372039261804275 ], [ -6.015523609074016, 37.371690196463064 ], [ -6.015304211327437, 37.369037727947649 ], [ -6.015416414973947, 37.368676724941558 ], [ -6.015871555822837, 37.368813754111841 ], [ -6.016262528248144, 37.368824060503442 ], [ -6.018396258092575, 37.368476779198673 ], [ -6.021207384200095, 37.367976932075322 ], [ -6.021830505264474, 37.367969932088833 ], [ -6.021798569460501, 37.368063127535819 ], [ -6.021668435159061, 37.368442677830885 ], [ -6.021597117867639, 37.368633723746449 ], [ -6.021410682169461, 37.369053003712779 ], [ -6.020999059434669, 37.369486972826678 ], [ -6.0195015777701, 37.370993934660625 ], [ -6.019453476412529, 37.37120242972933 ], [ -6.019578482812001, 37.371505557792531 ], [ -6.020440482331236, 37.372447624180865 ], [ -6.020626703332272, 37.372587076696533 ], [ -6.021005047388061, 37.372730569111738 ], [ -6.021247656565341, 37.372868524881511 ], [ -6.021250805905287, 37.373228873061116 ], [ -6.021290802274627, 37.373381013308602 ], [ -6.021510824247995, 37.373519581151669 ], [ -6.021557711620483, 37.373842751570486 ], [ -6.0216988240073, 37.373983323315571 ], [ -6.02198731262615, 37.374138093704794 ], [ -6.021950874562404, 37.374355315381287 ], [ -6.021720034945745, 37.37479372362543 ], [ -6.022318464090404, 37.375075742594305 ], [ -6.022398808894289, 37.375389037203909 ], [ -6.021637433884012, 37.376111332458628 ], [ -6.021535833914334, 37.376393219285546 ], [ -6.021632485638547, 37.376832261072899 ], [ -6.022184223656977, 37.377638124798651 ], [ -6.02202975572813, 37.378290794163277 ], [ -6.021807242455367, 37.37893622459621 ], [ -6.02179365697025, 37.379441156282944 ], [ -6.021836791634075, 37.379953639737742 ], [ -6.022056753219919, 37.380650828794515 ], [ -6.022390657460376, 37.381092825966462 ], [ -6.022979214571505, 37.381690472989931 ], [ -6.023895916306746, 37.383816381287055 ], [ -6.024535627527142, 37.385299846360461 ], [ -6.024641417156529, 37.385684584044036 ], [ -6.024950634771759, 37.388081611558256 ], [ -6.024953061270974, 37.388100419246577 ], [ -6.024910309235344, 37.388723200460007 ], [ -6.02482525611249, 37.389977812160915 ], [ -6.024824215419974, 37.390127550244756 ], [ -6.024812047656129, 37.391897358298174 ], [ -6.024712275793203, 37.392224298281626 ], [ -6.024424668174388, 37.392655104910958 ], [ -6.023821113269379, 37.39337336260067 ], [ -6.023376852133982, 37.393784055166151 ], [ -6.023189576909243, 37.393957195573421 ], [ -6.022893276745708, 37.394172004891651 ], [ -6.022377866793245, 37.394554639998567 ], [ -6.021955929167263, 37.395015908076765 ], [ -6.021003717016426, 37.395770116036211 ], [ -6.019685390059323, 37.396556089079688 ], [ -6.019503663122391, 37.396664430683941 ], [ -6.019198960556603, 37.396951523606873 ], [ -6.018728501757446, 37.397891645560179 ], [ -6.018094592118574, 37.399827061451944 ], [ -6.01787615581923, 37.400012819799038 ], [ -6.017342904187768, 37.400233683193193 ], [ -6.015979775551638, 37.400601836575511 ], [ -6.015682331129222, 37.400789661237354 ], [ -6.01552168315904, 37.401289321791367 ], [ -6.015444720208039, 37.402750931753907 ], [ -6.015680693303845, 37.404411824536886 ], [ -6.01563565410375, 37.40525997892145 ], [ -6.015351493757288, 37.406060127468805 ], [ -6.015041899980913, 37.407635827765937 ], [ -6.014412008229386, 37.409111565352006 ], [ -6.013754633963789, 37.410182562123545 ], [ -6.013299012484169, 37.411779975868569 ], [ -6.012690219303705, 37.413219161403504 ], [ -6.01239688723942, 37.414073626292151 ], [ -6.013109754434859, 37.414668113183822 ], [ -6.012307049708198, 37.415778848975286 ], [ -6.010110041214196, 37.415924965014376 ], [ -6.006782276194927, 37.416325055695744 ], [ -6.005172621552399, 37.416753450642922 ], [ -6.004136426295682, 37.417113156903092 ], [ -6.002832461144504, 37.417840127340483 ], [ -6.001310476542636, 37.419050130655556 ], [ -6.000006812967011, 37.419786033068149 ], [ -5.998977851530003, 37.420046433259444 ], [ -5.997808056678714, 37.420175215009259 ], [ -5.996010034721314, 37.420130729929944 ], [ -5.995848102471823, 37.420603383667405 ], [ -5.995902251150359, 37.421394928664576 ], [ -5.995763250865711, 37.421875984100453 ], [ -5.995246611123405, 37.422519835702637 ], [ -5.994686062439057, 37.422912479937857 ], [ -5.99209822675332, 37.423902421768304 ], [ -5.990231584457432, 37.423835359078083 ], [ -5.989976428416499, 37.423495781239581 ], [ -5.989428986742693, 37.422664901346991 ], [ -5.989427456163201, 37.422662040491389 ], [ -5.988993814678225, 37.421851455731847 ] ] ], [ [ [ -5.978256219418145, 37.396638864802824 ], [ -5.978287615604741, 37.396624585334827 ], [ -5.978390360735171, 37.396768388573733 ], [ -5.978399009496889, 37.396781730588756 ], [ -5.975927476613166, 37.397706706408265 ], [ -5.975399847358314, 37.397041960539546 ], [ -5.976848457982398, 37.396390522362019 ], [ -5.977805789292862, 37.395994714692868 ], [ -5.978256219418145, 37.396638864802824 ] ] ], [ [ [ -5.98191617168826, 37.398862249394618 ], [ -5.981744297632641, 37.398675132275777 ], [ -5.981607987878676, 37.398437551814986 ], [ -5.981495435976321, 37.397881736354854 ], [ -5.981450513462796, 37.397581010584247 ], [ -5.981453367201171, 37.397443534169831 ], [ -5.981459998297914, 37.397299208981281 ], [ -5.981532769112357, 37.397148674158323 ], [ -5.981801875338721, 37.396756711670477 ], [ -5.98223187436926, 37.397040966514524 ], [ -5.982411291761116, 37.397137801939245 ], [ -5.982818318707231, 37.397580302755159 ], [ -5.982839570290424, 37.397663117776425 ], [ -5.982946295275124, 37.397764039464064 ], [ -5.983040279234036, 37.397883312063499 ], [ -5.983243303652524, 37.398049363231458 ], [ -5.983877891649995, 37.398459093405968 ], [ -5.983893766773613, 37.398783068281844 ], [ -5.983393725374095, 37.399550342387997 ], [ -5.982882990703119, 37.399362757311508 ], [ -5.982405911976369, 37.399165260162583 ], [ -5.982111082437724, 37.399001525066652 ], [ -5.98191617168826, 37.398862249394618 ] ] ], [ [ [ -5.977007971434759, 37.409417825234186 ], [ -5.976913902738306, 37.40975133703526 ], [ -5.976055341479031, 37.409633310280803 ], [ -5.976092118776333, 37.409443143185342 ], [ -5.976674693906214, 37.40950505326002 ], [ -5.976734738459353, 37.409113844587665 ], [ -5.978058548385202, 37.408629968590454 ], [ -5.978259443460945, 37.408658730336725 ], [ -5.978646083097694, 37.4086917394674 ], [ -5.978719488664514, 37.408701184134017 ], [ -5.978772933663064, 37.40873585625976 ], [ -5.97885227887259, 37.408902814760616 ], [ -5.978631650353758, 37.408969200680566 ], [ -5.979172049385232, 37.410304902126143 ], [ -5.978538275545255, 37.4104492585221 ], [ -5.977665300490817, 37.410275288250553 ], [ -5.977840427304111, 37.409869938289894 ], [ -5.977390060795542, 37.409795642490501 ], [ -5.977463111133979, 37.409482937576108 ], [ -5.977007971434759, 37.409417825234186 ] ] ], [ [ [ -5.971426714028254, 37.421801233040938 ], [ -5.967867922918555, 37.420631455802393 ], [ -5.968139767365222, 37.420135838470301 ], [ -5.968916464670507, 37.418611543296841 ], [ -5.972462843816541, 37.419781364155995 ], [ -5.971426714028254, 37.421801233040938 ] ] ] ] } },
{ "type": "Feature", "properties": { "viviendas": 5079, "n_flats": 18, "n_rooms": 7, "n_all": 25, "ratio_flats": 0.3544004725339634, "ratio_rooms": 0.13782240598543019, "ratio": 0.49222287851939361, "mean_price": 579.31818181818187, "mean_revenue": 669.34090909090912, "profit": -15.503912528337764, "net_profit": -1.0, "ingresos_medios": 9787.7896197475657 }, "geometry": { "type": "MultiPolygon", "coordinates": [ [ [ [ -5.909920275251471, 37.36446349129411 ], [ -5.908993508822158, 37.364019951175798 ], [ -5.907946727978799, 37.363291051870739 ], [ -5.907048550537151, 37.362646386991415 ], [ -5.905966333256193, 37.361945374259257 ], [ -5.904336770623858, 37.361201475000712 ], [ -5.902469118849334, 37.359940783061766 ], [ -5.901440098084732, 37.359675459400648 ], [ -5.899356047374417, 37.359406714803427 ], [ -5.898213772082056, 37.359029190854308 ], [ -5.896589368395098, 37.358415745529101 ], [ -5.895992000292082, 37.358022656529414 ], [ -5.895314347006553, 37.357431012376622 ], [ -5.894571879808361, 37.357041450504688 ], [ -5.892528183280252, 37.35592910203119 ], [ -5.891562114832699, 37.355403044981401 ], [ -5.890641104812491, 37.35510567755923 ], [ -5.890054035784452, 37.354973633289084 ], [ -5.889137591228195, 37.354793290428134 ], [ -5.888439284022454, 37.354607576276557 ], [ -5.887551425033346, 37.35422152019391 ], [ -5.886660158323644, 37.353749933811621 ], [ -5.886101626864506, 37.353414414913793 ], [ -5.885870225676192, 37.353073168113532 ], [ -5.885445975098305, 37.352443760922981 ], [ -5.885181703360429, 37.352188862312829 ], [ -5.884844480977323, 37.351935801299035 ], [ -5.884401768078396, 37.351773152387565 ], [ -5.883587737625679, 37.351414549857047 ], [ -5.882927974289291, 37.351286472081377 ], [ -5.882336509196118, 37.351039542437618 ], [ -5.882037982115733, 37.350841832942912 ], [ -5.881358271382673, 37.350191616072806 ], [ -5.880623517226484, 37.350006783466007 ], [ -5.880210422491117, 37.349667674779347 ], [ -5.879872339724822, 37.349385316597811 ], [ -5.879611242537222, 37.349218204229459 ], [ -5.879007668401012, 37.3486517304434 ], [ -5.878498814818053, 37.348664116380604 ], [ -5.877340129541483, 37.348807184216582 ], [ -5.876696961883848, 37.34815601906741 ], [ -5.876018975377174, 37.347548542286482 ], [ -5.875033128145697, 37.346497973424896 ], [ -5.872671678902575, 37.344667583117243 ], [ -5.870441335379366, 37.343415189212578 ], [ -5.869103295910589, 37.342661481081421 ], [ -5.868300511015637, 37.342595340982712 ], [ -5.867347957660433, 37.342415685795402 ], [ -5.866541799809126, 37.342259503728002 ], [ -5.864924068537039, 37.341805423347211 ], [ -5.863319547648995, 37.341700077713604 ], [ -5.858531875420592, 37.342313698696756 ], [ -5.858394793108308, 37.342283239740105 ], [ -5.858185870658871, 37.34230809211747 ], [ -5.857977693248289, 37.342222227844118 ], [ -5.857567786753364, 37.342115476838622 ], [ -5.857271416103777, 37.342005981014381 ], [ -5.856873806269403, 37.341795237115662 ], [ -5.85660595393847, 37.34158135802042 ], [ -5.856303210140211, 37.341303512993697 ], [ -5.856134640353617, 37.341139081715617 ], [ -5.856063875616993, 37.340985250272709 ], [ -5.85599262266641, 37.340818469256817 ], [ -5.855964141142686, 37.340495114509622 ], [ -5.856001518034986, 37.340196093939149 ], [ -5.856056095897644, 37.339922581304016 ], [ -5.856203081655151, 37.33951722003296 ], [ -5.856336790289039, 37.339189949119429 ], [ -5.85647147730375, 37.338888578860868 ], [ -5.856667607895475, 37.338494990810979 ], [ -5.856816549316287, 37.33814142862964 ], [ -5.856970888276275, 37.337930314844854 ], [ -5.857035300982957, 37.337488061511507 ], [ -5.857054982280289, 37.337150583401815 ], [ -5.857057954733423, 37.336800545982356 ], [ -5.857055952692536, 37.336787088787119 ], [ -5.857323456232777, 37.336780623338214 ], [ -5.857123170452402, 37.335908097888364 ], [ -5.856930112844367, 37.335226129831071 ], [ -5.856949673726653, 37.334481802847307 ], [ -5.857272941544664, 37.334187891988684 ], [ -5.85766779967395, 37.3338922506492 ], [ -5.857901385121257, 37.333753091696558 ], [ -5.858064099712517, 37.333634718245044 ], [ -5.858027952279987, 37.333311348196588 ], [ -5.857922380786221, 37.333046875879923 ], [ -5.857699658219087, 37.332842455722052 ], [ -5.857335197128215, 37.332679606089108 ], [ -5.856591804247294, 37.332602206030884 ], [ -5.855331346981495, 37.332747095353405 ], [ -5.854233602097623, 37.332773603989359 ], [ -5.853254455256591, 37.332778166617025 ], [ -5.852341131327772, 37.332628547966053 ], [ -5.85214005696559, 37.332601450020967 ], [ -5.852120348345911, 37.332598794203015 ], [ -5.852123372284338, 37.332597234442517 ], [ -5.853905563932408, 37.331677848123171 ], [ -5.853952617395842, 37.331728475572092 ], [ -5.85402209145651, 37.331756107367902 ], [ -5.854174445032564, 37.331756931978866 ], [ -5.854365738444683, 37.331752316152283 ], [ -5.854524498108888, 37.331721431126581 ], [ -5.854924425525242, 37.331632943457791 ], [ -5.854978567746502, 37.331624883154959 ], [ -5.855411889783531, 37.331562625601585 ], [ -5.855486931642405, 37.331551790414018 ], [ -5.855692322121912, 37.331522065380646 ], [ -5.855805745796346, 37.331501315336148 ], [ -5.855871650947064, 37.331490699716589 ], [ -5.856057876107202, 37.331468195234287 ], [ -5.856230504844954, 37.331445996425963 ], [ -5.856387036298652, 37.331430976044508 ], [ -5.856579766795865, 37.331417261424392 ], [ -5.856708471350539, 37.331411905015422 ], [ -5.8568664772249, 37.331421650974363 ], [ -5.857047400015442, 37.331469043848102 ], [ -5.857687670104779, 37.331577480664741 ], [ -5.857889134393109, 37.331613194019276 ], [ -5.857788759850338, 37.332021090863471 ], [ -5.858208867578004, 37.332042497207112 ], [ -5.858698811283656, 37.331893234045381 ], [ -5.859179038978971, 37.331737445666079 ], [ -5.859809252748571, 37.331264900087604 ], [ -5.859113095271693, 37.329905076103159 ], [ -5.859087036968752, 37.329854174576219 ], [ -5.85907347600833, 37.329827465228739 ], [ -5.859044563203027, 37.329771841610629 ], [ -5.859042087828553, 37.329769738850231 ], [ -5.859045778143175, 37.329767458145781 ], [ -5.859150274910625, 37.329702888000391 ], [ -5.859355107858859, 37.329576317064593 ], [ -5.859740154321114, 37.329373061293737 ], [ -5.859834164928479, 37.329293294969681 ], [ -5.860780000180271, 37.329041533526095 ], [ -5.861537819394285, 37.32887060753788 ], [ -5.862866625282821, 37.32747536914485 ], [ -5.862953268662555, 37.327423741528165 ], [ -5.863462138119047, 37.327144393097228 ], [ -5.86436104824003, 37.326818629518407 ], [ -5.864612381470132, 37.326812539933336 ], [ -5.865644922830682, 37.326329760928623 ], [ -5.869378672575671, 37.324026715414817 ], [ -5.872183915071095, 37.322432747698578 ], [ -5.872930022320301, 37.321956864614613 ], [ -5.872798656464047, 37.321771861033142 ], [ -5.873415982846803, 37.321313257543132 ], [ -5.873750357386248, 37.321029448928165 ], [ -5.875359188405085, 37.319663872311686 ], [ -5.877247061484757, 37.316566243842402 ], [ -5.8794298028114, 37.313690284218083 ], [ -5.881288903367623, 37.312348023295598 ], [ -5.88163858636026, 37.311500284380308 ], [ -5.882286188761267, 37.310950452375522 ], [ -5.883318396112412, 37.3104675316482 ], [ -5.884446014788925, 37.309982274634322 ], [ -5.886307849771766, 37.308716163062385 ], [ -5.888557142511438, 37.307593142820757 ], [ -5.8917255083706, 37.305532099746912 ], [ -5.8981278570334, 37.30064523506023 ], [ -5.900555828974196, 37.29921244432289 ], [ -5.905010778936968, 37.297514175510713 ], [ -5.905547142381959, 37.297934783353625 ], [ -5.905995967997985, 37.298167020296034 ], [ -5.905930769574968, 37.298817447490094 ], [ -5.906864822203393, 37.299055793167923 ], [ -5.908606456956484, 37.299175184218811 ], [ -5.911080071577516, 37.299555854411452 ], [ -5.912560572732589, 37.299924891794355 ], [ -5.914332991299081, 37.300548060687802 ], [ -5.915277496264072, 37.301056409374567 ], [ -5.916192927321177, 37.301394308945142 ], [ -5.916547285327184, 37.302582419485148 ], [ -5.916646460788418, 37.302914934277595 ], [ -5.917971418864633, 37.305675572567473 ], [ -5.918609407349007, 37.306714090108343 ], [ -5.919129955534239, 37.307341005767562 ], [ -5.918680962152993, 37.308257980905495 ], [ -5.918669965816729, 37.308280437907939 ], [ -5.916948814759678, 37.308403975154121 ], [ -5.915783303306413, 37.30860391871002 ], [ -5.91556542614752, 37.309095883716104 ], [ -5.914923982076621, 37.310012755389359 ], [ -5.9139538020971, 37.311181037331146 ], [ -5.913648139369015, 37.311738199527539 ], [ -5.91317242516516, 37.312858199453146 ], [ -5.912572157078436, 37.313674949570085 ], [ -5.911645785834205, 37.315103445040187 ], [ -5.910819945495731, 37.316214057631363 ], [ -5.909426005341385, 37.317807191433481 ], [ -5.908825681383601, 37.318623906754894 ], [ -5.907995064490605, 37.31990579968496 ], [ -5.907392810526448, 37.320965871701226 ], [ -5.906508556366131, 37.322906879560598 ], [ -5.906040497033298, 37.323936592634105 ], [ -5.905741510346477, 37.324376423162278 ], [ -5.905072734936335, 37.325176806294714 ], [ -5.9047574670944, 37.325779263014375 ], [ -5.904312425259311, 37.327114776264281 ], [ -5.904275776142148, 37.327629281931536 ], [ -5.903816853611739, 37.328604674598544 ], [ -5.904322065848439, 37.329123911726207 ], [ -5.904810452643962, 37.329499356823518 ], [ -5.904874810385562, 37.329705031010612 ], [ -5.905229472587662, 37.331002894099633 ], [ -5.905631462866093, 37.331479575075441 ], [ -5.907760284865983, 37.333427606901594 ], [ -5.908097476608159, 37.333977987209614 ], [ -5.909818306758696, 37.335584639970875 ], [ -5.911355980941063, 37.336537934342779 ], [ -5.91179763928793, 37.33686949321006 ], [ -5.913087371118421, 37.338414573794459 ], [ -5.913879453807156, 37.339052864646995 ], [ -5.915115064413257, 37.33977927761299 ], [ -5.915652125751644, 37.340243619708673 ], [ -5.922334340921632, 37.34697179640434 ], [ -5.922658137798384, 37.348045090220573 ], [ -5.922989072980732, 37.34872170869739 ], [ -5.923169054299575, 37.348976314755554 ], [ -5.923765276342941, 37.349819821529671 ], [ -5.924232142594788, 37.35037524769173 ], [ -5.92470013715425, 37.350932049604175 ], [ -5.925498277173607, 37.352011613441 ], [ -5.926069517791618, 37.352945068335316 ], [ -5.926655287429082, 37.353902240694765 ], [ -5.927335202449223, 37.354552181766493 ], [ -5.92745830429319, 37.354634406034506 ], [ -5.928818509807693, 37.355542677161644 ], [ -5.933698874037284, 37.358836690489866 ], [ -5.93413929239671, 37.359132131356645 ], [ -5.937211996013023, 37.361218351200208 ], [ -5.938588805734284, 37.362076191442512 ], [ -5.938977493338694, 37.362490040986167 ], [ -5.939072977101782, 37.362622820992122 ], [ -5.939563500198569, 37.363331462730038 ], [ -5.939863693387637, 37.363792570175185 ], [ -5.940489212479889, 37.364200489224039 ], [ -5.941209248537752, 37.364425873236407 ], [ -5.94532885725167, 37.36498108307665 ], [ -5.94823472809415, 37.365386234580569 ], [ -5.948421180345265, 37.365534769324768 ], [ -5.948417656962004, 37.36573306568021 ], [ -5.948335893372617, 37.365951385023678 ], [ -5.948083196867011, 37.366128859269395 ], [ -5.94783883487592, 37.366226373148315 ], [ -5.946530520801711, 37.366748464761606 ], [ -5.946095748765806, 37.366921948607711 ], [ -5.94591555941544, 37.36699385060632 ], [ -5.944513771166607, 37.367521461832339 ], [ -5.944386470514565, 37.36756940159902 ], [ -5.944089762583526, 37.367681063160518 ], [ -5.942967223313949, 37.368103503003589 ], [ -5.940751994743494, 37.36832983277052 ], [ -5.937203741753902, 37.368690834478329 ], [ -5.936298960839644, 37.368782897553395 ], [ -5.935571105155662, 37.368936107339415 ], [ -5.933906335422514, 37.369382933554107 ], [ -5.932844996584307, 37.369670567687187 ], [ -5.932422747648745, 37.369709812330591 ], [ -5.932350676645774, 37.369669286332218 ], [ -5.931992687212658, 37.369500084456575 ], [ -5.927721799778891, 37.368256740773631 ], [ -5.920112333865825, 37.367059534123023 ], [ -5.914369304219648, 37.36559059249165 ], [ -5.910703033560347, 37.364565836240537 ], [ -5.910325691994533, 37.364597656335675 ], [ -5.909920275251471, 37.36446349129411 ] ] ], [ [ [ -5.973929937547075, 37.35810868306357 ], [ -5.973915727125439, 37.358111288811763 ], [ -5.972528349772277, 37.358463822632764 ], [ -5.971607800619879, 37.355788326935077 ], [ -5.971564294008889, 37.355471777781773 ], [ -5.972652004967614, 37.355629152675498 ], [ -5.972951090566255, 37.35570046472521 ], [ -5.973929937547075, 37.35810868306357 ] ] ], [ [ [ -5.950113209157688, 37.376931441163713 ], [ -5.950297223197885, 37.376980862303228 ], [ -5.950543422395839, 37.377118913848754 ], [ -5.950619509080894, 37.377303987463385 ], [ -5.950686838019352, 37.377419411757273 ], [ -5.950799389575378, 37.37754051967655 ], [ -5.950912352817427, 37.377636815288795 ], [ -5.95164813328201, 37.378165849654707 ], [ -5.951434833554534, 37.378270290649311 ], [ -5.947846487841455, 37.378573791270192 ], [ -5.947858733849205, 37.378210835201173 ], [ -5.94799330663429, 37.377367252544047 ], [ -5.948065019832123, 37.377072608698413 ], [ -5.948904317821141, 37.377011133166476 ], [ -5.949665202070578, 37.376933595858212 ], [ -5.950113209157688, 37.376931441163713 ] ] ], [ [ [ -6.001412304485577, 37.37905943797896 ], [ -6.000887577318871, 37.378417262727979 ], [ -6.002365676831593, 37.377647608253454 ], [ -6.002392096600739, 37.377633430984488 ], [ -6.003569164289709, 37.379225385254799 ], [ -6.003904592550765, 37.379611097506604 ], [ -6.003943602906674, 37.379695696216956 ], [ -6.003053025367928, 37.380240939401517 ], [ -6.003037063282592, 37.380225590114073 ], [ -6.002172978744215, 37.379420814131841 ], [ -6.001625335789233, 37.37886705787966 ], [ -6.001412304485577, 37.37905943797896 ] ] ], [ [ [ -5.974920864998268, 37.387125117765081 ], [ -5.974935325154569, 37.38688634700916 ], [ -5.974962477644717, 37.386666329446619 ], [ -5.974997424563056, 37.386341216640858 ], [ -5.975029733996849, 37.385949415924451 ], [ -5.975173004615308, 37.385945808304832 ], [ -5.97537785404066, 37.385988331313861 ], [ -5.97550918481011, 37.385985023962874 ], [ -5.975516978621182, 37.385879928718211 ], [ -5.975521004340211, 37.385679566242629 ], [ -5.975545894025601, 37.385402387179674 ], [ -5.975666672754909, 37.385132330918026 ], [ -5.975892640033737, 37.384802405953138 ], [ -5.976004116128507, 37.384599337068181 ], [ -5.976064564742144, 37.384616887271186 ], [ -5.976501149657935, 37.384777541975211 ], [ -5.97667394908218, 37.384916232291303 ], [ -5.976620031594712, 37.385365795166798 ], [ -5.976526650335331, 37.386026150083225 ], [ -5.976480777746893, 37.386074986321354 ], [ -5.976485677942398, 37.386198834593365 ], [ -5.976477885487244, 37.386303929840025 ], [ -5.976471977690381, 37.386456658203443 ], [ -5.976452999143349, 37.38658110802708 ], [ -5.976513072501257, 37.386589130578628 ], [ -5.976931768192975, 37.386616665192406 ], [ -5.97686997731016, 37.387115990269216 ], [ -5.974913573447538, 37.387187624232453 ], [ -5.974920864998268, 37.387125117765081 ] ] ], [ [ [ -5.973400306040888, 37.397032230397087 ], [ -5.972845861258334, 37.397217835954493 ], [ -5.973283872071463, 37.398017394398238 ], [ -5.973744676591833, 37.397881825300828 ], [ -5.974003372187676, 37.398370134569717 ], [ -5.973406013752977, 37.398574390279691 ], [ -5.97326266045066, 37.398627161969486 ], [ -5.972964947480307, 37.398113630940742 ], [ -5.97212691938796, 37.398382660444852 ], [ -5.97152798587324, 37.397330531936561 ], [ -5.972288732830181, 37.396609789127012 ], [ -5.972862996229388, 37.396110320792872 ], [ -5.973400306040888, 37.397032230397087 ] ] ], [ [ [ -5.924989449676657, 37.397219651125148 ], [ -5.925247753245782, 37.397591724762194 ], [ -5.925491397401379, 37.397928789210624 ], [ -5.925805192815615, 37.39835961856987 ], [ -5.925898311792544, 37.398474036305039 ], [ -5.926007500591587, 37.39854561098749 ], [ -5.926150748044128, 37.398580973137662 ], [ -5.926365137508286, 37.398621646342313 ], [ -5.926713781169688, 37.398694366685227 ], [ -5.926786783339683, 37.39870414684605 ], [ -5.928136344130233, 37.400529608307629 ], [ -5.927116035798283, 37.400313286026986 ], [ -5.927057337009961, 37.400431845379423 ], [ -5.926949639232789, 37.400567453213824 ], [ -5.926811023026264, 37.400692496878293 ], [ -5.92667487263714, 37.400776990573178 ], [ -5.926234711543168, 37.400979380623731 ], [ -5.923145618533742, 37.396669894162251 ], [ -5.924230867990627, 37.396170291811927 ], [ -5.924628901540165, 37.396726310601501 ], [ -5.924989449676657, 37.397219651125148 ] ] ], [ [ [ -5.976596907661676, 37.409135359725909 ], [ -5.976734738459353, 37.409113844587665 ], [ -5.976674693906214, 37.40950505326002 ], [ -5.976092118776333, 37.409443143185342 ], [ -5.976055341479031, 37.409633310280803 ], [ -5.976913902738306, 37.40975133703526 ], [ -5.977007971434759, 37.409417825234186 ], [ -5.977463111133979, 37.409482937576108 ], [ -5.977390060795542, 37.409795642490501 ], [ -5.977840427304111, 37.409869938289894 ], [ -5.977665300490817, 37.410275288250553 ], [ -5.977427259344879, 37.410204702115657 ], [ -5.976873768144449, 37.41013302530498 ], [ -5.974891419624087, 37.409831559228792 ], [ -5.974738172582105, 37.409790369166799 ], [ -5.975005430301016, 37.408956916183357 ], [ -5.975019465521462, 37.408958577474166 ], [ -5.976449545101368, 37.409127799811067 ], [ -5.976596907661676, 37.409135359725909 ] ] ], [ [ [ -5.96617057864484, 37.420845271292407 ], [ -5.966075283736934, 37.420813909765741 ], [ -5.96640944711497, 37.420152256186121 ], [ -5.967867922918555, 37.420631455802393 ], [ -5.971426714028254, 37.421801233040938 ], [ -5.971159128488067, 37.422319303048759 ], [ -5.96761804849507, 37.421149114620128 ], [ -5.967294134091044, 37.421765416800163 ], [ -5.96605337537254, 37.421364059900078 ], [ -5.96608227357752, 37.421304762577819 ], [ -5.965945076847478, 37.421258676534613 ], [ -5.96617057864484, 37.420845271292407 ] ] ] ] } },
{ "type": "Feature", "properties": { "viviendas": 5687, "n_flats": 76, "n_rooms": 12, "n_all": 88, "ratio_flats": 1.3363812203270617, "ratio_rooms": 0.21100756110427291, "ratio": 1.5473887814313347, "mean_price": 244.87654320987653, "mean_revenue": 720.37551440329219, "profit": 112.39547881268857, "net_profit": 1.0, "ingresos_medios": 14101.502771818503 }, "geometry": { "type": "MultiPolygon", "coordinates": [ [ [ [ -5.970044265249355, 37.365498110725717 ], [ -5.970855459275324, 37.36452263321052 ], [ -5.971032114317013, 37.364612803968342 ], [ -5.970967475545879, 37.364709020194006 ], [ -5.972259962530749, 37.365381601295809 ], [ -5.971870895750519, 37.365835171751378 ], [ -5.970575936029956, 37.36742651992229 ], [ -5.969846051340375, 37.367043883903946 ], [ -5.970053499626498, 37.366779620205911 ], [ -5.969220765238917, 37.366345514572245 ], [ -5.969629979204605, 37.365830661276853 ], [ -5.969908881945914, 37.365481269858712 ], [ -5.970044265249355, 37.365498110725717 ] ] ], [ [ [ -5.957222037285756, 37.373129299209765 ], [ -5.957612287870911, 37.372743366236683 ], [ -5.956915882142983, 37.372283243062505 ], [ -5.95559553407638, 37.371444478785115 ], [ -5.955974853555503, 37.371076849529935 ], [ -5.957487324869676, 37.372032414874205 ], [ -5.958003007115069, 37.372352910450111 ], [ -5.958912721696152, 37.371426847068086 ], [ -5.960003186212636, 37.372124864596216 ], [ -5.960428796143455, 37.372380048962945 ], [ -5.961941472882854, 37.373355809047126 ], [ -5.961042235855101, 37.374270379358563 ], [ -5.960539201861321, 37.373954098682461 ], [ -5.960170462075245, 37.374330518626671 ], [ -5.959650873531828, 37.374001142717404 ], [ -5.958258039100576, 37.37311916265412 ], [ -5.957853247502575, 37.373525797895262 ], [ -5.957222037285756, 37.373129299209765 ] ] ], [ [ [ -6.009148813838628, 37.380441796571105 ], [ -6.009110796263874, 37.380478823232608 ], [ -6.009100388906822, 37.380575945448513 ], [ -6.009178291612566, 37.381056018034521 ], [ -6.008737846070056, 37.381317255881811 ], [ -6.006967132725956, 37.379474693602091 ], [ -6.00753070523145, 37.379034563907489 ], [ -6.007867887636257, 37.378854773006175 ], [ -6.009148813838628, 37.380441796571105 ] ] ], [ [ [ -5.972722903047022, 37.384972242444718 ], [ -5.974229899208035, 37.385080740291848 ], [ -5.973694980459726, 37.387247712667566 ], [ -5.972901336170858, 37.387301467746383 ], [ -5.972437835231542, 37.387306354412566 ], [ -5.972276119308789, 37.387303685535599 ], [ -5.971410757440574, 37.387359233869788 ], [ -5.969088742007112, 37.387476174069704 ], [ -5.969374949335597, 37.385074412200076 ], [ -5.971025576401024, 37.385195155853367 ], [ -5.972647256426992, 37.385348087727579 ], [ -5.972722903047022, 37.384972242444718 ] ] ], [ [ [ -5.983995948960361, 37.393065635721527 ], [ -5.984965827510615, 37.393329454157289 ], [ -5.985112810354346, 37.393632123124753 ], [ -5.985013472130668, 37.393672922694549 ], [ -5.985000958879549, 37.394060686260573 ], [ -5.98493834046128, 37.394442981253754 ], [ -5.985159583078485, 37.394779757615794 ], [ -5.985215979205623, 37.394850411922214 ], [ -5.98524790464394, 37.394867612882798 ], [ -5.985522244998188, 37.395207606135699 ], [ -5.985211348208813, 37.395418189892993 ], [ -5.985024464339202, 37.395524309093126 ], [ -5.984003400346666, 37.396074947395455 ], [ -5.983122964594449, 37.396527377077383 ], [ -5.982891281096599, 37.396661623556149 ], [ -5.982742094517264, 37.396771275584832 ], [ -5.98223187436926, 37.397040966514524 ], [ -5.981801875338721, 37.396756711670477 ], [ -5.983636556321226, 37.394219055608986 ], [ -5.983818741489649, 37.393727875041698 ], [ -5.983995948960361, 37.393065635721527 ] ] ], [ [ [ -5.927007724292285, 37.397909658163478 ], [ -5.927280467452313, 37.397662637969269 ], [ -5.929558098514964, 37.396651724895975 ], [ -5.929560316693826, 37.396650739987045 ], [ -5.931680975826207, 37.399561614948816 ], [ -5.930377231612411, 37.400160415057528 ], [ -5.929339563221403, 37.400614096627763 ], [ -5.929033168198612, 37.400664516938129 ], [ -5.928761677883696, 37.400662225340888 ], [ -5.928136344130233, 37.400529608307629 ], [ -5.926786783339683, 37.39870414684605 ], [ -5.92676454519043, 37.398674065849306 ], [ -5.927007724292285, 37.397909658163478 ] ] ], [ [ [ -5.973406013752977, 37.398574390279691 ], [ -5.973583593597511, 37.398763628975324 ], [ -5.973861869273912, 37.399254426329527 ], [ -5.973509570262521, 37.399369173454659 ], [ -5.973436888702537, 37.399404808850981 ], [ -5.973276031770162, 37.399532718211795 ], [ -5.973215248558322, 37.399615368740491 ], [ -5.973022998336178, 37.400359079091018 ], [ -5.972950345013745, 37.400464499782409 ], [ -5.972799581833057, 37.400578683649982 ], [ -5.97263196895562, 37.400632444457834 ], [ -5.971748593734456, 37.400834861068176 ], [ -5.971053943352788, 37.401070852468656 ], [ -5.970261983022504, 37.399696403106717 ], [ -5.973202468800632, 37.398649320164552 ], [ -5.97326266045066, 37.398627161969486 ], [ -5.973406013752977, 37.398574390279691 ] ] ], [ [ [ -5.980386417959735, 37.405154091278767 ], [ -5.980166379626173, 37.405092080285556 ], [ -5.980223767832711, 37.405070391093986 ], [ -5.980984881114715, 37.403523900901305 ], [ -5.9813033367377, 37.40359695160727 ], [ -5.981479252839573, 37.403601501708415 ], [ -5.983299508032394, 37.403805606751391 ], [ -5.983004565845009, 37.405171363775089 ], [ -5.982916266773055, 37.405579106739985 ], [ -5.981599318655001, 37.405578516672755 ], [ -5.981547803517283, 37.405165373119068 ], [ -5.981253107403265, 37.405179543494071 ], [ -5.9805347952201, 37.405170626889692 ], [ -5.980386417959735, 37.405154091278767 ] ] ], [ [ [ -5.971159128488067, 37.422319303048759 ], [ -5.970170259731508, 37.424200500700799 ], [ -5.970143939387042, 37.424253243811144 ], [ -5.966617094031984, 37.423075037885724 ], [ -5.966629927566802, 37.423050209412402 ], [ -5.967294134091044, 37.421765416800163 ], [ -5.96761804849507, 37.421149114620128 ], [ -5.971159128488067, 37.422319303048759 ] ] ] ] } },
{ "type": "Feature", "properties": { "viviendas": 5115, "n_flats": 68, "n_rooms": 28, "n_all": 96, "ratio_flats": 1.3294232649071358, "ratio_rooms": 0.54740957966764414, "ratio": 1.8768328445747799, "mean_price": 274.08602150537632, "mean_revenue": 1029.2275985663082, "profit": 430.59768841371385, "net_profit": 1.0, "ingresos_medios": 13953.356510653606 }, "geometry": { "type": "MultiPolygon", "coordinates": [ [ [ [ -5.969328825095023, 37.364759215781987 ], [ -5.969033311541673, 37.365124818878698 ], [ -5.969550431166819, 37.365395646917769 ], [ -5.969328991296429, 37.365671496692599 ], [ -5.969629979204605, 37.365830661276853 ], [ -5.969220765238917, 37.366345514572245 ], [ -5.969191702625846, 37.366377763176033 ], [ -5.969168018072834, 37.366371622798205 ], [ -5.968941159513857, 37.366260156924398 ], [ -5.969070282311186, 37.366099248828256 ], [ -5.968701614551431, 37.36591928704177 ], [ -5.968747950796471, 37.36585955100751 ], [ -5.967666066782125, 37.365289765885478 ], [ -5.967849961844838, 37.365064405365018 ], [ -5.968451029852554, 37.364301470527238 ], [ -5.969328825095023, 37.364759215781987 ] ] ], [ [ [ -5.950276211978128, 37.375255908653536 ], [ -5.949985247716907, 37.375330762114757 ], [ -5.949885623132152, 37.375378278320689 ], [ -5.949920719524999, 37.375201706330316 ], [ -5.949903202341288, 37.375060195535355 ], [ -5.949562350395737, 37.374176658348865 ], [ -5.950849037570153, 37.373468796418976 ], [ -5.951414865652906, 37.373200107002198 ], [ -5.951748037183887, 37.373081401397585 ], [ -5.952218487332796, 37.372959261659268 ], [ -5.952541511456364, 37.372892662967004 ], [ -5.953079528185213, 37.373768999616757 ], [ -5.953153684943214, 37.373927102216847 ], [ -5.953194899856071, 37.374110793010132 ], [ -5.953200393064482, 37.374263821129894 ], [ -5.953183825786351, 37.3744534550301 ], [ -5.953138720179871, 37.3746257951966 ], [ -5.952783017611423, 37.375546968197938 ], [ -5.951275481134364, 37.375303047013858 ], [ -5.950891267782572, 37.375240557879302 ], [ -5.950599696826932, 37.375232040384581 ], [ -5.950276211978128, 37.375255908653536 ] ] ], [ [ [ -6.013946893728522, 37.376920394102228 ], [ -6.014163348864542, 37.377061302159255 ], [ -6.014331316641791, 37.377221417409615 ], [ -6.014460278023265, 37.377409622263841 ], [ -6.014589409900037, 37.377674414962954 ], [ -6.01449752558042, 37.378886389013779 ], [ -6.013537192882783, 37.378845516179389 ], [ -6.01335846357938, 37.37880957115982 ], [ -6.011928136371504, 37.37787739248251 ], [ -6.013019956636407, 37.376817881353674 ], [ -6.013222292868242, 37.376609958120959 ], [ -6.013946893728522, 37.376920394102228 ] ] ], [ [ [ -5.96684243704189, 37.384466746593439 ], [ -5.967006734953222, 37.38308401953595 ], [ -5.969135813129071, 37.383255817142732 ], [ -5.969282942448872, 37.382105534820028 ], [ -5.969730522445238, 37.382195635158006 ], [ -5.971474531157515, 37.382521259495157 ], [ -5.973232536465336, 37.382853240979209 ], [ -5.974713929995864, 37.383131319735362 ], [ -5.974229899208035, 37.385080740291848 ], [ -5.972722903047022, 37.384972242444718 ], [ -5.972647256426992, 37.385348087727579 ], [ -5.971025576401024, 37.385195155853367 ], [ -5.969374949335597, 37.385074412200076 ], [ -5.969425705673727, 37.384674433030725 ], [ -5.968128900822574, 37.384567370348321 ], [ -5.96684243704189, 37.384466746593439 ] ] ], [ [ [ -5.98657323437785, 37.396194733025865 ], [ -5.986742211089526, 37.396170162096425 ], [ -5.987845843771543, 37.396189578941197 ], [ -5.987822029718489, 37.396350097468755 ], [ -5.987786741670294, 37.396950228014127 ], [ -5.987901929890713, 37.397877617832094 ], [ -5.988007804151081, 37.398334486024957 ], [ -5.987573982945938, 37.398390479170835 ], [ -5.987571659466715, 37.398363524202658 ], [ -5.987261005628318, 37.398308322097151 ], [ -5.987011247305676, 37.398244804417345 ], [ -5.986669399105876, 37.398239937765126 ], [ -5.986208493911361, 37.398445291583897 ], [ -5.98591468869399, 37.398551825345983 ], [ -5.985552355296853, 37.398639815537756 ], [ -5.98533367515717, 37.398638564073607 ], [ -5.985382348750437, 37.398416597208652 ], [ -5.985232934414014, 37.398141026656219 ], [ -5.985987803884468, 37.396747880659298 ], [ -5.986099456754298, 37.396226983072175 ], [ -5.98657323437785, 37.396194733025865 ] ] ], [ [ [ -5.97326266045066, 37.398627161969486 ], [ -5.973202468800632, 37.398649320164552 ], [ -5.970261983022504, 37.399696403106717 ], [ -5.969637369387366, 37.398587967016155 ], [ -5.970848577211324, 37.397854306909558 ], [ -5.971423700032203, 37.397429332517603 ], [ -5.97152798587324, 37.397330531936561 ], [ -5.97212691938796, 37.398382660444852 ], [ -5.972964947480307, 37.398113630940742 ], [ -5.97326266045066, 37.398627161969486 ] ] ], [ [ [ -5.92667487263714, 37.400776990573178 ], [ -5.926811023026264, 37.400692496878293 ], [ -5.926949639232789, 37.400567453213824 ], [ -5.927057337009961, 37.400431845379423 ], [ -5.927116035798283, 37.400313286026986 ], [ -5.928136344130233, 37.400529608307629 ], [ -5.928761677883696, 37.400662225340888 ], [ -5.929033168198612, 37.400664516938129 ], [ -5.929339563221403, 37.400614096627763 ], [ -5.930377231612411, 37.400160415057528 ], [ -5.931680975826207, 37.399561614948816 ], [ -5.93169086324804, 37.399557073285003 ], [ -5.932991772098749, 37.401351176917331 ], [ -5.933115701642794, 37.401157373348354 ], [ -5.93347405829398, 37.400538149546811 ], [ -5.933709644218062, 37.399836147528667 ], [ -5.933865445850295, 37.398621163283025 ], [ -5.933886449636132, 37.397934024690308 ], [ -5.937342376161414, 37.398122336624255 ], [ -5.937201697881395, 37.398844407992918 ], [ -5.937157711898671, 37.398943639701024 ], [ -5.937033165339132, 37.399224753726052 ], [ -5.936787761030073, 37.399647606057336 ], [ -5.936265993991166, 37.400372413682902 ], [ -5.935708143895347, 37.401086825384212 ], [ -5.935572593912318, 37.401189343761757 ], [ -5.936765433474151, 37.404491348895178 ], [ -5.934101468997675, 37.405222007884092 ], [ -5.932179071463533, 37.405740503099928 ], [ -5.931688204129221, 37.40577522891806 ], [ -5.93142135040751, 37.40574805921247 ], [ -5.931133072273874, 37.405687615964077 ], [ -5.929640041973382, 37.405118690570966 ], [ -5.929242088061174, 37.404932579816673 ], [ -5.929110660949331, 37.404847961757632 ], [ -5.928912953624507, 37.404701966920435 ], [ -5.928689955425407, 37.404495735944643 ], [ -5.928300287353411, 37.403982766774121 ], [ -5.9280231854543, 37.403651750919295 ], [ -5.928129184547251, 37.403599557559467 ], [ -5.926234711543168, 37.400979380623731 ], [ -5.92667487263714, 37.400776990573178 ] ] ], [ [ [ -5.97471350885456, 37.412870266850966 ], [ -5.974494264168655, 37.412427535226783 ], [ -5.974249475718094, 37.411929109351455 ], [ -5.974123376874897, 37.411797130828617 ], [ -5.974000686140434, 37.411568223158248 ], [ -5.974112582294043, 37.411283808494915 ], [ -5.974387178154813, 37.410452420233526 ], [ -5.974587984735449, 37.409938308204474 ], [ -5.974661888052825, 37.409864350669693 ], [ -5.974738172582105, 37.409790369166799 ], [ -5.974891419624087, 37.409831559228792 ], [ -5.976873768144449, 37.41013302530498 ], [ -5.977427259344879, 37.410204702115657 ], [ -5.977665300490817, 37.410275288250553 ], [ -5.977450588381077, 37.410753749327228 ], [ -5.97706370056342, 37.410632828177029 ], [ -5.976955070512457, 37.410658132048674 ], [ -5.976675298837031, 37.410563780920832 ], [ -5.976527654311535, 37.41062381942178 ], [ -5.97607911687084, 37.41047966481193 ], [ -5.975747801932289, 37.410424935708569 ], [ -5.975084602608845, 37.411770681280586 ], [ -5.976104959114315, 37.412055851299236 ], [ -5.97658169110144, 37.412203760784891 ], [ -5.975958964711124, 37.413411109312769 ], [ -5.975956473342522, 37.413410354820236 ], [ -5.975910916489186, 37.413396560316166 ], [ -5.974965647595649, 37.413082462481768 ], [ -5.974831325469765, 37.413006972071088 ], [ -5.97471350885456, 37.412870266850966 ] ] ], [ [ [ -5.971426714028254, 37.421801233040938 ], [ -5.974361743103901, 37.422759055338204 ], [ -5.974725959295918, 37.422903883546567 ], [ -5.974729399419112, 37.422905251211724 ], [ -5.974590066203036, 37.423046181685045 ], [ -5.974303988859582, 37.423391247002307 ], [ -5.97252758159169, 37.42564089357473 ], [ -5.972165815271341, 37.425527872977973 ], [ -5.969886985240415, 37.424768155837647 ], [ -5.970143939387042, 37.424253243811144 ], [ -5.970170259731508, 37.424200500700799 ], [ -5.971159128488067, 37.422319303048759 ], [ -5.971426714028254, 37.421801233040938 ] ] ] ] } },
{ "type": "Feature", "properties": { "viviendas": 4860, "n_flats": 35, "n_rooms": 13, "n_all": 48, "ratio_flats": 0.72016460905349799, "ratio_rooms": 0.26748971193415638, "ratio": 0.98765432098765438, "mean_price": 143.04444444444445, "mean_revenue": 932.18888888888887, "profit": 288.50126413855958, "net_profit": 1.0, "ingresos_medios": 11468.455260809544 }, "geometry": { "type": "MultiPolygon", "coordinates": [ [ [ [ -5.963912212632134, 37.361818041838923 ], [ -5.964464632575267, 37.362275011610024 ], [ -5.96379337945423, 37.362791897934812 ], [ -5.96202455814957, 37.361333739759687 ], [ -5.962614086594732, 37.360877472584264 ], [ -5.962722625411764, 37.360829686505745 ], [ -5.963912212632134, 37.361818041838923 ] ] ], [ [ [ -5.970264443073391, 37.375791568097831 ], [ -5.971539405612293, 37.376158232444382 ], [ -5.973528160637742, 37.376729951003369 ], [ -5.973054484959166, 37.377034684271834 ], [ -5.972960388828541, 37.377113635001486 ], [ -5.972945192309715, 37.37715684851495 ], [ -5.972951755167665, 37.377215251638276 ], [ -5.972998087723511, 37.377322225261324 ], [ -5.973159197141667, 37.377532139938268 ], [ -5.973017427647735, 37.377610037606921 ], [ -5.97269802314448, 37.377787049244617 ], [ -5.972583033934222, 37.377769676278241 ], [ -5.972202716623598, 37.377333204120013 ], [ -5.972092348139052, 37.377214333019658 ], [ -5.972042313543588, 37.377184036262292 ], [ -5.971903921087024, 37.377128943423301 ], [ -5.969905065526531, 37.376559758048288 ], [ -5.970264443073391, 37.375791568097831 ] ] ], [ [ [ -5.941018851833849, 37.385226957252399 ], [ -5.942460770277184, 37.381194234736107 ], [ -5.942488977667789, 37.381115341955685 ], [ -5.942876467689355, 37.38003502248084 ], [ -5.943498248552105, 37.378301443258991 ], [ -5.944804286312587, 37.378611339730746 ], [ -5.945307693450488, 37.378695644280654 ], [ -5.945800265478039, 37.378735185837023 ], [ -5.947846487841455, 37.378573791270192 ], [ -5.951434833554534, 37.378270290649311 ], [ -5.95164813328201, 37.378165849654707 ], [ -5.953344087991287, 37.379416496242946 ], [ -5.953881846508549, 37.379808520057736 ], [ -5.954356345998785, 37.380098546191277 ], [ -5.95429779322137, 37.380624844130026 ], [ -5.95426811465672, 37.380735973240959 ], [ -5.95423258132298, 37.380788663126047 ], [ -5.954176240488273, 37.380823855484209 ], [ -5.954065512874744, 37.380851405883462 ], [ -5.953779790268052, 37.380691873895266 ], [ -5.953791854880465, 37.380585667127953 ], [ -5.953670568166864, 37.380525642345177 ], [ -5.952442646919689, 37.381087909528226 ], [ -5.951087675899468, 37.381700685870861 ], [ -5.950063722642586, 37.38216549293314 ], [ -5.949122113422435, 37.382571951738711 ], [ -5.948403963456411, 37.382939023745436 ], [ -5.94787255963452, 37.383180578497736 ], [ -5.9471403660569, 37.383513398635856 ], [ -5.94656610657111, 37.383780012922195 ], [ -5.945869528298361, 37.384090234021137 ], [ -5.945480670777976, 37.384235095086744 ], [ -5.945621610175674, 37.384607758862579 ], [ -5.945766656651535, 37.384604144539622 ], [ -5.945733549286941, 37.38527398287669 ], [ -5.945978083028218, 37.385276912987003 ], [ -5.945946990527288, 37.385669640479335 ], [ -5.945722199484552, 37.385659483530759 ], [ -5.945726136885038, 37.385594040765291 ], [ -5.945151441286711, 37.385588100437708 ], [ -5.945126482697522, 37.38579370220392 ], [ -5.945386572596669, 37.385857066992997 ], [ -5.94540912771019, 37.386626886924255 ], [ -5.940804489260941, 37.386414904489129 ], [ -5.940812981035493, 37.386117332028029 ], [ -5.940848937100924, 37.38585965564792 ], [ -5.941018851833849, 37.385226957252399 ] ] ], [ [ [ -6.009142233425185, 37.384271370152618 ], [ -6.009806997703223, 37.385042897633575 ], [ -6.009988945673443, 37.384934608706004 ], [ -6.010794693381531, 37.385907516690466 ], [ -6.010378052550928, 37.38605553328415 ], [ -6.009743643959133, 37.386335221251322 ], [ -6.009519649250445, 37.386394996743228 ], [ -6.008925331109911, 37.38577038671658 ], [ -6.008874361942279, 37.385674827638383 ], [ -6.008632559475612, 37.385460242131444 ], [ -6.008524735969853, 37.385314274924546 ], [ -6.008385104348713, 37.385259292429332 ], [ -6.00886213952389, 37.384512785007502 ], [ -6.009089098556351, 37.384311048896819 ], [ -6.009142233425185, 37.384271370152618 ] ] ], [ [ [ -6.001815587707744, 37.387647387546529 ], [ -6.00211150885906, 37.388058868777911 ], [ -6.002178168418555, 37.388226079734643 ], [ -6.002237721071112, 37.38872467065751 ], [ -6.002465046034017, 37.389518586501637 ], [ -6.002950874531323, 37.389427375862383 ], [ -6.003150642407646, 37.390165652058322 ], [ -6.002678041094976, 37.390261015582219 ], [ -6.002837297109109, 37.390754797676443 ], [ -6.0014978744172, 37.391020857636462 ], [ -6.001253902286309, 37.390279177199531 ], [ -6.000550699955016, 37.388298963134133 ], [ -6.000434362077316, 37.388407802650271 ], [ -6.000071580069188, 37.388133143649256 ], [ -6.001115081008242, 37.387156067633555 ], [ -6.001451126991799, 37.387370559745264 ], [ -6.001815587707744, 37.387647387546529 ] ] ], [ [ [ -5.95805489629456, 37.399788524526741 ], [ -5.958193578108371, 37.39967472023033 ], [ -5.95843425779198, 37.399400643744677 ], [ -5.959041000879986, 37.400297738556496 ], [ -5.959393875317931, 37.400149245224434 ], [ -5.959544155486031, 37.400379731954445 ], [ -5.959634155244655, 37.400343707172581 ], [ -5.959682613122924, 37.400369529589305 ], [ -5.959731406886325, 37.40034804761963 ], [ -5.961071297877718, 37.401060058007793 ], [ -5.959369048627845, 37.402429496943029 ], [ -5.959330053999571, 37.401572258133726 ], [ -5.958995689001217, 37.401134611417483 ], [ -5.958921945322201, 37.401165724148569 ], [ -5.958753250729883, 37.400906395231402 ], [ -5.958298429173818, 37.401102499194643 ], [ -5.958172925744287, 37.400909645122539 ], [ -5.958076928045538, 37.400954879198736 ], [ -5.957637409461567, 37.400817160375297 ], [ -5.957574720874319, 37.400726389637065 ], [ -5.957433689517681, 37.400060869087824 ], [ -5.957619145013688, 37.400011202763658 ], [ -5.957766740828609, 37.399951189198156 ], [ -5.95805489629456, 37.399788524526741 ] ] ], [ [ [ -5.937912201575877, 37.402122737871608 ], [ -5.938275409923548, 37.402023616795951 ], [ -5.938920514245343, 37.403913976226754 ], [ -5.936765433474151, 37.404491348895178 ], [ -5.935572593912318, 37.401189343761757 ], [ -5.935708143895347, 37.401086825384212 ], [ -5.936265993991166, 37.400372413682902 ], [ -5.936787761030073, 37.399647606057336 ], [ -5.937033165339132, 37.399224753726052 ], [ -5.937157711898671, 37.398943639701024 ], [ -5.938022180720066, 37.401564424636746 ], [ -5.937743894517578, 37.401668939045329 ], [ -5.937912201575877, 37.402122737871608 ] ] ], [ [ [ -5.964873506105441, 37.42856147348224 ], [ -5.964547924807445, 37.427844312950533 ], [ -5.964361677622358, 37.427535869412353 ], [ -5.964993580408531, 37.42632837102952 ], [ -5.965097828952735, 37.426094552719057 ], [ -5.965343034518926, 37.426170124501319 ], [ -5.965693596036293, 37.426266221060558 ], [ -5.967366930799529, 37.426853583329937 ], [ -5.968589958065614, 37.427240826063276 ], [ -5.968388447287253, 37.427635435851577 ], [ -5.967826650286963, 37.428696490528303 ], [ -5.966848047473764, 37.430608617409462 ], [ -5.965172853713932, 37.430056552795563 ], [ -5.965140909300936, 37.4297979622824 ], [ -5.965070767714768, 37.429230070651485 ], [ -5.964873506105441, 37.42856147348224 ] ] ] ] } },
{ "type": "Feature", "properties": { "viviendas": 4455, "n_flats": 224, "n_rooms": 13, "n_all": 237, "ratio_flats": 5.0280583613916949, "ratio_rooms": 0.29180695847362514, "ratio": 5.3198653198653201, "mean_price": 173.87826086956522, "mean_revenue": 1406.751811594203, "profit": 820.45484658216526, "net_profit": 1.0, "ingresos_medios": 10864.464229784811 }, "geometry": { "type": "MultiPolygon", "coordinates": [ [ [ [ -5.968583358703589, 37.364140440985437 ], [ -5.968451029852554, 37.364301470527238 ], [ -5.967849961844838, 37.365064405365018 ], [ -5.967666066782125, 37.365289765885478 ], [ -5.967262544933742, 37.365779721876514 ], [ -5.966486848128908, 37.365141193566373 ], [ -5.966229836474975, 37.365332403218417 ], [ -5.965539878760223, 37.364710539584145 ], [ -5.965522164025229, 37.36472410005122 ], [ -5.965183558581718, 37.364462305377693 ], [ -5.965507321698237, 37.364213126996468 ], [ -5.96379337945423, 37.362791897934812 ], [ -5.964464632575267, 37.362275011610024 ], [ -5.965976382640635, 37.363523359466477 ], [ -5.965997422107641, 37.363506974446437 ], [ -5.966412249694687, 37.363897377587406 ], [ -5.967412486977807, 37.363201133454453 ], [ -5.968583358703589, 37.364140440985437 ] ] ], [ [ [ -5.953197630492533, 37.375610939522289 ], [ -5.952848831628264, 37.376473442791045 ], [ -5.953490879667542, 37.376606027726069 ], [ -5.953144621713822, 37.377565314164755 ], [ -5.953297182914239, 37.377599792992868 ], [ -5.953545535374486, 37.377625143606316 ], [ -5.954734324511726, 37.377874749432536 ], [ -5.954686748061469, 37.377997567026036 ], [ -5.954240813155949, 37.378808429895834 ], [ -5.953344087991287, 37.379416496242946 ], [ -5.95164813328201, 37.378165849654707 ], [ -5.951798955849935, 37.378089985772732 ], [ -5.952783017611423, 37.375546968197938 ], [ -5.953197630492533, 37.375610939522289 ] ] ], [ [ [ -5.967708787009185, 37.377365015472591 ], [ -5.967886910098328, 37.377000147225132 ], [ -5.968048442184372, 37.376579320338038 ], [ -5.968271664769612, 37.376096177560029 ], [ -5.969905065526531, 37.376559758048288 ], [ -5.969237116702678, 37.377977635960931 ], [ -5.968846355386917, 37.378854705892266 ], [ -5.968779395732279, 37.378892447083992 ], [ -5.966169826687868, 37.378716922207971 ], [ -5.966324919079616, 37.377471796293371 ], [ -5.967399309405644, 37.37777603151406 ], [ -5.967708787009185, 37.377365015472591 ] ] ], [ [ [ -5.997274529807308, 37.38660705241027 ], [ -5.997376608012607, 37.386428733149387 ], [ -5.996671065571235, 37.38620787521873 ], [ -5.996591594292204, 37.386281987181825 ], [ -5.996459362967081, 37.386292057342793 ], [ -5.996386860856393, 37.386280406357962 ], [ -5.996019321280185, 37.386066693534538 ], [ -5.995574820133602, 37.385821181707904 ], [ -5.995461604757507, 37.385724941149626 ], [ -5.995326635630446, 37.385566174311592 ], [ -5.995261134360599, 37.385534045196323 ], [ -5.995118398171367, 37.385343937973815 ], [ -5.9950614471297, 37.385259778448535 ], [ -5.995096899713984, 37.385211584097796 ], [ -5.994800401845257, 37.385252903993667 ], [ -5.994797803368737, 37.385243425849971 ], [ -5.994353802546377, 37.38510538559531 ], [ -5.993938354047924, 37.385195894427468 ], [ -5.993920043367463, 37.385081448247142 ], [ -5.993943467821182, 37.385080854673426 ], [ -5.993932893507842, 37.38502443704386 ], [ -5.993759420837952, 37.38409888900069 ], [ -5.993804929061415, 37.383904012817958 ], [ -5.993951187087442, 37.383740354457125 ], [ -5.99428249393852, 37.383623828136372 ], [ -5.995038817650609, 37.383444747727907 ], [ -5.995626931484741, 37.383260885297602 ], [ -5.996010265752452, 37.383106180012568 ], [ -5.996514698237481, 37.382718255010147 ], [ -5.997568576737473, 37.382110362816029 ], [ -5.997869467027349, 37.382451684199445 ], [ -5.997920283973829, 37.382508949166024 ], [ -5.998216075847116, 37.382843864482453 ], [ -5.998725417375808, 37.383249904112034 ], [ -6.001286090383106, 37.385293347475198 ], [ -6.002448694260508, 37.386250463006533 ], [ -6.002454961189103, 37.386248051107593 ], [ -6.001451126991799, 37.387370559745264 ], [ -6.001115081008242, 37.387156067633555 ], [ -6.000497459151822, 37.386635643689061 ], [ -5.998437285501493, 37.386669915642834 ], [ -5.997970952653195, 37.386997132219285 ], [ -5.997274529807308, 37.38660705241027 ] ] ], [ [ [ -6.012387895550404, 37.386083155616177 ], [ -6.012546868716364, 37.385923673977267 ], [ -6.012989448424466, 37.385930421962478 ], [ -6.012999327092992, 37.386026991908203 ], [ -6.01398175839953, 37.386071790932242 ], [ -6.013903102723951, 37.38744337762823 ], [ -6.012163812613051, 37.387379581178884 ], [ -6.011824076763788, 37.386207915228781 ], [ -6.012063590135182, 37.386215317939723 ], [ -6.012387895550404, 37.386083155616177 ] ] ], [ [ [ -5.957471188542153, 37.398649791197194 ], [ -5.957216720885913, 37.398671957821044 ], [ -5.957147887791823, 37.398137570677527 ], [ -5.957643262373858, 37.398089115567146 ], [ -5.957742867085798, 37.399010165429424 ], [ -5.957618874950484, 37.399022287528815 ], [ -5.957632667159887, 37.399116574747829 ], [ -5.95876555301556, 37.399047678046493 ], [ -5.95843425779198, 37.399400643744677 ], [ -5.958193578108371, 37.39967472023033 ], [ -5.95805489629456, 37.399788524526741 ], [ -5.957766740828609, 37.399951189198156 ], [ -5.957619145013688, 37.400011202763658 ], [ -5.957433689517681, 37.400060869087824 ], [ -5.957071557225264, 37.400101506544281 ], [ -5.956374903540004, 37.400112158243878 ], [ -5.956419214870007, 37.399246044225428 ], [ -5.957545782860425, 37.399159291503793 ], [ -5.957471188542153, 37.398649791197194 ] ] ], [ [ [ -5.937346973763659, 37.398098735947727 ], [ -5.937357630979653, 37.398123167476257 ], [ -5.937596800667842, 37.398671485351159 ], [ -5.937983459482526, 37.399492299823883 ], [ -5.937976882763325, 37.399498660029522 ], [ -5.93799544414073, 37.399517740807838 ], [ -5.938426241349457, 37.399960582139023 ], [ -5.938774688826044, 37.400506025067443 ], [ -5.939939223640311, 37.402098941701354 ], [ -5.94069651441403, 37.403274725417674 ], [ -5.940700343290916, 37.403280670864625 ], [ -5.940196325542039, 37.403489202080465 ], [ -5.939628439146356, 37.403697036291412 ], [ -5.939508963398347, 37.403756345817833 ], [ -5.938920514245343, 37.403913976226754 ], [ -5.938275409923548, 37.402023616795951 ], [ -5.937912201575877, 37.402122737871608 ], [ -5.937743894517578, 37.401668939045329 ], [ -5.938022180720066, 37.401564424636746 ], [ -5.937157711898671, 37.398943639701024 ], [ -5.937201697881395, 37.398844407992918 ], [ -5.937342376161414, 37.398122336624255 ], [ -5.937346973763659, 37.398098735947727 ] ] ], [ [ [ -5.96233409512571, 37.423960045617463 ], [ -5.96289275742199, 37.422887312120181 ], [ -5.963294771164223, 37.423019122115846 ], [ -5.963762757064258, 37.42211536491493 ], [ -5.96454471170239, 37.422359298393239 ], [ -5.964395824969084, 37.42265812180522 ], [ -5.965388107134024, 37.422998157773037 ], [ -5.965525476539406, 37.423035234872451 ], [ -5.965548135124131, 37.422991889024011 ], [ -5.965805211442246, 37.423059785913765 ], [ -5.965839723757787, 37.422986822762304 ], [ -5.966544933302885, 37.423214639542216 ], [ -5.966076353709136, 37.424125288182637 ], [ -5.965841559995154, 37.424581586376846 ], [ -5.965735529032376, 37.424739700654314 ], [ -5.965280007379159, 37.425685942771395 ], [ -5.965097828952735, 37.426094552719057 ], [ -5.964993580408531, 37.42632837102952 ], [ -5.964361677622358, 37.427535869412353 ], [ -5.963961654106861, 37.426984996358264 ], [ -5.963782589171859, 37.426768750945378 ], [ -5.963394297397579, 37.426368493659304 ], [ -5.963185627840804, 37.426180020973668 ], [ -5.962871622139316, 37.425922074044692 ], [ -5.962563234510452, 37.425697833652976 ], [ -5.962099965144555, 37.425405313622349 ], [ -5.96169118259817, 37.425197039695689 ], [ -5.962065025896278, 37.424518657611792 ], [ -5.962132934423758, 37.424343494898579 ], [ -5.96233409512571, 37.423960045617463 ] ] ] ] } },
{ "type": "Feature", "properties": { "viviendas": 4490, "n_flats": 16, "n_rooms": 19, "n_all": 35, "ratio_flats": 0.35634743875278396, "ratio_rooms": 0.42316258351893093, "ratio": 0.77951002227171484, "mean_price": 126.68965517241379, "mean_revenue": 512.5344827586207, "profit": -96.575420056094799, "net_profit": -1.0, "ingresos_medios": 13943.8382514681 }, "geometry": { "type": "MultiPolygon", "coordinates": [ [ [ [ -5.968701614551431, 37.36591928704177 ], [ -5.969070282311186, 37.366099248828256 ], [ -5.968941159513857, 37.366260156924398 ], [ -5.969168018072834, 37.366371622798205 ], [ -5.969191702625846, 37.366377763176033 ], [ -5.969220765238917, 37.366345514572245 ], [ -5.970053499626498, 37.366779620205911 ], [ -5.969846051340375, 37.367043883903946 ], [ -5.970575936029956, 37.36742651992229 ], [ -5.96920202566469, 37.369118953719962 ], [ -5.966419753889884, 37.366814558799518 ], [ -5.967262544933742, 37.365779721876514 ], [ -5.967666066782125, 37.365289765885478 ], [ -5.968747950796471, 37.36585955100751 ], [ -5.968701614551431, 37.36591928704177 ] ] ], [ [ [ -5.954240813155949, 37.378808429895834 ], [ -5.954686748061469, 37.377997567026036 ], [ -5.954734324511726, 37.377874749432536 ], [ -5.955113715287393, 37.376887616981357 ], [ -5.955114554546051, 37.376770455392553 ], [ -5.955393283459497, 37.375963818360766 ], [ -5.955466189096861, 37.375975507306009 ], [ -5.957214876073488, 37.376253938866576 ], [ -5.957052979471324, 37.376969777751405 ], [ -5.957027356152569, 37.377215958900699 ], [ -5.957031178415543, 37.377456903231057 ], [ -5.957065485773693, 37.377661043765748 ], [ -5.957181565910895, 37.378007265300333 ], [ -5.957256262958079, 37.378169869435126 ], [ -5.957380098917306, 37.378353744199522 ], [ -5.957548319108858, 37.378545491532556 ], [ -5.95643193032423, 37.379156864016913 ], [ -5.954823343966162, 37.380053048166822 ], [ -5.95471953388574, 37.380087215713388 ], [ -5.954600373467239, 37.380103682587283 ], [ -5.954356345998785, 37.380098546191277 ], [ -5.953881846508549, 37.379808520057736 ], [ -5.953344087991287, 37.379416496242946 ], [ -5.954240813155949, 37.378808429895834 ] ] ], [ [ [ -6.003053025367928, 37.380240939401517 ], [ -6.004195401855139, 37.381302149687087 ], [ -6.004481710900919, 37.38152240261423 ], [ -6.004211108863248, 37.381761276533808 ], [ -6.003880816179769, 37.382118842614084 ], [ -6.00362344331655, 37.381942936126222 ], [ -6.003670072061128, 37.381892166507619 ], [ -6.003019323392092, 37.381496476201406 ], [ -6.002804828125837, 37.381718180381036 ], [ -6.002666658970419, 37.381798287918713 ], [ -6.00251696750628, 37.381955271629153 ], [ -6.001922562904788, 37.381582944941997 ], [ -6.002613155879069, 37.380880581268833 ], [ -6.002239738779775, 37.38064452850211 ], [ -6.002843199757303, 37.380345384826541 ], [ -6.003037063282592, 37.380225590114073 ], [ -6.003053025367928, 37.380240939401517 ] ] ], [ [ [ -5.968128900822574, 37.384567370348321 ], [ -5.969425705673727, 37.384674433030725 ], [ -5.969374949335597, 37.385074412200076 ], [ -5.969088742007112, 37.387476174069704 ], [ -5.967777526089819, 37.387536106088476 ], [ -5.966681277362007, 37.387509560020064 ], [ -5.966469802679962, 37.387517116192136 ], [ -5.966680060520366, 37.385844901706754 ], [ -5.967956705088398, 37.385945772553846 ], [ -5.968128900822574, 37.384567370348321 ] ] ], [ [ [ -5.951844888975808, 37.395711110456162 ], [ -5.952403457837332, 37.395041655270958 ], [ -5.954517215459214, 37.396419274851134 ], [ -5.954712165046882, 37.396594601614396 ], [ -5.954892920723577, 37.396864907539431 ], [ -5.955967934302638, 37.396581250802697 ], [ -5.956013350946196, 37.396663430535199 ], [ -5.956089272032675, 37.396979173491331 ], [ -5.956363878085381, 37.398632468431359 ], [ -5.956402967130837, 37.398922078274587 ], [ -5.956419214870007, 37.399246044225428 ], [ -5.956374903540004, 37.400112158243878 ], [ -5.956287873134251, 37.401531209979808 ], [ -5.956200408263055, 37.402026771259699 ], [ -5.955578341336078, 37.401799018983496 ], [ -5.955457778430223, 37.40177952123689 ], [ -5.955277782922446, 37.401797528416544 ], [ -5.955197434112135, 37.401824302367842 ], [ -5.955137303354424, 37.401859595579872 ], [ -5.9541391311814, 37.402445442001969 ], [ -5.951928407462508, 37.398882986520363 ], [ -5.95166313024168, 37.398535931900213 ], [ -5.951417868880462, 37.398325818889042 ], [ -5.951127887676992, 37.39816184692215 ], [ -5.950998198346604, 37.398117806654092 ], [ -5.950577538010115, 37.398060752506559 ], [ -5.950150056126352, 37.3980516759705 ], [ -5.95013808560612, 37.398051421639771 ], [ -5.950810487534762, 37.397106555723973 ], [ -5.951844888975808, 37.395711110456162 ] ] ], [ [ [ -5.943260341133452, 37.4015042399053 ], [ -5.942968564911363, 37.40174427354561 ], [ -5.942829275573936, 37.40203307362561 ], [ -5.942828690356754, 37.402203037636561 ], [ -5.941610869656023, 37.40148501593599 ], [ -5.940503303417864, 37.400673393043121 ], [ -5.940942560610621, 37.400290542137427 ], [ -5.941711214102287, 37.399552142465289 ], [ -5.943153575488616, 37.400459531382076 ], [ -5.943765728060967, 37.400951072914644 ], [ -5.943260341133452, 37.4015042399053 ] ] ], [ [ [ -5.976460973454842, 37.406739757954981 ], [ -5.976316920795825, 37.406578945939465 ], [ -5.976590758453005, 37.406180063490289 ], [ -5.976402435614555, 37.406081209320718 ], [ -5.976626412009429, 37.405814270118313 ], [ -5.976758778865832, 37.405862754600989 ], [ -5.976842256106194, 37.405871924169112 ], [ -5.976936070013666, 37.405860536816206 ], [ -5.977012346272812, 37.405831565663334 ], [ -5.977118211820294, 37.40573657328089 ], [ -5.977151372664967, 37.405611826520854 ], [ -5.977897196287912, 37.405660626844849 ], [ -5.978150053102871, 37.405052786104903 ], [ -5.978767136031239, 37.405210678558653 ], [ -5.978500767417048, 37.405694981768065 ], [ -5.97938778517936, 37.405740180941805 ], [ -5.979050823203107, 37.406397440002657 ], [ -5.97899777225208, 37.406484345158198 ], [ -5.978855904762451, 37.406627555382528 ], [ -5.979286157928978, 37.406778950435154 ], [ -5.979085621635562, 37.407155695763059 ], [ -5.978930344411964, 37.407393853675572 ], [ -5.978866888366174, 37.407550905516274 ], [ -5.978585737946737, 37.408037761337887 ], [ -5.976411142821028, 37.406873644109432 ], [ -5.97640757924662, 37.406871736249563 ], [ -5.976462505424637, 37.406796021170578 ], [ -5.976460973454842, 37.406739757954981 ] ] ], [ [ [ -5.959902103294202, 37.423248312447967 ], [ -5.959963203920336, 37.423271600967091 ], [ -5.960062625509976, 37.423075368514866 ], [ -5.961054365788368, 37.423401928066809 ], [ -5.960997646565835, 37.423522724400343 ], [ -5.96114768988103, 37.423570801714114 ], [ -5.96233409512571, 37.423960045617463 ], [ -5.962132934423758, 37.424343494898579 ], [ -5.962065025896278, 37.424518657611792 ], [ -5.96169118259817, 37.425197039695689 ], [ -5.960974130080261, 37.424861368071717 ], [ -5.960298693012839, 37.424592191560642 ], [ -5.959895205209119, 37.424471666224633 ], [ -5.959405672915167, 37.424382564655239 ], [ -5.959920891842279, 37.423358228833401 ], [ -5.959856186219625, 37.423337355373278 ], [ -5.959902103294202, 37.423248312447967 ] ] ] ] } },
{ "type": "Feature", "properties": { "viviendas": 5746, "n_flats": 393, "n_rooms": 88, "n_all": 481, "ratio_flats": 6.8395405499477899, "ratio_rooms": 1.5315001740341108, "ratio": 8.3710407239819009, "mean_price": 200.17532467532467, "mean_revenue": 1529.1176046176047, "profit": 936.44057379887511, "net_profit": 1.0, "ingresos_medios": 13810.640312305739 }, "geometry": { "type": "MultiPolygon", "coordinates": [ [ [ [ -5.969049877303859, 37.36928672995014 ], [ -5.969444641881795, 37.36962645746781 ], [ -5.969769937285861, 37.369872831037043 ], [ -5.969783943517077, 37.3698837333448 ], [ -5.972869495415009, 37.372437234021682 ], [ -5.973199199160855, 37.372615913201628 ], [ -5.973387865208118, 37.372690036141371 ], [ -5.973573848365525, 37.372825011171635 ], [ -5.973305060128325, 37.373113336595395 ], [ -5.973121755605725, 37.373241845124724 ], [ -5.972927861347446, 37.373330055696989 ], [ -5.972686294182919, 37.373405979947407 ], [ -5.972628193486995, 37.373411977530758 ], [ -5.972421977924966, 37.373435175490968 ], [ -5.97073666094552, 37.372024571375377 ], [ -5.968952151977805, 37.370530865212771 ], [ -5.968385302011714, 37.370055434315333 ], [ -5.969049877303859, 37.36928672995014 ] ] ], [ [ [ -5.951508212388841, 37.371170396426145 ], [ -5.951753165285773, 37.371556234006107 ], [ -5.952276645943657, 37.372453257003215 ], [ -5.951104598507525, 37.372746090614214 ], [ -5.950784707797791, 37.372839643713377 ], [ -5.95060414931025, 37.372922983267785 ], [ -5.94967082051186, 37.373446366229786 ], [ -5.949321139318397, 37.373621798544924 ], [ -5.94905389129431, 37.373008977882236 ], [ -5.949726750151155, 37.37252817718548 ], [ -5.950344650598868, 37.372057713290232 ], [ -5.949991195891143, 37.37176243748177 ], [ -5.950447205169524, 37.371419925948388 ], [ -5.951262005929669, 37.370789089520549 ], [ -5.951508212388841, 37.371170396426145 ] ] ], [ [ [ -6.009434777282513, 37.373969587977747 ], [ -6.011037186587732, 37.373147118703166 ], [ -6.011860146187022, 37.372776976955663 ], [ -6.014202440241913, 37.372039261804275 ], [ -6.014593434563917, 37.372734372170427 ], [ -6.014746642845695, 37.373052568098458 ], [ -6.014867755146106, 37.373380623899784 ], [ -6.014949946929179, 37.373689390775603 ], [ -6.014990271440057, 37.373987930229909 ], [ -6.013661347535216, 37.374215525783633 ], [ -6.013314942634675, 37.374350484517549 ], [ -6.012221176697851, 37.374644182834068 ], [ -6.011932911383597, 37.375381393300884 ], [ -6.011747267566803, 37.375856902448923 ], [ -6.011528382926076, 37.376227432267584 ], [ -6.011375464603645, 37.376400250481275 ], [ -6.010826362441005, 37.376909801552017 ], [ -6.010017197233839, 37.376378545844936 ], [ -6.009592349176894, 37.376830837392056 ], [ -6.008889114860166, 37.37670685429498 ], [ -6.009002101616383, 37.376321036355094 ], [ -6.008783535883691, 37.376281575387502 ], [ -6.008638884527009, 37.376096034168974 ], [ -6.008551976149866, 37.376145506535053 ], [ -6.008301191712821, 37.375834272955821 ], [ -6.008171993229699, 37.375819549203975 ], [ -6.008156509269547, 37.375887538841866 ], [ -6.007908137898877, 37.376001975848446 ], [ -6.007893838673403, 37.375984332241423 ], [ -6.006980843186144, 37.376460330216645 ], [ -6.006609180766693, 37.376010222892035 ], [ -6.006716703252128, 37.375951186187606 ], [ -6.006682653635544, 37.375911532098407 ], [ -6.006698969334822, 37.375904341885835 ], [ -6.006521861781912, 37.375688074229011 ], [ -6.006502213703222, 37.375699886027036 ], [ -6.006404658145116, 37.375585205615259 ], [ -6.008983828188725, 37.374300203827204 ], [ -6.009434634316418, 37.37396954206082 ], [ -6.009434777282513, 37.373969587977747 ] ] ], [ [ [ -5.995626931484741, 37.383260885297602 ], [ -5.995038817650609, 37.383444747727907 ], [ -5.99428249393852, 37.383623828136372 ], [ -5.993951187087442, 37.383740354457125 ], [ -5.993804929061415, 37.383904012817958 ], [ -5.993759420837952, 37.38409888900069 ], [ -5.993932893507842, 37.38502443704386 ], [ -5.993943467821182, 37.385080854673426 ], [ -5.993920043367463, 37.385081448247142 ], [ -5.993938354047924, 37.385195894427468 ], [ -5.99430987588348, 37.38798417124022 ], [ -5.994334375843512, 37.388028615828013 ], [ -5.994170006245271, 37.38816795011148 ], [ -5.994050622371407, 37.388195757355689 ], [ -5.994050787623128, 37.388197327316284 ], [ -5.994004744048393, 37.388196269416099 ], [ -5.993917520935109, 37.388181791233222 ], [ -5.993871136652619, 37.388142437936921 ], [ -5.993743640815016, 37.388016929055254 ], [ -5.993650779025678, 37.38793584046023 ], [ -5.993419190256762, 37.387371919622609 ], [ -5.993227879879869, 37.387369613929046 ], [ -5.993120521144864, 37.387374717959624 ], [ -5.993126727904647, 37.387305423417992 ], [ -5.993123979708317, 37.38723635483607 ], [ -5.993111518531747, 37.387148460516784 ], [ -5.993071247362268, 37.387037430509494 ], [ -5.993063572855552, 37.386994712024503 ], [ -5.992472299959264, 37.387453123557123 ], [ -5.992442548285366, 37.387155870046314 ], [ -5.992466853849638, 37.386790494251301 ], [ -5.992464156703802, 37.386347128236487 ], [ -5.991745162104618, 37.386298582546239 ], [ -5.991810734035288, 37.386144342262547 ], [ -5.991755872047094, 37.386117122860632 ], [ -5.990757261234059, 37.386099492241051 ], [ -5.990183900310612, 37.386257048499637 ], [ -5.989598860207701, 37.386872635576239 ], [ -5.989344619917697, 37.387149246579504 ], [ -5.988745170982313, 37.386766709682405 ], [ -5.988521819044467, 37.386576379945879 ], [ -5.988464953995174, 37.386535045911153 ], [ -5.988416941955746, 37.386520482763281 ], [ -5.988426191570454, 37.386503485498608 ], [ -5.988451984611966, 37.386418156940827 ], [ -5.988039931513196, 37.386011914257423 ], [ -5.987940557228991, 37.385935576587009 ], [ -5.987869766506845, 37.385959896908993 ], [ -5.987781263062815, 37.385908084954295 ], [ -5.987652775216818, 37.385800946163755 ], [ -5.98752921608893, 37.385657677154356 ], [ -5.987480129092025, 37.385652110840361 ], [ -5.987377311150233, 37.38556011823308 ], [ -5.98734539403371, 37.385502370768776 ], [ -5.987060396638019, 37.385444229687202 ], [ -5.986338021018956, 37.385189927850938 ], [ -5.987060999049596, 37.383790795645041 ], [ -5.987130522620106, 37.383657588638826 ], [ -5.987548273303205, 37.382857177025869 ], [ -5.987652951208529, 37.382617993812786 ], [ -5.988513859006163, 37.381136534366043 ], [ -5.98877133407159, 37.381202449855849 ], [ -5.989609352446669, 37.379124408676809 ], [ -5.99059344618258, 37.377420883833167 ], [ -5.991640778134094, 37.375484218305033 ], [ -5.991961110316574, 37.375331398318274 ], [ -5.99303865505251, 37.375247875678618 ], [ -5.993519548870556, 37.376527171401804 ], [ -5.994445382745177, 37.378301300039148 ], [ -5.99507135140589, 37.379197790072098 ], [ -5.995349147512935, 37.379528614495818 ], [ -5.996314744248371, 37.380684666363621 ], [ -5.996368031953137, 37.380748462442746 ], [ -5.997568576737473, 37.382110362816029 ], [ -5.996514698237481, 37.382718255010147 ], [ -5.996010265752452, 37.383106180012568 ], [ -5.995626931484741, 37.383260885297602 ] ] ], [ [ [ -5.983307204275089, 37.38633870525608 ], [ -5.98410846926288, 37.386629341718702 ], [ -5.984105883899722, 37.386546033706487 ], [ -5.984458930605014, 37.385899649472762 ], [ -5.984482657072096, 37.385817965527401 ], [ -5.985264938210818, 37.386102338270724 ], [ -5.985277467978584, 37.386079455534471 ], [ -5.985770387619392, 37.386256223522167 ], [ -5.98542241991677, 37.386895747721958 ], [ -5.985096281547494, 37.38763608777198 ], [ -5.984982592893394, 37.388012896428769 ], [ -5.984746352606688, 37.388512178875814 ], [ -5.984478113959836, 37.389187959656162 ], [ -5.984230410424936, 37.389081611097609 ], [ -5.98359129440548, 37.388845454795309 ], [ -5.983410474704697, 37.388708055275103 ], [ -5.982841955687618, 37.388400299734073 ], [ -5.982329676080704, 37.388109174506752 ], [ -5.982885479840786, 37.387245865120605 ], [ -5.983307204275089, 37.38633870525608 ] ] ], [ [ [ -5.958052580315718, 37.396416457958708 ], [ -5.958128214860436, 37.396527204481302 ], [ -5.958273513136056, 37.397681392084991 ], [ -5.957603685741973, 37.397745432876526 ], [ -5.957621132149574, 37.397875665818646 ], [ -5.957643262373858, 37.398089115567146 ], [ -5.957147887791823, 37.398137570677527 ], [ -5.957216720885913, 37.398671957821044 ], [ -5.957471188542153, 37.398649791197194 ], [ -5.957545782860425, 37.399159291503793 ], [ -5.956419214870007, 37.399246044225428 ], [ -5.956402967130837, 37.398922078274587 ], [ -5.956363878085381, 37.398632468431359 ], [ -5.956089272032675, 37.396979173491331 ], [ -5.957612395964968, 37.396580615518438 ], [ -5.95783285595504, 37.396509777075991 ], [ -5.958052580315718, 37.396416457958708 ] ] ], [ [ [ -5.927713418144882, 37.408421458241854 ], [ -5.927898576445464, 37.408358316729071 ], [ -5.927958721950574, 37.408320788590331 ], [ -5.928007045020543, 37.408256517755589 ], [ -5.928783828666411, 37.406847383882543 ], [ -5.926815523917834, 37.406179815018739 ], [ -5.924283647871607, 37.405271624718928 ], [ -5.925595281485524, 37.404781866538606 ], [ -5.927023348798656, 37.40413152545436 ], [ -5.9280231854543, 37.403651750919295 ], [ -5.928300287353411, 37.403982766774121 ], [ -5.928689955425407, 37.404495735944643 ], [ -5.928912953624507, 37.404701966920435 ], [ -5.929110660949331, 37.404847961757632 ], [ -5.929242088061174, 37.404932579816673 ], [ -5.929640041973382, 37.405118690570966 ], [ -5.931133072273874, 37.405687615964077 ], [ -5.93142135040751, 37.40574805921247 ], [ -5.931688204129221, 37.40577522891806 ], [ -5.932179071463533, 37.405740503099928 ], [ -5.934101468997675, 37.405222007884092 ], [ -5.936765433474151, 37.404491348895178 ], [ -5.937009234990448, 37.405057440105566 ], [ -5.93736317063034, 37.405810001273188 ], [ -5.937828491530724, 37.406723512523136 ], [ -5.937933037939281, 37.406928705967026 ], [ -5.937445811211602, 37.408268783953716 ], [ -5.937248675096371, 37.409036592120167 ], [ -5.934178231034953, 37.408473964242255 ], [ -5.933269124042394, 37.410044728282166 ], [ -5.932897928055683, 37.410588363415478 ], [ -5.932356420175791, 37.411516377217254 ], [ -5.930063700310281, 37.410705984907182 ], [ -5.926981978320732, 37.409622225720767 ], [ -5.927550873164797, 37.408598946203135 ], [ -5.927713418144882, 37.408421458241854 ] ] ], [ [ [ -5.9610087637586, 37.422297235775332 ], [ -5.961619272357396, 37.422502468278878 ], [ -5.961132214878606, 37.423469786066683 ], [ -5.961187333562389, 37.423488741133191 ], [ -5.96114768988103, 37.423570801714114 ], [ -5.960997646565835, 37.423522724400343 ], [ -5.961054365788368, 37.423401928066809 ], [ -5.960062625509976, 37.423075368514866 ], [ -5.959963203920336, 37.423271600967091 ], [ -5.959902103294202, 37.423248312447967 ], [ -5.959856186219625, 37.423337355373278 ], [ -5.959920891842279, 37.423358228833401 ], [ -5.959405672915167, 37.424382564655239 ], [ -5.95893416613707, 37.424338052614573 ], [ -5.957914278722567, 37.424273514263788 ], [ -5.95865488694948, 37.423234517439802 ], [ -5.959472274361027, 37.422141796675383 ], [ -5.959706627630213, 37.421861140236899 ], [ -5.959938719719933, 37.421949900488656 ], [ -5.960839824147399, 37.422240442901284 ], [ -5.9610087637586, 37.422297235775332 ] ] ] ] } },
{ "type": "Feature", "properties": { "viviendas": 4423, "n_flats": 111, "n_rooms": 14, "n_all": 125, "ratio_flats": 2.5096088627628306, "ratio_rooms": 0.31652724395206872, "ratio": 2.8261361067148991, "mean_price": 165.55462184873949, "mean_revenue": 979.27100840336129, "profit": 335.68398361542711, "net_profit": 1.0, "ingresos_medios": 16501.66124505657 }, "geometry": { "type": "MultiPolygon", "coordinates": [ [ [ [ -5.965618094785061, 37.371905305569747 ], [ -5.966870521613981, 37.372504633790776 ], [ -5.966642681483068, 37.372796439710662 ], [ -5.966966707010121, 37.372961714468744 ], [ -5.966360283548766, 37.373787909135949 ], [ -5.966344257930078, 37.373842396994945 ], [ -5.967527212286226, 37.374405135479897 ], [ -5.967642657208783, 37.37444728044786 ], [ -5.967408400874049, 37.374944209777347 ], [ -5.966504385262639, 37.374683107150048 ], [ -5.966392365902157, 37.374634081034564 ], [ -5.964616680500216, 37.373495635814677 ], [ -5.964262215824237, 37.373268370603036 ], [ -5.964608542202464, 37.372937582726856 ], [ -5.965618094785061, 37.371905305569747 ] ] ], [ [ [ -5.975086835130095, 37.377177290980164 ], [ -5.975931422573399, 37.377424087198989 ], [ -5.977355731740214, 37.378005431102324 ], [ -5.978800162347038, 37.378534466939165 ], [ -5.978807560055608, 37.378536485341847 ], [ -5.979162965854496, 37.378633461974701 ], [ -5.979855958856867, 37.378856973758054 ], [ -5.979801567136192, 37.37989459657107 ], [ -5.979723829360312, 37.380557981560216 ], [ -5.975708301986724, 37.380180130068261 ], [ -5.974198790547058, 37.379898269686613 ], [ -5.974878034020631, 37.377817770669509 ], [ -5.975086835130095, 37.377177290980164 ] ] ], [ [ [ -6.009977971709555, 37.379787734918395 ], [ -6.009521482256914, 37.380240854957428 ], [ -6.008700666003202, 37.379333681572732 ], [ -6.009033271184813, 37.379003074382496 ], [ -6.009136009519826, 37.379056778438773 ], [ -6.009558978175165, 37.378645073845078 ], [ -6.009467114359564, 37.378579817364404 ], [ -6.010130957341194, 37.377956964584719 ], [ -6.011157863252099, 37.378631351631427 ], [ -6.010266905114673, 37.379534821150507 ], [ -6.009977971709555, 37.379787734918395 ] ] ], [ [ [ -5.955686587704957, 37.381279441128406 ], [ -5.9556395130589, 37.381276112442798 ], [ -5.955680843439034, 37.381097134958189 ], [ -5.955724939609383, 37.380737828898866 ], [ -5.957122922362191, 37.380849314967662 ], [ -5.957085384964789, 37.381248977354097 ], [ -5.955773203620756, 37.381157881236547 ], [ -5.955688480695357, 37.381804246394438 ], [ -5.955559782187082, 37.382800853286035 ], [ -5.954924931458507, 37.382744644585102 ], [ -5.955050870792377, 37.381759366070263 ], [ -5.955102991398883, 37.381348098623548 ], [ -5.955671706995527, 37.38139466517292 ], [ -5.955686587704957, 37.381279441128406 ] ] ], [ [ [ -5.996922827389403, 37.392801613789281 ], [ -5.996916027808255, 37.392231874094321 ], [ -5.99730278829128, 37.392217578877563 ], [ -5.997511776570053, 37.392228037002347 ], [ -5.99817029707676, 37.392294652412737 ], [ -5.998300406333978, 37.392322906387356 ], [ -5.998310756932717, 37.391984762782052 ], [ -5.998190816315322, 37.391672441318534 ], [ -5.997950465016982, 37.391315874267377 ], [ -5.998292910286541, 37.3911292046268 ], [ -5.998582827608305, 37.390948390532863 ], [ -5.998717621023089, 37.39098329574329 ], [ -5.999883306441306, 37.390532463284536 ], [ -6.000528027082327, 37.391155835547849 ], [ -6.000816530375193, 37.390898503636613 ], [ -6.001145053123195, 37.392014190244034 ], [ -6.001232296744996, 37.393316215519874 ], [ -6.000400888252109, 37.393233729187443 ], [ -5.999730471002327, 37.393099796127245 ], [ -5.999215453626568, 37.393020510830802 ], [ -5.998470273415433, 37.39296283987985 ], [ -5.996922827389403, 37.392801613789281 ] ] ], [ [ [ -5.958639344963878, 37.394057419386947 ], [ -5.95864121795098, 37.394058982685287 ], [ -5.957627180408125, 37.394827720786253 ], [ -5.957509799426186, 37.39446345450947 ], [ -5.957474221424917, 37.394254877214287 ], [ -5.957465632978871, 37.393950979988517 ], [ -5.957541816031927, 37.39359544802727 ], [ -5.957994047308562, 37.392390212135908 ], [ -5.958730528973294, 37.392959708391224 ], [ -5.958020347880694, 37.393540646473497 ], [ -5.958639344963878, 37.394057419386947 ] ] ], [ [ [ -5.979751189634958, 37.408747270052736 ], [ -5.979583966953881, 37.408670365844273 ], [ -5.978817377783187, 37.408658156301755 ], [ -5.978646083097694, 37.4086917394674 ], [ -5.978259443460945, 37.408658730336725 ], [ -5.978273025934286, 37.408599816339333 ], [ -5.978585737946737, 37.408037761337887 ], [ -5.978866888366174, 37.407550905516274 ], [ -5.978930344411964, 37.407393853675572 ], [ -5.980739694304298, 37.407325679755516 ], [ -5.980780475787297, 37.407905840772827 ], [ -5.980758279548322, 37.407928931838626 ], [ -5.980310904531649, 37.407947004854996 ], [ -5.980506727720469, 37.408399339686625 ], [ -5.980676475746654, 37.408358980865259 ], [ -5.980859303291536, 37.408879221439797 ], [ -5.980322409560149, 37.408843250892907 ], [ -5.980011558000536, 37.408828524493877 ], [ -5.979786896574439, 37.408838708033016 ], [ -5.979751189634958, 37.408747270052736 ] ] ], [ [ [ -5.960506217312536, 37.420971566847157 ], [ -5.961183757579712, 37.420251776086324 ], [ -5.961313394944889, 37.420106639392912 ], [ -5.96273416667042, 37.420600376087933 ], [ -5.962650029800718, 37.420755649799382 ], [ -5.96358679592567, 37.421072310431221 ], [ -5.963332311111874, 37.421558480663805 ], [ -5.963159893633176, 37.42192932636933 ], [ -5.963033646837498, 37.421890851007582 ], [ -5.963069556278766, 37.421816044239051 ], [ -5.96147635273072, 37.421286210447185 ], [ -5.961033909365103, 37.422043515280301 ], [ -5.961121730774263, 37.422072306500496 ], [ -5.9610087637586, 37.422297235775332 ], [ -5.960839824147399, 37.422240442901284 ], [ -5.959938719719933, 37.421949900488656 ], [ -5.959706627630213, 37.421861140236899 ], [ -5.959849589150187, 37.421668335730537 ], [ -5.960208633908993, 37.421265085409466 ], [ -5.960506217312536, 37.420971566847157 ] ] ] ] } },
{ "type": "Feature", "properties": { "viviendas": 4950, "n_flats": 192, "n_rooms": 19, "n_all": 211, "ratio_flats": 3.8787878787878789, "ratio_rooms": 0.38383838383838381, "ratio": 4.262626262626263, "mean_price": 240.90625, "mean_revenue": 1271.3728298611111, "profit": 657.55495634731938, "net_profit": 1.0, "ingresos_medios": 12416.020681534739 }, "geometry": { "type": "MultiPolygon", "coordinates": [ [ [ [ -5.951626882043002, 37.371102107557434 ], [ -5.952997742188931, 37.370763814305064 ], [ -5.95358496149476, 37.370165665009388 ], [ -5.954343517485415, 37.370646800543668 ], [ -5.953904959671342, 37.371097030488507 ], [ -5.953875141177788, 37.371145071152647 ], [ -5.954175679894696, 37.371216413411346 ], [ -5.954311566264144, 37.371294121405839 ], [ -5.953825532576472, 37.37159460183004 ], [ -5.953831704407684, 37.37164401443362 ], [ -5.954285774250652, 37.371945771048217 ], [ -5.954136437646707, 37.372100433430361 ], [ -5.953984203322505, 37.372180817308305 ], [ -5.952363173081595, 37.372563677431209 ], [ -5.952276645943657, 37.372453257003215 ], [ -5.951753165285773, 37.371556234006107 ], [ -5.951508212388841, 37.371170396426145 ], [ -5.951626882043002, 37.371102107557434 ] ] ], [ [ [ -5.966344257930078, 37.373842396994945 ], [ -5.966360283548766, 37.373787909135949 ], [ -5.966966707010121, 37.372961714468744 ], [ -5.966642681483068, 37.372796439710662 ], [ -5.966870521613981, 37.372504633790776 ], [ -5.968525178201301, 37.373294296170215 ], [ -5.968655992899413, 37.373194184049659 ], [ -5.968847872605597, 37.373081225611408 ], [ -5.969028054912089, 37.373002354323759 ], [ -5.969100672131524, 37.373667306156314 ], [ -5.969086578611287, 37.373726215087991 ], [ -5.968205850381441, 37.375183257055454 ], [ -5.967408400874049, 37.374944209777347 ], [ -5.967642657208783, 37.37444728044786 ], [ -5.967527212286226, 37.374405135479897 ], [ -5.966344257930078, 37.373842396994945 ] ] ], [ [ [ -6.006404658145116, 37.375585205615259 ], [ -6.006502213703222, 37.375699886027036 ], [ -6.006521861781912, 37.375688074229011 ], [ -6.006698969334822, 37.375904341885835 ], [ -6.006682653635544, 37.375911532098407 ], [ -6.006716703252128, 37.375951186187606 ], [ -6.006609180766693, 37.376010222892035 ], [ -6.006980843186144, 37.376460330216645 ], [ -6.007893838673403, 37.375984332241423 ], [ -6.007908137898877, 37.376001975848446 ], [ -6.008156509269547, 37.375887538841866 ], [ -6.008171993229699, 37.375819549203975 ], [ -6.008301191712821, 37.375834272955821 ], [ -6.008551976149866, 37.376145506535053 ], [ -6.008638884527009, 37.376096034168974 ], [ -6.008783535883691, 37.376281575387502 ], [ -6.009002101616383, 37.376321036355094 ], [ -6.008889114860166, 37.37670685429498 ], [ -6.009592349176894, 37.376830837392056 ], [ -6.010017197233839, 37.376378545844936 ], [ -6.010826362441005, 37.376909801552017 ], [ -6.01042818751774, 37.377307385478623 ], [ -6.009873081919183, 37.377781066444044 ], [ -6.009354443796773, 37.378105134696455 ], [ -6.007960233259463, 37.378820904126364 ], [ -6.007867887636257, 37.378854773006175 ], [ -6.00687944510793, 37.377604964505103 ], [ -6.00596342231821, 37.376477221521348 ], [ -6.005561142980862, 37.376021117323589 ], [ -6.006404658145116, 37.375585205615259 ] ] ], [ [ [ -5.996234915592758, 37.388246247858262 ], [ -5.996314121988067, 37.38816316018498 ], [ -5.996706094007626, 37.388137480920392 ], [ -5.997369296400314, 37.388332376203472 ], [ -5.997501641896454, 37.38808350026801 ], [ -5.997770279768014, 37.387819871355525 ], [ -5.998341831945987, 37.388242382399611 ], [ -5.998218088673558, 37.388360431806234 ], [ -5.998485990234851, 37.388565348009905 ], [ -5.998504182966314, 37.388540143263505 ], [ -5.998907157847207, 37.388282129121059 ], [ -5.998698628947382, 37.388003587242785 ], [ -5.998532471535372, 37.387854603948988 ], [ -5.998416373741921, 37.387668349139652 ], [ -5.997846646773626, 37.387083604434451 ], [ -5.997970952653195, 37.386997132219285 ], [ -5.998437285501493, 37.386669915642834 ], [ -6.000497459151822, 37.386635643689061 ], [ -6.001115081008242, 37.387156067633555 ], [ -6.000071580069188, 37.388133143649256 ], [ -5.999650505160015, 37.388459218515735 ], [ -5.999265611163936, 37.388784373446761 ], [ -5.999503395880549, 37.389062148043806 ], [ -5.999641839444636, 37.389148761336934 ], [ -5.999426952855157, 37.389361444688696 ], [ -5.999027687306509, 37.389092250068558 ], [ -5.998646349618177, 37.389336173515204 ], [ -5.998112840260379, 37.389550203845396 ], [ -5.997707349303091, 37.389797003416987 ], [ -5.997399563057727, 37.389557019085323 ], [ -5.997178471784586, 37.389330631054996 ], [ -5.997357867429122, 37.389222466463359 ], [ -5.997078776764769, 37.388891662798464 ], [ -5.996408863029066, 37.388937919482842 ], [ -5.996315064990235, 37.388881707077132 ], [ -5.99627847890084, 37.38891195444041 ], [ -5.995070510677996, 37.389003397398035 ], [ -5.99492346153355, 37.389002600865986 ], [ -5.994833451252205, 37.388331335529429 ], [ -5.996146039632134, 37.388226006835495 ], [ -5.996216982469178, 37.388230926028328 ], [ -5.996234915592758, 37.388246247858262 ] ] ], [ [ [ -5.982766256819473, 37.39185548093667 ], [ -5.982818262889531, 37.391644671476861 ], [ -5.982649801699706, 37.390301863924023 ], [ -5.984089827823327, 37.390889494857582 ], [ -5.984075296762835, 37.392748262491608 ], [ -5.983995948960361, 37.393065635721527 ], [ -5.983602130256189, 37.392965186830239 ], [ -5.983119124621862, 37.392891811911255 ], [ -5.982353895274664, 37.39276466062686 ], [ -5.982222490747577, 37.392711710076341 ], [ -5.982766256819473, 37.39185548093667 ] ] ], [ [ [ -5.957994047308562, 37.392390212135908 ], [ -5.958326584429031, 37.391543919572634 ], [ -5.958377619084859, 37.391218286987829 ], [ -5.958429133851673, 37.390669575504269 ], [ -5.958943627374846, 37.390350385918588 ], [ -5.959128844266289, 37.390523660649535 ], [ -5.959633261615088, 37.391195837186437 ], [ -5.959902684139811, 37.391581042872161 ], [ -5.960262012461111, 37.39188291470338 ], [ -5.959669176620856, 37.39234603093692 ], [ -5.958911074258435, 37.392973200896442 ], [ -5.958903370140697, 37.392980182468627 ], [ -5.959258469335617, 37.393268634587891 ], [ -5.960269329935605, 37.394061013061588 ], [ -5.961146476137592, 37.393361003896331 ], [ -5.961242675010392, 37.39343294407783 ], [ -5.961721742358017, 37.393051520635694 ], [ -5.962380453368938, 37.393571104779866 ], [ -5.962458206881704, 37.393650241000238 ], [ -5.962780114286997, 37.39406792961806 ], [ -5.962878994628327, 37.394169084848762 ], [ -5.962952429732107, 37.39424607635695 ], [ -5.963600067910306, 37.394752459162291 ], [ -5.96429749279426, 37.395295878828669 ], [ -5.964300391286574, 37.395298212843372 ], [ -5.962158248306538, 37.397021401905029 ], [ -5.962118672560575, 37.396927030995343 ], [ -5.961317369419889, 37.396308188260917 ], [ -5.961167513545114, 37.396145060157302 ], [ -5.960601728827563, 37.3957396431951 ], [ -5.960629892765365, 37.395696024217827 ], [ -5.959856246429889, 37.395171841190873 ], [ -5.959689392950292, 37.394880396417896 ], [ -5.958639344963878, 37.394057419386947 ], [ -5.958020347880694, 37.393540646473497 ], [ -5.958730528973294, 37.392959708391224 ], [ -5.957994047308562, 37.392390212135908 ] ] ], [ [ [ -5.929740127855411, 37.41153395012504 ], [ -5.929392255639578, 37.412164272879089 ], [ -5.929364862632437, 37.412214315468162 ], [ -5.928599482888374, 37.411954888262294 ], [ -5.928649331859955, 37.411853521051214 ], [ -5.928194759435199, 37.411693135580414 ], [ -5.928021508253657, 37.412002593538439 ], [ -5.928010492726955, 37.412026707080074 ], [ -5.927656369604315, 37.411892361096982 ], [ -5.927657778343746, 37.411889811297257 ], [ -5.92816662298927, 37.4109692379755 ], [ -5.929619052165619, 37.411489637813474 ], [ -5.929740127855411, 37.41153395012504 ] ] ], [ [ [ -5.986853581073706, 37.412426639225053 ], [ -5.986447116989797, 37.413114981680152 ], [ -5.986297696288516, 37.41336838460073 ], [ -5.983880062192147, 37.413466988699625 ], [ -5.983887757871541, 37.413438665086119 ], [ -5.983844699596046, 37.413439752793366 ], [ -5.984180540338052, 37.413196987392581 ], [ -5.984934189253507, 37.412524706322088 ], [ -5.985346738616531, 37.412153854844355 ], [ -5.985947268183811, 37.411510196574696 ], [ -5.986602397271039, 37.411709913002674 ], [ -5.986510922905799, 37.411935218498883 ], [ -5.986292252336521, 37.412206542625547 ], [ -5.986853581073706, 37.412426639225053 ] ] ], [ [ [ -5.96461759283676, 37.4195574869631 ], [ -5.964281679598957, 37.420232691067284 ], [ -5.964064313326852, 37.420154788014834 ], [ -5.96358679592567, 37.421072310431221 ], [ -5.962650029800718, 37.420755649799382 ], [ -5.96273416667042, 37.420600376087933 ], [ -5.961313394944889, 37.420106639392912 ], [ -5.961851552726127, 37.419428586778373 ], [ -5.962212422359848, 37.419246099871373 ], [ -5.962826419672652, 37.418969425406424 ], [ -5.96461759283676, 37.4195574869631 ] ] ] ] } },
{ "type": "Feature", "properties": { "viviendas": 5308, "n_flats": 249, "n_rooms": 46, "n_all": 295, "ratio_flats": 4.6910324039186131, "ratio_rooms": 0.86661642803315753, "ratio": 5.557648831951771, "mean_price": 177.92335766423358, "mean_revenue": 1395.5678223844282, "profit": 747.97892928161684, "net_profit": 1.0, "ingresos_medios": 14162.334946976809 }, "geometry": { "type": "MultiPolygon", "coordinates": [ [ [ [ -5.971784218010376, 37.375606944440634 ], [ -5.971790273636586, 37.37554596670266 ], [ -5.971794876416489, 37.375500807643192 ], [ -5.97223837664522, 37.374951258850047 ], [ -5.972491378093648, 37.374647573247991 ], [ -5.972567568559747, 37.374584836573284 ], [ -5.973720218811903, 37.375517712116043 ], [ -5.974406766729885, 37.374993594745462 ], [ -5.974763595320382, 37.375263926533741 ], [ -5.974963150031736, 37.375457112217653 ], [ -5.975532514114976, 37.375940636134509 ], [ -5.977479530427978, 37.377590078992981 ], [ -5.977735092072956, 37.377842728677052 ], [ -5.978184108291138, 37.378119714403581 ], [ -5.978665552047014, 37.378386929738433 ], [ -5.978800162347038, 37.378534466939165 ], [ -5.977355731740214, 37.378005431102324 ], [ -5.975931422573399, 37.377424087198989 ], [ -5.975086835130095, 37.377177290980164 ], [ -5.973528160637742, 37.376729951003369 ], [ -5.971539405612293, 37.376158232444382 ], [ -5.971784218010376, 37.375606944440634 ] ] ], [ [ [ -6.011375464603645, 37.376400250481275 ], [ -6.011528382926076, 37.376227432267584 ], [ -6.011747267566803, 37.375856902448923 ], [ -6.011932911383597, 37.375381393300884 ], [ -6.012135640111422, 37.375434798635197 ], [ -6.012172130378092, 37.375456381291684 ], [ -6.01261174859616, 37.375852902046539 ], [ -6.012745846079936, 37.37591030423917 ], [ -6.012817129199536, 37.375910740233053 ], [ -6.013322621368724, 37.37578073283413 ], [ -6.013441677310093, 37.375647065223632 ], [ -6.014797979104811, 37.376017933213923 ], [ -6.014736446554655, 37.376195196258102 ], [ -6.014675772062799, 37.376525617597217 ], [ -6.014589409900037, 37.377674414962954 ], [ -6.014460278023265, 37.377409622263841 ], [ -6.014331316641791, 37.377221417409615 ], [ -6.014163348864542, 37.377061302159255 ], [ -6.013946893728522, 37.376920394102228 ], [ -6.013222292868242, 37.376609958120959 ], [ -6.013019956636407, 37.376817881353674 ], [ -6.012624800240838, 37.376663518125945 ], [ -6.012431123000553, 37.376677437759952 ], [ -6.012165291368415, 37.376510789556924 ], [ -6.012108658056024, 37.376568533908483 ], [ -6.01173468451683, 37.376330309743764 ], [ -6.011594053006197, 37.376462272967004 ], [ -6.01163523511838, 37.37649048960737 ], [ -6.011210628520389, 37.376902279117445 ], [ -6.011541982907831, 37.377119096314878 ], [ -6.011105137669914, 37.377542456106191 ], [ -6.010766597492919, 37.377325819901749 ], [ -6.010130957341194, 37.377956964584719 ], [ -6.009873081919183, 37.377781066444044 ], [ -6.01042818751774, 37.377307385478623 ], [ -6.010826362441005, 37.376909801552017 ], [ -6.011375464603645, 37.376400250481275 ] ] ], [ [ [ -5.972583033934222, 37.377769676278241 ], [ -5.97269802314448, 37.377787049244617 ], [ -5.973017427647735, 37.377610037606921 ], [ -5.973274254380977, 37.377783827737858 ], [ -5.973300991374804, 37.377821427629534 ], [ -5.973302323274694, 37.377855165078962 ], [ -5.973264624409466, 37.377914685540794 ], [ -5.972894106701962, 37.378115478022259 ], [ -5.972709688101017, 37.377903896769098 ], [ -5.972569652307118, 37.377846579917403 ], [ -5.971646504488769, 37.378367588293173 ], [ -5.972233744453272, 37.379003861028281 ], [ -5.971296947251425, 37.379527468299727 ], [ -5.970163639016898, 37.378249446636545 ], [ -5.972042313543588, 37.377184036262292 ], [ -5.972092348139052, 37.377214333019658 ], [ -5.972202716623598, 37.377333204120013 ], [ -5.972583033934222, 37.377769676278241 ] ] ], [ [ [ -5.946975463591372, 37.385380451983785 ], [ -5.947106573378931, 37.385377183592723 ], [ -5.947173445987596, 37.384780831120359 ], [ -5.947150808614119, 37.384707067532048 ], [ -5.947752905848006, 37.384926337264986 ], [ -5.948356819374219, 37.385114008528916 ], [ -5.948369238946364, 37.385119434816623 ], [ -5.94855676864628, 37.385201361290548 ], [ -5.948647998876489, 37.38516592617956 ], [ -5.949310272045758, 37.385446359814651 ], [ -5.949624009122736, 37.385048092572035 ], [ -5.950585183301957, 37.385731299365695 ], [ -5.950455483181217, 37.386917792285018 ], [ -5.946441526565287, 37.386682242942747 ], [ -5.946461541823695, 37.386233489287427 ], [ -5.946900100424873, 37.386249592896014 ], [ -5.946975463591372, 37.385380451983785 ] ] ], [ [ [ -5.99481014787271, 37.392003676545137 ], [ -5.994814909681514, 37.391875157858941 ], [ -5.994663373864278, 37.391311355354638 ], [ -5.994541022573098, 37.391035109836558 ], [ -5.994432033425353, 37.3906076289773 ], [ -5.994349456528922, 37.390123163359029 ], [ -5.994315914504353, 37.390047452392011 ], [ -5.99420663594734, 37.389455488651301 ], [ -5.994167143219901, 37.389102866662171 ], [ -5.994145478217417, 37.389098896908266 ], [ -5.994050787623128, 37.388197327316284 ], [ -5.994050622371407, 37.388195757355689 ], [ -5.994170006245271, 37.38816795011148 ], [ -5.994334375843512, 37.388028615828013 ], [ -5.994467876562872, 37.388110855335057 ], [ -5.994695658742959, 37.388190668915186 ], [ -5.994833451252205, 37.388331335529429 ], [ -5.99492346153355, 37.389002600865986 ], [ -5.995070510677996, 37.389003397398035 ], [ -5.99627847890084, 37.38891195444041 ], [ -5.996315064990235, 37.388881707077132 ], [ -5.996408863029066, 37.388937919482842 ], [ -5.997078776764769, 37.388891662798464 ], [ -5.997357867429122, 37.389222466463359 ], [ -5.997178471784586, 37.389330631054996 ], [ -5.997399563057727, 37.389557019085323 ], [ -5.997707349303091, 37.389797003416987 ], [ -5.9975069902514, 37.389914724507683 ], [ -5.997885355892771, 37.390457009906989 ], [ -5.997816917070775, 37.390501541300971 ], [ -5.997956063446151, 37.39063316272351 ], [ -5.998048221985248, 37.390691645468983 ], [ -5.998487015023448, 37.390930556622656 ], [ -5.998582827608305, 37.390948390532863 ], [ -5.998292910286541, 37.3911292046268 ], [ -5.997950465016982, 37.391315874267377 ], [ -5.998190816315322, 37.391672441318534 ], [ -5.998310756932717, 37.391984762782052 ], [ -5.998300406333978, 37.392322906387356 ], [ -5.99817029707676, 37.392294652412737 ], [ -5.997511776570053, 37.392228037002347 ], [ -5.99730278829128, 37.392217578877563 ], [ -5.996916027808255, 37.392231874094321 ], [ -5.996922827389403, 37.392801613789281 ], [ -5.996140455027084, 37.392704306797015 ], [ -5.99539751850272, 37.39269833776374 ], [ -5.994962225471537, 37.392725164478797 ], [ -5.994861312962578, 37.392358308928976 ], [ -5.994847647997671, 37.392182920306794 ], [ -5.99481014787271, 37.392003676545137 ] ] ], [ [ [ -5.972794686651304, 37.406809025510888 ], [ -5.973471444452582, 37.406323955501442 ], [ -5.973482326176428, 37.40631621090025 ], [ -5.973482353639024, 37.406316191286678 ], [ -5.974928255152388, 37.405287118606161 ], [ -5.975051323409579, 37.405351598760838 ], [ -5.975162219970206, 37.405411879132458 ], [ -5.974176265117552, 37.406907668854778 ], [ -5.973859710694748, 37.407348127597139 ], [ -5.973056225426431, 37.40855995261758 ], [ -5.972139126055596, 37.409934605385537 ], [ -5.971800670672105, 37.409796689450438 ], [ -5.972664536217258, 37.408490992626405 ], [ -5.9727560859945, 37.408391808524165 ], [ -5.972634728429494, 37.408309258189341 ], [ -5.972568278337859, 37.408238850948933 ], [ -5.972483000248108, 37.408065283783493 ], [ -5.972454265591682, 37.407953403120239 ], [ -5.972278430934479, 37.407818132537109 ], [ -5.971931722301274, 37.407491222435397 ], [ -5.972002650645419, 37.407430888835023 ], [ -5.972787470102925, 37.406814198095255 ], [ -5.972794686651304, 37.406809025510888 ] ] ], [ [ [ -5.92816662298927, 37.4109692379755 ], [ -5.927657778343746, 37.411889811297257 ], [ -5.926221332857029, 37.411365352742216 ], [ -5.926033414027472, 37.411302038190989 ], [ -5.926542093782516, 37.410401289247581 ], [ -5.927636367473112, 37.410795406263041 ], [ -5.92816662298927, 37.4109692379755 ] ] ], [ [ [ -5.966665409786573, 37.414711073844749 ], [ -5.966785697895826, 37.415254306415669 ], [ -5.966834379344599, 37.415285707490575 ], [ -5.96762601380813, 37.415796330515263 ], [ -5.967529372548399, 37.415971424244667 ], [ -5.967259018808758, 37.416191373734144 ], [ -5.966881855578667, 37.416498215938326 ], [ -5.966661196284402, 37.416625640223373 ], [ -5.966603457078297, 37.416671582971183 ], [ -5.965984976682849, 37.417097106575255 ], [ -5.965353055828143, 37.417468320523376 ], [ -5.964630487663813, 37.415862094843952 ], [ -5.96549274226556, 37.414931980563537 ], [ -5.965521574811726, 37.414587765861647 ], [ -5.966261519242088, 37.414017308231671 ], [ -5.966533851602136, 37.413880964976983 ], [ -5.966589145902326, 37.414089817252389 ], [ -5.966651945966096, 37.414369781035973 ], [ -5.966665409786573, 37.414711073844749 ] ] ] ] } },
{ "type": "Feature", "properties": { "viviendas": 5844, "n_flats": 212, "n_rooms": 27, "n_all": 239, "ratio_flats": 3.6276522929500343, "ratio_rooms": 0.46201232032854211, "ratio": 4.0896646132785763, "mean_price": 192.39555555555555, "mean_revenue": 1471.3733333333332, "profit": 810.49020142396489, "net_profit": 1.0, "ingresos_medios": 14148.884954176716 }, "geometry": { "type": "MultiPolygon", "coordinates": [ [ [ [ -5.985121919273633, 37.369650600359456 ], [ -5.985483050803975, 37.369598671215996 ], [ -5.985386998389907, 37.370130470879566 ], [ -5.98549283361046, 37.371986184646644 ], [ -5.981775217660955, 37.371784946537737 ], [ -5.981769060625418, 37.371785474942158 ], [ -5.981712249645081, 37.369752891176056 ], [ -5.982077578176423, 37.369786417907363 ], [ -5.985121919273633, 37.369650600359456 ] ] ], [ [ [ -6.013661347535216, 37.374215525783633 ], [ -6.014990271440057, 37.373987930229909 ], [ -6.015010624483176, 37.374433406987357 ], [ -6.014953585392224, 37.375507111421072 ], [ -6.014855583233961, 37.375888070345539 ], [ -6.014797979104811, 37.376017933213923 ], [ -6.013441677310093, 37.375647065223632 ], [ -6.013322621368724, 37.37578073283413 ], [ -6.012817129199536, 37.375910740233053 ], [ -6.012745846079936, 37.37591030423917 ], [ -6.01261174859616, 37.375852902046539 ], [ -6.012172130378092, 37.375456381291684 ], [ -6.012135640111422, 37.375434798635197 ], [ -6.011932911383597, 37.375381393300884 ], [ -6.012221176697851, 37.374644182834068 ], [ -6.013314942634675, 37.374350484517549 ], [ -6.013661347535216, 37.374215525783633 ] ] ], [ [ [ -5.945151441286711, 37.385588100437708 ], [ -5.945726136885038, 37.385594040765291 ], [ -5.945722199484552, 37.385659483530759 ], [ -5.945946990527288, 37.385669640479335 ], [ -5.945978083028218, 37.385276912987003 ], [ -5.945733549286941, 37.38527398287669 ], [ -5.945766656651535, 37.384604144539622 ], [ -5.945621610175674, 37.384607758862579 ], [ -5.945480670777976, 37.384235095086744 ], [ -5.945869528298361, 37.384090234021137 ], [ -5.94656610657111, 37.383780012922195 ], [ -5.946589658391425, 37.384534084118989 ], [ -5.946506157131348, 37.385196154183951 ], [ -5.946511958275644, 37.385376246657344 ], [ -5.946461541823695, 37.386233489287427 ], [ -5.946441526565287, 37.386682242942747 ], [ -5.94540912771019, 37.386626886924255 ], [ -5.945386572596669, 37.385857066992997 ], [ -5.945126482697522, 37.38579370220392 ], [ -5.945151441286711, 37.385588100437708 ] ] ], [ [ [ -5.979983042650869, 37.38414066953758 ], [ -5.98033789940518, 37.384226317846554 ], [ -5.980457993290188, 37.384234579683479 ], [ -5.981571430207971, 37.384330359039488 ], [ -5.98120932531683, 37.386917657159906 ], [ -5.98000059065409, 37.386834988767752 ], [ -5.979663273110471, 37.386767206024238 ], [ -5.979446103481756, 37.386715465303162 ], [ -5.979373712526467, 37.386698218032812 ], [ -5.979440066375886, 37.386563037222899 ], [ -5.979595139336658, 37.386253966847761 ], [ -5.979254052956049, 37.386090914983448 ], [ -5.978766679034716, 37.385855261046935 ], [ -5.978688077378063, 37.385729929892534 ], [ -5.979248993938631, 37.384334909653099 ], [ -5.97939401755279, 37.384027102110693 ], [ -5.979983042650869, 37.38414066953758 ] ] ], [ [ [ -5.995096899713984, 37.385211584097796 ], [ -5.9950614471297, 37.385259778448535 ], [ -5.995118398171367, 37.385343937973815 ], [ -5.995261134360599, 37.385534045196323 ], [ -5.995326635630446, 37.385566174311592 ], [ -5.995461604757507, 37.385724941149626 ], [ -5.995574820133602, 37.385821181707904 ], [ -5.996019321280185, 37.386066693534538 ], [ -5.996386860856393, 37.386280406357962 ], [ -5.996459362967081, 37.386292057342793 ], [ -5.996591594292204, 37.386281987181825 ], [ -5.996671065571235, 37.38620787521873 ], [ -5.997376608012607, 37.386428733149387 ], [ -5.997274529807308, 37.38660705241027 ], [ -5.997970952653195, 37.386997132219285 ], [ -5.997846646773626, 37.387083604434451 ], [ -5.998416373741921, 37.387668349139652 ], [ -5.998532471535372, 37.387854603948988 ], [ -5.998698628947382, 37.388003587242785 ], [ -5.998907157847207, 37.388282129121059 ], [ -5.998504182966314, 37.388540143263505 ], [ -5.998485990234851, 37.388565348009905 ], [ -5.998218088673558, 37.388360431806234 ], [ -5.998341831945987, 37.388242382399611 ], [ -5.997770279768014, 37.387819871355525 ], [ -5.997501641896454, 37.38808350026801 ], [ -5.997369296400314, 37.388332376203472 ], [ -5.996706094007626, 37.388137480920392 ], [ -5.996314121988067, 37.38816316018498 ], [ -5.996234915592758, 37.388246247858262 ], [ -5.996216982469178, 37.388230926028328 ], [ -5.996146039632134, 37.388226006835495 ], [ -5.994833451252205, 37.388331335529429 ], [ -5.994695658742959, 37.388190668915186 ], [ -5.994467876562872, 37.388110855335057 ], [ -5.994334375843512, 37.388028615828013 ], [ -5.99430987588348, 37.38798417124022 ], [ -5.993938354047924, 37.385195894427468 ], [ -5.994353802546377, 37.38510538559531 ], [ -5.994797803368737, 37.385243425849971 ], [ -5.994800401845257, 37.385252903993667 ], [ -5.995096899713984, 37.385211584097796 ] ] ], [ [ [ -5.961146476137592, 37.393361003896331 ], [ -5.960269329935605, 37.394061013061588 ], [ -5.959258469335617, 37.393268634587891 ], [ -5.958903370140697, 37.392980182468627 ], [ -5.958911074258435, 37.392973200896442 ], [ -5.959669176620856, 37.39234603093692 ], [ -5.960262012461111, 37.39188291470338 ], [ -5.961721742358017, 37.393051520635694 ], [ -5.961242675010392, 37.39343294407783 ], [ -5.961146476137592, 37.393361003896331 ] ] ], [ [ [ -5.926542093782516, 37.410401289247581 ], [ -5.926033414027472, 37.411302038190989 ], [ -5.925877666833854, 37.411577823604958 ], [ -5.925374828303994, 37.412473326015451 ], [ -5.922020475615225, 37.411272294184592 ], [ -5.922025993562931, 37.411262436938735 ], [ -5.923175089710162, 37.409209603792938 ], [ -5.924919912885934, 37.409826442907175 ], [ -5.926542093782516, 37.410401289247581 ] ] ], [ [ [ -5.973419945743697, 37.410593938890059 ], [ -5.973515950291123, 37.410562238676057 ], [ -5.973274027164248, 37.410086250389945 ], [ -5.973431597592246, 37.410037223924078 ], [ -5.973568866230355, 37.410040577830948 ], [ -5.973696448325573, 37.409999041335567 ], [ -5.973802272655685, 37.41002789632018 ], [ -5.974111749615727, 37.409583129486542 ], [ -5.974305141551387, 37.409729172386371 ], [ -5.974416816390788, 37.409782703709197 ], [ -5.974661888052825, 37.409864350669693 ], [ -5.974587984735449, 37.409938308204474 ], [ -5.974387178154813, 37.410452420233526 ], [ -5.974112582294043, 37.411283808494915 ], [ -5.974000686140434, 37.411568223158248 ], [ -5.973813497841837, 37.411624730598639 ], [ -5.973651793500967, 37.411624280873774 ], [ -5.973129091320634, 37.411786128538836 ], [ -5.972626348912106, 37.410771591865853 ], [ -5.973143167551567, 37.410616643544301 ], [ -5.973259149945437, 37.410665544208626 ], [ -5.973342454658835, 37.410643184307304 ], [ -5.973419945743697, 37.410593938890059 ] ] ], [ [ [ -5.964847434215082, 37.418222689094961 ], [ -5.965596393540189, 37.418460674017062 ], [ -5.965574622918989, 37.418504046237167 ], [ -5.965871891558273, 37.418606918022206 ], [ -5.965733286959718, 37.418873970254801 ], [ -5.966519002847785, 37.419131339714731 ], [ -5.966612924051086, 37.419162753447502 ], [ -5.966161566729354, 37.420061616492532 ], [ -5.96461759283676, 37.4195574869631 ], [ -5.962826419672652, 37.418969425406424 ], [ -5.963054923677839, 37.418851056197326 ], [ -5.964432874945103, 37.418059608472369 ], [ -5.964847434215082, 37.418222689094961 ] ] ] ] } },
{ "type": "Feature", "properties": { "viviendas": 5766, "n_flats": 222, "n_rooms": 16, "n_all": 238, "ratio_flats": 3.8501560874089491, "ratio_rooms": 0.27748872702046479, "ratio": 4.1276448144294138, "mean_price": 144.81018518518519, "mean_revenue": 1225.3260030864199, "profit": 659.28102667125484, "net_profit": 1.0, "ingresos_medios": 9946.9646120472844 }, "geometry": { "type": "MultiPolygon", "coordinates": [ [ [ [ -5.959640849900166, 37.361233495544475 ], [ -5.960715317830111, 37.360674987942183 ], [ -5.961764249161194, 37.36153173443499 ], [ -5.96202455814957, 37.361333739759687 ], [ -5.96379337945423, 37.362791897934812 ], [ -5.965507321698237, 37.364213126996468 ], [ -5.965183558581718, 37.364462305377693 ], [ -5.963360736212793, 37.36586857217663 ], [ -5.960750448461723, 37.363751175197692 ], [ -5.960323288889866, 37.363451004209566 ], [ -5.958387134415305, 37.361902369933397 ], [ -5.959061618526981, 37.361027253645517 ], [ -5.959452839784046, 37.361319305404834 ], [ -5.959640849900166, 37.361233495544475 ] ] ], [ [ [ -6.011541982907831, 37.377119096314878 ], [ -6.011210628520389, 37.376902279117445 ], [ -6.01163523511838, 37.37649048960737 ], [ -6.011594053006197, 37.376462272967004 ], [ -6.01173468451683, 37.376330309743764 ], [ -6.012108658056024, 37.376568533908483 ], [ -6.012165291368415, 37.376510789556924 ], [ -6.012431123000553, 37.376677437759952 ], [ -6.012624800240838, 37.376663518125945 ], [ -6.013019956636407, 37.376817881353674 ], [ -6.011928136371504, 37.37787739248251 ], [ -6.011157863252099, 37.378631351631427 ], [ -6.010130957341194, 37.377956964584719 ], [ -6.010766597492919, 37.377325819901749 ], [ -6.011105137669914, 37.377542456106191 ], [ -6.011541982907831, 37.377119096314878 ] ] ], [ [ [ -5.950775089040186, 37.384060223099439 ], [ -5.952182019241191, 37.383099301762002 ], [ -5.952442646919689, 37.381087909528226 ], [ -5.953670568166864, 37.380525642345177 ], [ -5.953791854880465, 37.380585667127953 ], [ -5.953779790268052, 37.380691873895266 ], [ -5.954065512874744, 37.380851405883462 ], [ -5.953944909367194, 37.381667631669337 ], [ -5.953814717251345, 37.382648497635067 ], [ -5.953437602559807, 37.38549852099078 ], [ -5.953461625317394, 37.385678081647008 ], [ -5.953527229758479, 37.385847655265685 ], [ -5.953422856758067, 37.385868274812147 ], [ -5.953320799032822, 37.385861836822116 ], [ -5.953241905131351, 37.386530607418557 ], [ -5.953685489034456, 37.386553295587319 ], [ -5.95361357339717, 37.387118235853173 ], [ -5.950455483181217, 37.386917792285018 ], [ -5.950585183301957, 37.385731299365695 ], [ -5.950729759240492, 37.384408281561043 ], [ -5.950775089040186, 37.384060223099439 ] ] ], [ [ [ -5.980142047741103, 37.389313505153453 ], [ -5.978267917053787, 37.390276243353334 ], [ -5.977893387200504, 37.390476408964091 ], [ -5.978296978434641, 37.391760871233885 ], [ -5.978181053825058, 37.391761976071962 ], [ -5.978095602535148, 37.391762792016785 ], [ -5.977987456602876, 37.391618403583813 ], [ -5.976783517456421, 37.390898437642122 ], [ -5.975390730509532, 37.390114919919135 ], [ -5.975410690153426, 37.390096919536369 ], [ -5.975641974603593, 37.389888329595763 ], [ -5.976386155674996, 37.389274915159994 ], [ -5.97686959873329, 37.388904556002956 ], [ -5.97725572639296, 37.38859749414253 ], [ -5.977522623168189, 37.388439836802526 ], [ -5.977799785411726, 37.389613208681773 ], [ -5.97880285397031, 37.389331133959104 ], [ -5.979611441840333, 37.388869271503211 ], [ -5.979630131517733, 37.388776425182336 ], [ -5.979511312885811, 37.388590197040095 ], [ -5.979528839890337, 37.388281143403269 ], [ -5.97964146395587, 37.38756877244154 ], [ -5.979946591540663, 37.387624134090274 ], [ -5.981079613788945, 37.387774032871327 ], [ -5.980990090040257, 37.388395704313496 ], [ -5.981242471927622, 37.388732641245298 ], [ -5.980142047741103, 37.389313505153453 ] ] ], [ [ [ -5.992189895340898, 37.392703012815446 ], [ -5.992210114441884, 37.392402908880122 ], [ -5.992189946513284, 37.392349388634443 ], [ -5.992125163165296, 37.392294691628649 ], [ -5.991969309023657, 37.392271583569212 ], [ -5.992159726003152, 37.391255393769569 ], [ -5.992247065601116, 37.391090958854107 ], [ -5.992367964148702, 37.391038331386213 ], [ -5.992392529937026, 37.390893569626087 ], [ -5.992401143688455, 37.390595994180309 ], [ -5.992383145123559, 37.390368941889406 ], [ -5.992316004723425, 37.389748909565157 ], [ -5.992355660289505, 37.389743423325527 ], [ -5.992554817662456, 37.389418492503381 ], [ -5.993228151228265, 37.389658255993247 ], [ -5.993302455286218, 37.389424360946784 ], [ -5.993342814731479, 37.389355778880216 ], [ -5.993585882093599, 37.389358610145031 ], [ -5.99378219878937, 37.389387408261001 ], [ -5.993971577776748, 37.389242954344375 ], [ -5.994110325284856, 37.389088546174555 ], [ -5.994145478217417, 37.389098896908266 ], [ -5.994167143219901, 37.389102866662171 ], [ -5.99420663594734, 37.389455488651301 ], [ -5.994315914504353, 37.390047452392011 ], [ -5.994349456528922, 37.390123163359029 ], [ -5.994432033425353, 37.3906076289773 ], [ -5.994541022573098, 37.391035109836558 ], [ -5.994663373864278, 37.391311355354638 ], [ -5.994814909681514, 37.391875157858941 ], [ -5.99481014787271, 37.392003676545137 ], [ -5.994847647997671, 37.392182920306794 ], [ -5.994861312962578, 37.392358308928976 ], [ -5.994962225471537, 37.392725164478797 ], [ -5.994810781559937, 37.392738008723562 ], [ -5.993678214964236, 37.392802726406913 ], [ -5.993015696887243, 37.392790236226929 ], [ -5.992267628606504, 37.392784436048444 ], [ -5.992238961062708, 37.392764861292015 ], [ -5.992189895340898, 37.392703012815446 ] ] ], [ [ [ -5.963742309456972, 37.392421929351009 ], [ -5.964318859898031, 37.391968205111681 ], [ -5.964458682458702, 37.392027772196812 ], [ -5.965736933000811, 37.392448479056945 ], [ -5.966347518096222, 37.392642657387867 ], [ -5.96625084156938, 37.392841038963525 ], [ -5.966022884298677, 37.393306307169169 ], [ -5.965689697691744, 37.393954393180309 ], [ -5.965529153362807, 37.394197208575015 ], [ -5.96429749279426, 37.395295878828669 ], [ -5.963600067910306, 37.394752459162291 ], [ -5.962952429732107, 37.39424607635695 ], [ -5.962878994628327, 37.394169084848762 ], [ -5.963090684796311, 37.393771827291161 ], [ -5.963593081460258, 37.392594595226889 ], [ -5.963742309456972, 37.392421929351009 ] ] ], [ [ [ -5.922699698044435, 37.406509215698811 ], [ -5.921502256708766, 37.408604461359403 ], [ -5.921510763492308, 37.40860753898464 ], [ -5.920302434883822, 37.410684667691463 ], [ -5.920289841421271, 37.410706315487616 ], [ -5.919342693102969, 37.410329199399769 ], [ -5.919004784324706, 37.410941631745388 ], [ -5.919018528001296, 37.410909392395943 ], [ -5.918413943479679, 37.410733603438018 ], [ -5.918725859413119, 37.410137925198455 ], [ -5.920708126132299, 37.406626010254918 ], [ -5.923167026360621, 37.405691183111507 ], [ -5.922699698044435, 37.406509215698811 ] ] ], [ [ [ -5.983081423987779, 37.41276521805392 ], [ -5.983433671632417, 37.412702253742225 ], [ -5.983650638451786, 37.412692348422908 ], [ -5.983487448139444, 37.413272004656434 ], [ -5.983244739617135, 37.41349710614405 ], [ -5.983240118844354, 37.413491059612817 ], [ -5.983239666726359, 37.413479669950647 ], [ -5.981467219249335, 37.413937872841188 ], [ -5.98126620665565, 37.41353691171841 ], [ -5.981259330379312, 37.413538816202575 ], [ -5.98071239880407, 37.412266342341752 ], [ -5.98081770030013, 37.41221188956203 ], [ -5.980865804650111, 37.412156590516027 ], [ -5.980733888515773, 37.411837814525818 ], [ -5.981197298138914, 37.411706749398213 ], [ -5.981446338985209, 37.411898708279267 ], [ -5.982909291956798, 37.412816876866302 ], [ -5.983081423987779, 37.41276521805392 ] ] ], [ [ [ -5.96709554536888, 37.418022083251365 ], [ -5.968916464670507, 37.418611543296841 ], [ -5.968139767365222, 37.420135838470301 ], [ -5.967867922918555, 37.420631455802393 ], [ -5.96640944711497, 37.420152256186121 ], [ -5.966161566729354, 37.420061616492532 ], [ -5.966612924051086, 37.419162753447502 ], [ -5.966519002847785, 37.419131339714731 ], [ -5.96709554536888, 37.418022083251365 ] ] ] ] } },
{ "type": "Feature", "properties": { "viviendas": 5144, "n_flats": 275, "n_rooms": 15, "n_all": 290, "ratio_flats": 5.3460342146189737, "ratio_rooms": 0.29160186625194401, "ratio": 5.6376360808709176, "mean_price": 202.49270072992701, "mean_revenue": 1590.5182481751824, "profit": 1008.0218479718571, "net_profit": 1.0, "ingresos_medios": 10914.188469578487 }, "geometry": { "type": "MultiPolygon", "coordinates": [ [ [ [ -5.974282059210264, 37.359009892609578 ], [ -5.975682069017208, 37.362441458187263 ], [ -5.976774107913964, 37.365081043552593 ], [ -5.977071401856702, 37.365801139459187 ], [ -5.976207196234226, 37.36597387111987 ], [ -5.975239114319562, 37.366169447952515 ], [ -5.974264031307361, 37.363373668518435 ], [ -5.974104613117443, 37.363044282956395 ], [ -5.972698178497061, 37.358946114835085 ], [ -5.972528349772277, 37.358463822632764 ], [ -5.973915727125439, 37.358111288811763 ], [ -5.974282059210264, 37.359009892609578 ] ] ], [ [ [ -5.944176066654355, 37.376018447373994 ], [ -5.94421352930678, 37.37599921321776 ], [ -5.944900028137543, 37.375646752338596 ], [ -5.945259062205383, 37.375402282296186 ], [ -5.946920465575441, 37.376749267755294 ], [ -5.947495354808852, 37.376782610871139 ], [ -5.947769931041305, 37.376928342214917 ], [ -5.948063319629692, 37.376925707460273 ], [ -5.948065019832123, 37.377072608698413 ], [ -5.94799330663429, 37.377367252544047 ], [ -5.947858733849205, 37.378210835201173 ], [ -5.947846487841455, 37.378573791270192 ], [ -5.945800265478039, 37.378735185837023 ], [ -5.945307693450488, 37.378695644280654 ], [ -5.944804286312587, 37.378611339730746 ], [ -5.943498248552105, 37.378301443258991 ], [ -5.943949526326522, 37.376992716748802 ], [ -5.944075861012145, 37.376523266300886 ], [ -5.944176066654355, 37.376018447373994 ] ] ], [ [ [ -6.009873081919183, 37.377781066444044 ], [ -6.010130957341194, 37.377956964584719 ], [ -6.009467114359564, 37.378579817364404 ], [ -6.009558978175165, 37.378645073845078 ], [ -6.009136009519826, 37.379056778438773 ], [ -6.009033271184813, 37.379003074382496 ], [ -6.008700666003202, 37.379333681572732 ], [ -6.009521482256914, 37.380240854957428 ], [ -6.009308496683645, 37.380433247835697 ], [ -6.009239391775587, 37.380421460491405 ], [ -6.009148813838628, 37.380441796571105 ], [ -6.007867887636257, 37.378854773006175 ], [ -6.007960233259463, 37.378820904126364 ], [ -6.009354443796773, 37.378105134696455 ], [ -6.009873081919183, 37.377781066444044 ] ] ], [ [ [ -5.992646710163133, 37.388774173541051 ], [ -5.992494972032983, 37.388685677403821 ], [ -5.992214443749718, 37.388460743710993 ], [ -5.991826611905998, 37.388463808327636 ], [ -5.991506450997226, 37.388426833526943 ], [ -5.991504664023497, 37.388381871800874 ], [ -5.991167707505252, 37.388329575336705 ], [ -5.990914449535087, 37.388279682408005 ], [ -5.990899641193923, 37.388207960873572 ], [ -5.990660412270058, 37.388155446980555 ], [ -5.99048009538015, 37.388085677442575 ], [ -5.990365931979663, 37.388023241155715 ], [ -5.989954800416126, 37.387743038614445 ], [ -5.989578450451878, 37.387525032217859 ], [ -5.989383949708768, 37.387180829262505 ], [ -5.989349611272742, 37.387152431682935 ], [ -5.989344619917697, 37.387149246579504 ], [ -5.989598860207701, 37.386872635576239 ], [ -5.990183900310612, 37.386257048499637 ], [ -5.990757261234059, 37.386099492241051 ], [ -5.991755872047094, 37.386117122860632 ], [ -5.991810734035288, 37.386144342262547 ], [ -5.991745162104618, 37.386298582546239 ], [ -5.992464156703802, 37.386347128236487 ], [ -5.992466853849638, 37.386790494251301 ], [ -5.992442548285366, 37.387155870046314 ], [ -5.992472299959264, 37.387453123557123 ], [ -5.993063572855552, 37.386994712024503 ], [ -5.993071247362268, 37.387037430509494 ], [ -5.993111518531747, 37.387148460516784 ], [ -5.993123979708317, 37.38723635483607 ], [ -5.993126727904647, 37.387305423417992 ], [ -5.993120521144864, 37.387374717959624 ], [ -5.993227879879869, 37.387369613929046 ], [ -5.993419190256762, 37.387371919622609 ], [ -5.993650779025678, 37.38793584046023 ], [ -5.993743640815016, 37.388016929055254 ], [ -5.993871136652619, 37.388142437936921 ], [ -5.993917520935109, 37.388181791233222 ], [ -5.994004744048393, 37.388196269416099 ], [ -5.994050787623128, 37.388197327316284 ], [ -5.994145478217417, 37.389098896908266 ], [ -5.994110325284856, 37.389088546174555 ], [ -5.993971577776748, 37.389242954344375 ], [ -5.99378219878937, 37.389387408261001 ], [ -5.993585882093599, 37.389358610145031 ], [ -5.993342814731479, 37.389355778880216 ], [ -5.993302455286218, 37.389424360946784 ], [ -5.993228151228265, 37.389658255993247 ], [ -5.992554817662456, 37.389418492503381 ], [ -5.99257277003494, 37.389048620136151 ], [ -5.992612082033222, 37.388858383232559 ], [ -5.992646710163133, 37.388774173541051 ] ] ], [ [ [ -5.965955680467189, 37.391399856068141 ], [ -5.96642148016659, 37.391543125640389 ], [ -5.96654909571205, 37.391218072276445 ], [ -5.966564396328267, 37.391227224045593 ], [ -5.966633990869835, 37.391249317795172 ], [ -5.966764517305865, 37.390998097256173 ], [ -5.966833735876268, 37.39101066347537 ], [ -5.966900302781633, 37.390880251501109 ], [ -5.966874261658631, 37.390826072122117 ], [ -5.96693775038102, 37.390693354113445 ], [ -5.96734934749577, 37.390826061050944 ], [ -5.967573902286413, 37.390913399879516 ], [ -5.967554510584313, 37.39095203167269 ], [ -5.967507524460085, 37.391048574990677 ], [ -5.967371875771062, 37.391321381982777 ], [ -5.967285917364158, 37.391490425053881 ], [ -5.967283497049858, 37.391504790223024 ], [ -5.967210728997529, 37.39147800904103 ], [ -5.967188539695821, 37.391521479466235 ], [ -5.967139507129182, 37.391641914377566 ], [ -5.967145476433817, 37.391641764462591 ], [ -5.967151446866603, 37.391641614518953 ], [ -5.967417324940113, 37.391715995613076 ], [ -5.967456296721465, 37.391643494861327 ], [ -5.968243947556028, 37.39187220943613 ], [ -5.968197337292975, 37.391909158064124 ], [ -5.968102948319116, 37.391985873411713 ], [ -5.967822411229085, 37.392143830953707 ], [ -5.967706518308336, 37.392171524092674 ], [ -5.966986240062441, 37.392212143111571 ], [ -5.966760801936849, 37.392244815530994 ], [ -5.966635923772092, 37.392286258219414 ], [ -5.96654586339867, 37.392342608655348 ], [ -5.966457032870086, 37.3924349256312 ], [ -5.966347518096222, 37.392642657387867 ], [ -5.965736933000811, 37.392448479056945 ], [ -5.964458682458702, 37.392027772196812 ], [ -5.964318859898031, 37.391968205111681 ], [ -5.965528561170994, 37.39099850777707 ], [ -5.965568417650379, 37.390966537789282 ], [ -5.965955680467189, 37.391399856068141 ] ] ], [ [ [ -5.920153985219284, 37.406836011656409 ], [ -5.920708126132299, 37.406626010254918 ], [ -5.918725859413119, 37.410137925198455 ], [ -5.918720501999149, 37.410147417001092 ], [ -5.917352142255608, 37.409703234091644 ], [ -5.917512974442672, 37.409298451678623 ], [ -5.917058120518476, 37.409125512664318 ], [ -5.91695825396895, 37.408651319620979 ], [ -5.916633028115022, 37.408170271269917 ], [ -5.91692348784469, 37.408060224979131 ], [ -5.919284220025713, 37.407165618363209 ], [ -5.920153985219284, 37.406836011656409 ] ] ], [ [ [ -5.977073378317748, 37.41130162608313 ], [ -5.977235259863394, 37.411229973823048 ], [ -5.977278290388235, 37.411318980740127 ], [ -5.977283967367733, 37.411604900468184 ], [ -5.977380262773865, 37.411888573043683 ], [ -5.977648718162508, 37.412508060015519 ], [ -5.978416940932624, 37.414311036914363 ], [ -5.978452050257472, 37.414301393329715 ], [ -5.978577812535061, 37.414654785329269 ], [ -5.978581143195419, 37.414664144432926 ], [ -5.975957561880385, 37.41543595395779 ], [ -5.975798391931754, 37.415039442489245 ], [ -5.975560271301616, 37.415064513993492 ], [ -5.97517279086749, 37.414940767239301 ], [ -5.975956473342522, 37.413410354820236 ], [ -5.975958964711124, 37.413411109312769 ], [ -5.97658169110144, 37.412203760784891 ], [ -5.977073378317748, 37.41130162608313 ] ] ], [ [ [ -5.965573459854302, 37.421186882493437 ], [ -5.965387689686034, 37.421121736993499 ], [ -5.96552440647047, 37.420868243946643 ], [ -5.964448480213762, 37.420519087887499 ], [ -5.964543210307119, 37.420329744685155 ], [ -5.964281679598957, 37.420232691067284 ], [ -5.96461759283676, 37.4195574869631 ], [ -5.966161566729354, 37.420061616492532 ], [ -5.96640944711497, 37.420152256186121 ], [ -5.966075283736934, 37.420813909765741 ], [ -5.96617057864484, 37.420845271292407 ], [ -5.965945076847478, 37.421258676534613 ], [ -5.96608227357752, 37.421304762577819 ], [ -5.96605337537254, 37.421364059900078 ], [ -5.967294134091044, 37.421765416800163 ], [ -5.966629927566802, 37.423050209412402 ], [ -5.966617094031984, 37.423075037885724 ], [ -5.966544933302885, 37.423214639542216 ], [ -5.965839723757787, 37.422986822762304 ], [ -5.965805211442246, 37.423059785913765 ], [ -5.965548135124131, 37.422991889024011 ], [ -5.965525476539406, 37.423035234872451 ], [ -5.965388107134024, 37.422998157773037 ], [ -5.965742639283999, 37.422311206420382 ], [ -5.965135334619244, 37.422121488046663 ], [ -5.965573459854302, 37.421186882493437 ] ] ] ] } },
{ "type": "Feature", "properties": { "viviendas": 3329, "n_flats": 14, "n_rooms": 1, "n_all": 15, "ratio_flats": 0.42054671072394112, "ratio_rooms": 0.030039050765995796, "ratio": 0.4505857614899369, "mean_price": 82.090909090909093, "mean_revenue": 875.53787878787875, "profit": 304.33044844732149, "net_profit": 1.0, "ingresos_medios": 10316.719858213502 }, "geometry": { "type": "MultiPolygon", "coordinates": [ [ [ [ -5.966412249694687, 37.363897377587406 ], [ -5.965997422107641, 37.363506974446437 ], [ -5.965976382640635, 37.363523359466477 ], [ -5.964464632575267, 37.362275011610024 ], [ -5.963912212632134, 37.361818041838923 ], [ -5.964617779747612, 37.361284498447816 ], [ -5.964782235654587, 37.361246625158991 ], [ -5.964945936181697, 37.361120855259209 ], [ -5.965057298371846, 37.361214373676887 ], [ -5.965345051417192, 37.361008787411407 ], [ -5.965473337083716, 37.360929277758913 ], [ -5.965795172225723, 37.361517221398579 ], [ -5.966773689244004, 37.360788589526251 ], [ -5.967573488156811, 37.361431119892394 ], [ -5.968322789484465, 37.360858166703494 ], [ -5.969095352172694, 37.361476240740998 ], [ -5.969168080705447, 37.361490192078371 ], [ -5.969234111770172, 37.361461520002898 ], [ -5.96944159888801, 37.361726577954116 ], [ -5.969505235670563, 37.362047140772148 ], [ -5.96967825190542, 37.362337901388223 ], [ -5.969745419023319, 37.36252992202845 ], [ -5.969600608567278, 37.362560573116426 ], [ -5.96943574835655, 37.362648052564339 ], [ -5.969373496732823, 37.362723948392016 ], [ -5.969309140391594, 37.362844976511504 ], [ -5.969233927998557, 37.36314870811875 ], [ -5.969135349037309, 37.36343500092606 ], [ -5.969033967825397, 37.363597519723264 ], [ -5.968583358703589, 37.364140440985437 ], [ -5.967412486977807, 37.363201133454453 ], [ -5.966412249694687, 37.363897377587406 ] ] ], [ [ [ -5.9466559834949, 37.374328003432105 ], [ -5.946822007362838, 37.3744680253985 ], [ -5.947338418262585, 37.375031826042822 ], [ -5.947599429448891, 37.375255099913083 ], [ -5.94792811104003, 37.375994755693775 ], [ -5.947994873843157, 37.376222890695082 ], [ -5.948012349742349, 37.376348584571772 ], [ -5.947912752283982, 37.376306005963635 ], [ -5.947838886859204, 37.376253798068838 ], [ -5.946830263111484, 37.375431946033586 ], [ -5.946449656184336, 37.375727516813456 ], [ -5.94636797065704, 37.375682274498409 ], [ -5.945652617430134, 37.375109861636211 ], [ -5.946647988651916, 37.37433423365561 ], [ -5.9466559834949, 37.374328003432105 ] ] ], [ [ [ -5.917162522145402, 37.404238171572111 ], [ -5.917736976628633, 37.405030811536385 ], [ -5.919284220025713, 37.407165618363209 ], [ -5.91692348784469, 37.408060224979131 ], [ -5.914897691249108, 37.405348451669326 ], [ -5.916955205603982, 37.404339806449919 ], [ -5.917162522145402, 37.404238171572111 ] ] ], [ [ [ -5.989583935253684, 37.405889421866682 ], [ -5.990719382899452, 37.406184911358508 ], [ -5.991434777631938, 37.405537407208321 ], [ -5.99288338705677, 37.406492479016656 ], [ -5.993041474656057, 37.406259605310815 ], [ -5.994964481208743, 37.40704092542439 ], [ -5.994393952188212, 37.40768780599992 ], [ -5.993238219160547, 37.408998833107326 ], [ -5.992711857145535, 37.409791559753494 ], [ -5.991093906692472, 37.408996774405772 ], [ -5.99093562608522, 37.408930990886077 ], [ -5.990783374061909, 37.408896514895993 ], [ -5.989463956970735, 37.408769984219433 ], [ -5.989303830420953, 37.408719968628134 ], [ -5.989182871959631, 37.408668961663437 ], [ -5.988405785811044, 37.408091469573975 ], [ -5.989194172220458, 37.406910122652484 ], [ -5.989531983193951, 37.406386618951956 ], [ -5.989583935253684, 37.405889421866682 ] ] ], [ [ [ -5.963332311111874, 37.421558480663805 ], [ -5.96358679592567, 37.421072310431221 ], [ -5.964064313326852, 37.420154788014834 ], [ -5.964281679598957, 37.420232691067284 ], [ -5.964543210307119, 37.420329744685155 ], [ -5.964448480213762, 37.420519087887499 ], [ -5.96552440647047, 37.420868243946643 ], [ -5.965387689686034, 37.421121736993499 ], [ -5.965573459854302, 37.421186882493437 ], [ -5.965135334619244, 37.422121488046663 ], [ -5.965742639283999, 37.422311206420382 ], [ -5.965388107134024, 37.422998157773037 ], [ -5.964395824969084, 37.42265812180522 ], [ -5.96454471170239, 37.422359298393239 ], [ -5.963762757064258, 37.42211536491493 ], [ -5.963158522076935, 37.421932276611571 ], [ -5.963159893633176, 37.42192932636933 ], [ -5.963332311111874, 37.421558480663805 ] ] ] ] } },
{ "type": "Feature", "properties": { "viviendas": 3951, "n_flats": 161, "n_rooms": 21, "n_all": 182, "ratio_flats": 4.0749177423437102, "ratio_rooms": 0.5315110098709187, "ratio": 4.6064287522146286, "mean_price": 145.05263157894737, "mean_revenue": 1245.9588815789473, "profit": 682.98904177552913, "net_profit": 1.0, "ingresos_medios": 10105.326008863281 }, "geometry": { "type": "MultiPolygon", "coordinates": [ [ [ [ -5.962854402749673, 37.359560434729261 ], [ -5.960715317830111, 37.360674987942183 ], [ -5.959640849900166, 37.361233495544475 ], [ -5.959281349628696, 37.360805533074313 ], [ -5.959639265816129, 37.360262638406788 ], [ -5.962606966043395, 37.358708325438208 ], [ -5.96320970146536, 37.359364561439108 ], [ -5.962854402749673, 37.359560434729261 ] ] ], [ [ [ -5.94636797065704, 37.375682274498409 ], [ -5.946449656184336, 37.375727516813456 ], [ -5.946830263111484, 37.375431946033586 ], [ -5.947838886859204, 37.376253798068838 ], [ -5.947912752283982, 37.376306005963635 ], [ -5.948012349742349, 37.376348584571772 ], [ -5.948059548276022, 37.376563664544861 ], [ -5.948061449701045, 37.376764096894966 ], [ -5.948063319629692, 37.376925707460273 ], [ -5.947769931041305, 37.376928342214917 ], [ -5.947495354808852, 37.376782610871139 ], [ -5.946920465575441, 37.376749267755294 ], [ -5.945259062205383, 37.375402282296186 ], [ -5.94526400790086, 37.37539891517298 ], [ -5.945652617430134, 37.375109861636211 ], [ -5.94636797065704, 37.375682274498409 ] ] ], [ [ [ -5.989638165523785, 37.391445369774708 ], [ -5.989928687031955, 37.391469520572116 ], [ -5.989968821375304, 37.391364890343475 ], [ -5.98998092857832, 37.391206883373663 ], [ -5.990076116730285, 37.391085078663458 ], [ -5.990309116496475, 37.390878710423799 ], [ -5.990433124556603, 37.390735915685788 ], [ -5.990621711416115, 37.390778457581604 ], [ -5.99085359278145, 37.390907741948034 ], [ -5.99107500703817, 37.391001234989936 ], [ -5.991053308818623, 37.390952253146942 ], [ -5.991103086863329, 37.390752751063992 ], [ -5.991220736037202, 37.390486223694957 ], [ -5.991204349819024, 37.390441608171827 ], [ -5.991134633658586, 37.390414052789673 ], [ -5.991648777564094, 37.390365038470883 ], [ -5.992383145123559, 37.390368941889406 ], [ -5.992401143688455, 37.390595994180309 ], [ -5.992392529937026, 37.390893569626087 ], [ -5.992367964148702, 37.391038331386213 ], [ -5.992247065601116, 37.391090958854107 ], [ -5.992159726003152, 37.391255393769569 ], [ -5.991969309023657, 37.392271583569212 ], [ -5.992125163165296, 37.392294691628649 ], [ -5.992189946513284, 37.392349388634443 ], [ -5.992210114441884, 37.392402908880122 ], [ -5.992189895340898, 37.392703012815446 ], [ -5.992238961062708, 37.392764861292015 ], [ -5.991433935435876, 37.392710909553415 ], [ -5.991422851903154, 37.392724700658711 ], [ -5.990600516890515, 37.392608126332675 ], [ -5.990119228229479, 37.392485116337767 ], [ -5.989822720200977, 37.392479106315946 ], [ -5.989818510602696, 37.392515255185117 ], [ -5.989563599185344, 37.392517179886781 ], [ -5.988694659930043, 37.392865780630366 ], [ -5.988503020141033, 37.392893197272151 ], [ -5.988693244586467, 37.391879193203152 ], [ -5.988793423892878, 37.39152301948436 ], [ -5.989151863396678, 37.391572490261069 ], [ -5.989309182772383, 37.391550517490593 ], [ -5.989638165523785, 37.391445369774708 ] ] ], [ [ [ -5.919715384411848, 37.394076428150605 ], [ -5.916286519052427, 37.39564973325777 ], [ -5.915722798491024, 37.394864154496972 ], [ -5.91504276731377, 37.39403410462171 ], [ -5.917786723631391, 37.392697143493258 ], [ -5.91858639964596, 37.392369040907248 ], [ -5.919715384411848, 37.394076428150605 ] ] ], [ [ [ -5.965529153362807, 37.394197208575015 ], [ -5.965689697691744, 37.393954393180309 ], [ -5.966022884298677, 37.393306307169169 ], [ -5.967231873361027, 37.393697194294212 ], [ -5.966857536560589, 37.394452239609564 ], [ -5.966815948296214, 37.394493789483398 ], [ -5.966242610779414, 37.394368528262675 ], [ -5.966219856807758, 37.39452001053715 ], [ -5.965873325019301, 37.395132161595356 ], [ -5.965808992481479, 37.395105723801372 ], [ -5.96559940026069, 37.39554965345657 ], [ -5.965890863743965, 37.39566630772245 ], [ -5.965711457569502, 37.395966435957746 ], [ -5.965109433057984, 37.395949562116392 ], [ -5.964300391286574, 37.395298212843372 ], [ -5.96429749279426, 37.395295878828669 ], [ -5.965529153362807, 37.394197208575015 ] ] ], [ [ [ -5.982999895738313, 37.402993231047006 ], [ -5.983206864840399, 37.402523961149377 ], [ -5.982923034231023, 37.402443287793496 ], [ -5.983236454903238, 37.401734793769165 ], [ -5.983608318569911, 37.401847068804038 ], [ -5.983627671386928, 37.401677621593919 ], [ -5.984027202263981, 37.401786925854182 ], [ -5.984458107034941, 37.401884182804608 ], [ -5.984884191543485, 37.401961278027933 ], [ -5.984854151205693, 37.402356219490414 ], [ -5.984835260317535, 37.402480590535568 ], [ -5.984625712116899, 37.4029499282722 ], [ -5.98451124722408, 37.403272670704794 ], [ -5.984570800810526, 37.403221605193188 ], [ -5.984736110920096, 37.403305321378497 ], [ -5.98460276466446, 37.403497908213971 ], [ -5.984570600126005, 37.403629353587888 ], [ -5.981147154823543, 37.40314812261537 ], [ -5.981420104427333, 37.402571305307646 ], [ -5.982956625184384, 37.403001059098187 ], [ -5.982999895738313, 37.402993231047006 ] ] ], [ [ [ -5.961619272357396, 37.422502468278878 ], [ -5.9610087637586, 37.422297235775332 ], [ -5.961121730774263, 37.422072306500496 ], [ -5.961033909365103, 37.422043515280301 ], [ -5.96147635273072, 37.421286210447185 ], [ -5.963069556278766, 37.421816044239051 ], [ -5.963033646837498, 37.421890851007582 ], [ -5.963159893633176, 37.42192932636933 ], [ -5.963158522076935, 37.421932276611571 ], [ -5.963762757064258, 37.42211536491493 ], [ -5.963294771164223, 37.423019122115846 ], [ -5.96289275742199, 37.422887312120181 ], [ -5.96233409512571, 37.423960045617463 ], [ -5.96114768988103, 37.423570801714114 ], [ -5.961187333562389, 37.423488741133191 ], [ -5.961132214878606, 37.423469786066683 ], [ -5.961619272357396, 37.422502468278878 ] ] ] ] } },
{ "type": "Feature", "properties": { "viviendas": 4418, "n_flats": 217, "n_rooms": 19, "n_all": 236, "ratio_flats": 4.9117247623358988, "ratio_rooms": 0.43005885015844275, "ratio": 5.3417836124943419, "mean_price": 140.74019607843138, "mean_revenue": 1404.1143790849671, "profit": 812.12846264339805, "net_profit": 1.0, "ingresos_medios": 10629.136042003696 }, "geometry": { "type": "MultiPolygon", "coordinates": [ [ [ [ -5.96920202566469, 37.369118953719962 ], [ -5.970575936029956, 37.36742651992229 ], [ -5.971870895750519, 37.365835171751378 ], [ -5.972259962530749, 37.365381601295809 ], [ -5.973326782036506, 37.364064026442435 ], [ -5.973253432393102, 37.363613098354314 ], [ -5.97317965849923, 37.363454995536856 ], [ -5.972889013440602, 37.362996025967561 ], [ -5.972527683545512, 37.362752814087315 ], [ -5.972311278431191, 37.362636608803854 ], [ -5.972046366269203, 37.362522867395292 ], [ -5.971667305721777, 37.36163306587391 ], [ -5.972578803273415, 37.361419416354835 ], [ -5.972013317809302, 37.360108093476406 ], [ -5.971834667825095, 37.360122122040536 ], [ -5.971384893008054, 37.360228794034683 ], [ -5.97106490096914, 37.360294057714533 ], [ -5.970710373264448, 37.359388723955028 ], [ -5.971611753096826, 37.359189666277665 ], [ -5.972698178497061, 37.358946114835085 ], [ -5.974104613117443, 37.363044282956395 ], [ -5.974264031307361, 37.363373668518435 ], [ -5.975239114319562, 37.366169447952515 ], [ -5.973379971897857, 37.366412184608691 ], [ -5.973492010951313, 37.366967989678891 ], [ -5.973470474649493, 37.367033856977578 ], [ -5.973387808796391, 37.366950368278182 ], [ -5.972500014041418, 37.36706728792398 ], [ -5.972238279795924, 37.367573955174535 ], [ -5.972067275855642, 37.367830534502907 ], [ -5.971782243996283, 37.368202634191334 ], [ -5.971410969775698, 37.368583658912137 ], [ -5.971044410026476, 37.368887942809728 ], [ -5.970629481465595, 37.36920923721533 ], [ -5.969769937285861, 37.369872831037043 ], [ -5.969444641881795, 37.36962645746781 ], [ -5.969049877303859, 37.36928672995014 ], [ -5.9690479034627, 37.369285031476174 ], [ -5.96920202566469, 37.369118953719962 ] ] ], [ [ [ -5.954136437646707, 37.372100433430361 ], [ -5.954285774250652, 37.371945771048217 ], [ -5.954855277503138, 37.371357113275614 ], [ -5.956033728856403, 37.37210032366545 ], [ -5.956000141581423, 37.37213945294716 ], [ -5.95640630163444, 37.372397355250023 ], [ -5.95643601792801, 37.372367323470883 ], [ -5.957178912278061, 37.372830787860593 ], [ -5.956834567514726, 37.373186327517999 ], [ -5.957037168558423, 37.373314178741239 ], [ -5.956849518968903, 37.373503592370092 ], [ -5.956171375775627, 37.373094773352662 ], [ -5.956133659487978, 37.373055173343197 ], [ -5.955847631071418, 37.373206520048733 ], [ -5.955966789065326, 37.373338698628082 ], [ -5.955561943657612, 37.373510968818785 ], [ -5.955480110492282, 37.373686476578591 ], [ -5.955457020806413, 37.37382222868635 ], [ -5.955126772977004, 37.37361872807169 ], [ -5.95500378598746, 37.373928186647994 ], [ -5.953564844764859, 37.373551873475854 ], [ -5.953210900534597, 37.372736267314885 ], [ -5.952541511456364, 37.372892662967004 ], [ -5.952363173081595, 37.372563677431209 ], [ -5.953984203322505, 37.372180817308305 ], [ -5.954136437646707, 37.372100433430361 ] ] ], [ [ [ -5.988975632862698, 37.390984520813554 ], [ -5.988556943734302, 37.390731554686042 ], [ -5.988354906157256, 37.390590275548902 ], [ -5.988269524351097, 37.390567614589237 ], [ -5.988336629030297, 37.390252838022846 ], [ -5.988455462767488, 37.390024589994709 ], [ -5.988419201761236, 37.38991508421752 ], [ -5.988924338171988, 37.389843757045973 ], [ -5.988988784678251, 37.389853403374936 ], [ -5.989011305442656, 37.389789761295098 ], [ -5.989135202805719, 37.389640181213316 ], [ -5.989227395693766, 37.389547758996827 ], [ -5.989306148076816, 37.389518713057655 ], [ -5.989425718626888, 37.389490928357603 ], [ -5.989576729443621, 37.389502867690865 ], [ -5.989694960224189, 37.389495389543391 ], [ -5.990068877404875, 37.389416085899541 ], [ -5.990326127907745, 37.389143756453258 ], [ -5.990384276367603, 37.389061236255884 ], [ -5.990470396804958, 37.388876574042577 ], [ -5.990500352825181, 37.388830754763482 ], [ -5.990547356242142, 37.388804818341214 ], [ -5.990554623768897, 37.388761803460653 ], [ -5.991099978309604, 37.38847771746611 ], [ -5.991128071217566, 37.388357596153554 ], [ -5.991167707505252, 37.388329575336705 ], [ -5.991504664023497, 37.388381871800874 ], [ -5.991506450997226, 37.388426833526943 ], [ -5.991826611905998, 37.388463808327636 ], [ -5.992214443749718, 37.388460743710993 ], [ -5.992494972032983, 37.388685677403821 ], [ -5.992646710163133, 37.388774173541051 ], [ -5.992612082033222, 37.388858383232559 ], [ -5.99257277003494, 37.389048620136151 ], [ -5.992554817662456, 37.389418492503381 ], [ -5.992355660289505, 37.389743423325527 ], [ -5.992316004723425, 37.389748909565157 ], [ -5.992383145123559, 37.390368941889406 ], [ -5.991648777564094, 37.390365038470883 ], [ -5.991134633658586, 37.390414052789673 ], [ -5.991204349819024, 37.390441608171827 ], [ -5.991220736037202, 37.390486223694957 ], [ -5.991103086863329, 37.390752751063992 ], [ -5.991053308818623, 37.390952253146942 ], [ -5.99107500703817, 37.391001234989936 ], [ -5.99085359278145, 37.390907741948034 ], [ -5.990621711416115, 37.390778457581604 ], [ -5.990433124556603, 37.390735915685788 ], [ -5.990309116496475, 37.390878710423799 ], [ -5.990076116730285, 37.391085078663458 ], [ -5.98998092857832, 37.391206883373663 ], [ -5.989968821375304, 37.391364890343475 ], [ -5.989928687031955, 37.391469520572116 ], [ -5.989638165523785, 37.391445369774708 ], [ -5.989309182772383, 37.391550517490593 ], [ -5.989151863396678, 37.391572490261069 ], [ -5.988793423892878, 37.39152301948436 ], [ -5.988842164770154, 37.391222176280706 ], [ -5.988862856400686, 37.391160833151119 ], [ -5.988975632862698, 37.390984520813554 ] ] ], [ [ [ -5.918740828877564, 37.392305677620485 ], [ -5.919561173820568, 37.392105220337726 ], [ -5.920034102259078, 37.39202514860041 ], [ -5.920072735669128, 37.392229324036094 ], [ -5.920235305628078, 37.392617244927415 ], [ -5.921367164618573, 37.394199945064685 ], [ -5.920266429244885, 37.394704001858265 ], [ -5.920171166074626, 37.394747623839152 ], [ -5.919715384411848, 37.394076428150605 ], [ -5.91858639964596, 37.392369040907248 ], [ -5.918740828877564, 37.392305677620485 ] ] ], [ [ [ -5.966815948296214, 37.394493789483398 ], [ -5.966857536560589, 37.394452239609564 ], [ -5.967231873361027, 37.393697194294212 ], [ -5.967491974113742, 37.393765013556838 ], [ -5.969413294281564, 37.394378992654651 ], [ -5.967052388917371, 37.396278687442909 ], [ -5.966796674960762, 37.396055358089292 ], [ -5.966937911903761, 37.39570714018793 ], [ -5.966629893157319, 37.395611292617737 ], [ -5.966727418513828, 37.395399305911617 ], [ -5.965902637421634, 37.395144207305165 ], [ -5.965871889073733, 37.395134697193491 ], [ -5.965873325019301, 37.395132161595356 ], [ -5.966219856807758, 37.39452001053715 ], [ -5.966242610779414, 37.394368528262675 ], [ -5.966815948296214, 37.394493789483398 ] ] ], [ [ [ -5.966651945966096, 37.414369781035973 ], [ -5.966589145902326, 37.414089817252389 ], [ -5.966533851602136, 37.413880964976983 ], [ -5.966666301797266, 37.413773154161014 ], [ -5.966674480033148, 37.413778923696228 ], [ -5.967014700194789, 37.414018956780637 ], [ -5.967887177578882, 37.41467509454619 ], [ -5.968183431215266, 37.414435621067028 ], [ -5.968311483456548, 37.414513489681759 ], [ -5.968574889248876, 37.414279394656404 ], [ -5.968700643023305, 37.414375314791123 ], [ -5.969023134446678, 37.413954775796505 ], [ -5.97134209606749, 37.414907410764741 ], [ -5.971330169053538, 37.414924382203836 ], [ -5.971426569793286, 37.414967281388286 ], [ -5.971007044247973, 37.415490278799346 ], [ -5.971415396218498, 37.41553722513838 ], [ -5.971680380294702, 37.416493717820529 ], [ -5.970702853153759, 37.416703319855152 ], [ -5.970699817659349, 37.416708320491196 ], [ -5.969939044907143, 37.416823468720182 ], [ -5.96980741159827, 37.416843392174108 ], [ -5.969806137896388, 37.416846008438789 ], [ -5.968527809907637, 37.417049143725983 ], [ -5.968228299720063, 37.415974306964856 ], [ -5.967906940283955, 37.416010990720522 ], [ -5.967796810835033, 37.415947004570107 ], [ -5.967784818614764, 37.415794725688208 ], [ -5.967944320821298, 37.415595224816563 ], [ -5.967275085570319, 37.414996951126369 ], [ -5.967048011179535, 37.415150467049372 ], [ -5.966834379344599, 37.415285707490575 ], [ -5.966785697895826, 37.415254306415669 ], [ -5.966665409786573, 37.414711073844749 ], [ -5.966651945966096, 37.414369781035973 ] ] ] ] } },
{ "type": "Feature", "properties": { "viviendas": 3718, "n_flats": 205, "n_rooms": 45, "n_all": 250, "ratio_flats": 5.513717052178591, "ratio_rooms": 1.2103281334050564, "ratio": 6.7240451855836474, "mean_price": 204.68695652173912, "mean_revenue": 1265.4054347826086, "profit": 673.84799705590535, "net_profit": 1.0, "ingresos_medios": 9513.9060258693153 }, "geometry": { "type": "MultiPolygon", "coordinates": [ [ [ [ -5.969757949208851, 37.356301088796066 ], [ -5.969822940245272, 37.356168790173804 ], [ -5.969845374191327, 37.355994797203962 ], [ -5.969811515732408, 37.355346860046751 ], [ -5.970297232079715, 37.355350453093912 ], [ -5.971564294008889, 37.355471777781773 ], [ -5.971607800619879, 37.355788326935077 ], [ -5.972528349772277, 37.358463822632764 ], [ -5.972698178497061, 37.358946114835085 ], [ -5.971611753096826, 37.359189666277665 ], [ -5.970710373264448, 37.359388723955028 ], [ -5.969654982534975, 37.359621781983989 ], [ -5.968567994357207, 37.356927947371631 ], [ -5.969663397620389, 37.356375543703038 ], [ -5.969757949208851, 37.356301088796066 ] ] ], [ [ [ -5.955458657766401, 37.370742828021875 ], [ -5.953435928062559, 37.369455309080699 ], [ -5.954345560779501, 37.368536053809983 ], [ -5.956374841662021, 37.369825646227639 ], [ -5.955458657766401, 37.370742828021875 ] ] ], [ [ [ -5.988464953995174, 37.386535045911153 ], [ -5.988521819044467, 37.386576379945879 ], [ -5.988745170982313, 37.386766709682405 ], [ -5.989344619917697, 37.387149246579504 ], [ -5.989349611272742, 37.387152431682935 ], [ -5.989383949708768, 37.387180829262505 ], [ -5.989578450451878, 37.387525032217859 ], [ -5.989954800416126, 37.387743038614445 ], [ -5.990365931979663, 37.388023241155715 ], [ -5.99048009538015, 37.388085677442575 ], [ -5.990660412270058, 37.388155446980555 ], [ -5.990899641193923, 37.388207960873572 ], [ -5.990914449535087, 37.388279682408005 ], [ -5.991167707505252, 37.388329575336705 ], [ -5.991128071217566, 37.388357596153554 ], [ -5.991099978309604, 37.38847771746611 ], [ -5.990554623768897, 37.388761803460653 ], [ -5.990547356242142, 37.388804818341214 ], [ -5.990500352825181, 37.388830754763482 ], [ -5.990470396804958, 37.388876574042577 ], [ -5.990384276367603, 37.389061236255884 ], [ -5.990326127907745, 37.389143756453258 ], [ -5.990068877404875, 37.389416085899541 ], [ -5.989694960224189, 37.389495389543391 ], [ -5.989576729443621, 37.389502867690865 ], [ -5.989425718626888, 37.389490928357603 ], [ -5.989306148076816, 37.389518713057655 ], [ -5.989227395693766, 37.389547758996827 ], [ -5.989135202805719, 37.389640181213316 ], [ -5.989011305442656, 37.389789761295098 ], [ -5.988988784678251, 37.389853403374936 ], [ -5.988924338171988, 37.389843757045973 ], [ -5.988419201761236, 37.38991508421752 ], [ -5.988280673492649, 37.389927593299255 ], [ -5.988192399041051, 37.389434278638518 ], [ -5.988013075371352, 37.389161714880288 ], [ -5.987954578154059, 37.38900778230969 ], [ -5.987934259016587, 37.388900175380648 ], [ -5.987459819563028, 37.388776998764989 ], [ -5.987202819150751, 37.388641608049419 ], [ -5.9872114176988, 37.388537739075424 ], [ -5.986928133400538, 37.388366987925806 ], [ -5.987106005654081, 37.388180008378235 ], [ -5.986889088942221, 37.388032308705597 ], [ -5.987118294698992, 37.387783262120344 ], [ -5.986973973830309, 37.387694534237035 ], [ -5.986731607462185, 37.387509169988107 ], [ -5.986227760051321, 37.387208784013147 ], [ -5.98637678632998, 37.386934710140984 ], [ -5.986557753114507, 37.387013474849347 ], [ -5.986699972233493, 37.386813927210028 ], [ -5.986886541945701, 37.386633477088324 ], [ -5.987302987219613, 37.386318876797368 ], [ -5.986710825041462, 37.385869778305548 ], [ -5.98610195354765, 37.385644183431204 ], [ -5.986338021018956, 37.385189927850938 ], [ -5.987060396638019, 37.385444229687202 ], [ -5.98734539403371, 37.385502370768776 ], [ -5.987377311150233, 37.38556011823308 ], [ -5.987480129092025, 37.385652110840361 ], [ -5.98752921608893, 37.385657677154356 ], [ -5.987652775216818, 37.385800946163755 ], [ -5.987781263062815, 37.385908084954295 ], [ -5.987869766506845, 37.385959896908993 ], [ -5.987940557228991, 37.385935576587009 ], [ -5.988039931513196, 37.386011914257423 ], [ -5.988451984611966, 37.386418156940827 ], [ -5.988426191570454, 37.386503485498608 ], [ -5.988416941955746, 37.386520482763281 ], [ -5.988464953995174, 37.386535045911153 ] ] ], [ [ [ -5.916759954835914, 37.396309541433169 ], [ -5.916286519052427, 37.39564973325777 ], [ -5.919715384411848, 37.394076428150605 ], [ -5.920171166074626, 37.394747623839152 ], [ -5.916759954835914, 37.396309541433169 ] ] ], [ [ [ -5.959781178737352, 37.396643470754462 ], [ -5.959370091689776, 37.39639471387332 ], [ -5.958759354203321, 37.395986497944122 ], [ -5.958116796718126, 37.395491236032363 ], [ -5.957893847914076, 37.395242270007863 ], [ -5.957688866740241, 37.394974841419206 ], [ -5.957627180408125, 37.394827720786253 ], [ -5.95864121795098, 37.394058982685287 ], [ -5.958639344963878, 37.394057419386947 ], [ -5.959689392950292, 37.394880396417896 ], [ -5.959856246429889, 37.395171841190873 ], [ -5.960629892765365, 37.395696024217827 ], [ -5.960601728827563, 37.3957396431951 ], [ -5.961167513545114, 37.396145060157302 ], [ -5.961317369419889, 37.396308188260917 ], [ -5.962118672560575, 37.396927030995343 ], [ -5.962158248306538, 37.397021401905029 ], [ -5.964300391286574, 37.395298212843372 ], [ -5.965109433057984, 37.395949562116392 ], [ -5.965333981195824, 37.396130339956883 ], [ -5.965884271993855, 37.396589602542619 ], [ -5.966169957880622, 37.396978906866053 ], [ -5.966169804608197, 37.396979029654652 ], [ -5.965128236355757, 37.397815966250285 ], [ -5.964144325636592, 37.398602036617064 ], [ -5.962516694543334, 37.399899803950518 ], [ -5.96225267370094, 37.399586568571038 ], [ -5.96201310940372, 37.39924339424396 ], [ -5.961715518393977, 37.398336298024503 ], [ -5.96153670360208, 37.397966840132717 ], [ -5.961370062541898, 37.397723259064712 ], [ -5.960844138516061, 37.397319664725806 ], [ -5.960554829462057, 37.397155699387525 ], [ -5.959781178737352, 37.396643470754462 ] ] ], [ [ [ -5.978017297332424, 37.412579856254119 ], [ -5.97930599384658, 37.412229731654278 ], [ -5.980015294593147, 37.413872018450242 ], [ -5.98004097554566, 37.41386514063359 ], [ -5.980236476103981, 37.414255119442679 ], [ -5.980238898848535, 37.41425995286265 ], [ -5.978577812535061, 37.414654785329269 ], [ -5.978452050257472, 37.414301393329715 ], [ -5.978416940932624, 37.414311036914363 ], [ -5.977648718162508, 37.412508060015519 ], [ -5.977742346844726, 37.412550725664744 ], [ -5.977850492696114, 37.412575035620904 ], [ -5.978017297332424, 37.412579856254119 ] ] ], [ [ [ -5.970143939387042, 37.424253243811144 ], [ -5.969886985240415, 37.424768155837647 ], [ -5.969395546149343, 37.425752933510381 ], [ -5.968206166053466, 37.425363528561526 ], [ -5.968448223064643, 37.424908108414456 ], [ -5.966861340071861, 37.424389995423581 ], [ -5.966076353709136, 37.424125288182637 ], [ -5.966544933302885, 37.423214639542216 ], [ -5.966617094031984, 37.423075037885724 ], [ -5.970143939387042, 37.424253243811144 ] ] ] ] } },
{ "type": "Feature", "properties": { "viviendas": 4284, "n_flats": 99, "n_rooms": 21, "n_all": 120, "ratio_flats": 2.3109243697478989, "ratio_rooms": 0.49019607843137253, "ratio": 2.8011204481792715, "mean_price": 168.83185840707964, "mean_revenue": 762.92846607669617, "profit": 110.25390668929379, "net_profit": 1.0, "ingresos_medios": 13616.862681844901 }, "geometry": { "type": "MultiPolygon", "coordinates": [ [ [ [ -5.977071401856702, 37.365801139459187 ], [ -5.976774107913964, 37.365081043552593 ], [ -5.979034190508417, 37.364255967501968 ], [ -5.979612496109518, 37.365248344528759 ], [ -5.981391163107896, 37.364595270025255 ], [ -5.982567396582174, 37.366632915272291 ], [ -5.982173663521787, 37.366780156089767 ], [ -5.981627698253709, 37.366979482348754 ], [ -5.981471664104702, 37.367010705181663 ], [ -5.980369583785162, 37.367153103634088 ], [ -5.978757114064688, 37.367357471737954 ], [ -5.97888991205999, 37.367948992873927 ], [ -5.978957065937442, 37.368263834619071 ], [ -5.979135306172021, 37.369102842007102 ], [ -5.978731674894221, 37.369167574720834 ], [ -5.978356651959174, 37.369255838946991 ], [ -5.978205643404541, 37.369313710500286 ], [ -5.978066138869027, 37.369434388919615 ], [ -5.978035110998678, 37.369484696026454 ], [ -5.978034749778929, 37.369525247583233 ], [ -5.977968062421016, 37.369484137573977 ], [ -5.977483464419181, 37.366993668454711 ], [ -5.977377720287993, 37.366668421149541 ], [ -5.977094113512432, 37.365796084501874 ], [ -5.977071401856702, 37.365801139459187 ] ] ], [ [ [ -5.953138720179871, 37.3746257951966 ], [ -5.953632650261143, 37.374741855898492 ], [ -5.953505007604411, 37.375076154695044 ], [ -5.954469058598728, 37.375308883214757 ], [ -5.954527499408734, 37.375206005000656 ], [ -5.955249987810533, 37.375383956352273 ], [ -5.955548663144235, 37.374570053962614 ], [ -5.955956590410923, 37.374674748033378 ], [ -5.955466189096861, 37.375975507306009 ], [ -5.955393283459497, 37.375963818360766 ], [ -5.953197630492533, 37.375610939522289 ], [ -5.952783017611423, 37.375546968197938 ], [ -5.953138720179871, 37.3746257951966 ] ] ], [ [ [ -5.984120401870372, 37.390476491330183 ], [ -5.984826823709146, 37.390560020136412 ], [ -5.98549015014465, 37.390712242896299 ], [ -5.986201927519767, 37.391347507104911 ], [ -5.986256267942644, 37.3913641277464 ], [ -5.986417791854479, 37.391526788630308 ], [ -5.986721253020488, 37.391753350473429 ], [ -5.986514505987006, 37.391927516526778 ], [ -5.986198521916655, 37.392266643035335 ], [ -5.986397679850939, 37.392349430676447 ], [ -5.986954518293093, 37.392517824503663 ], [ -5.987083024481533, 37.392570918694311 ], [ -5.987681156911876, 37.392850904522817 ], [ -5.987858380705404, 37.392977070741864 ], [ -5.987815139004121, 37.392984898842919 ], [ -5.986755457844765, 37.393250492011667 ], [ -5.986732483989433, 37.393271314201527 ], [ -5.986613359598793, 37.393136920504709 ], [ -5.986458692604684, 37.393041700333015 ], [ -5.986261107650857, 37.392954349759613 ], [ -5.985870193312985, 37.393058817946297 ], [ -5.985471840146441, 37.393199533228042 ], [ -5.984965827510615, 37.393329454157289 ], [ -5.983995948960361, 37.393065635721527 ], [ -5.984075296762835, 37.392748262491608 ], [ -5.984089827823327, 37.390889494857582 ], [ -5.984120401870372, 37.390476491330183 ] ] ], [ [ [ -5.920266429244885, 37.394704001858265 ], [ -5.921774802121798, 37.396769024060383 ], [ -5.922088336262815, 37.397150529378408 ], [ -5.922017930032129, 37.397182536877423 ], [ -5.921997947856662, 37.397191619216045 ], [ -5.920390915972769, 37.397922053988886 ], [ -5.9185244513282, 37.398770363628429 ], [ -5.918524128958015, 37.398769914748151 ], [ -5.916759954835914, 37.396309541433169 ], [ -5.920171166074626, 37.394747623839152 ], [ -5.920266429244885, 37.394704001858265 ] ] ], [ [ [ -5.96153670360208, 37.397966840132717 ], [ -5.961715518393977, 37.398336298024503 ], [ -5.96201310940372, 37.39924339424396 ], [ -5.96225267370094, 37.399586568571038 ], [ -5.962516694543334, 37.399899803950518 ], [ -5.961656719496012, 37.400590365648561 ], [ -5.960829857158783, 37.400140298884459 ], [ -5.960578259977039, 37.400441708167016 ], [ -5.960105838057522, 37.400199013004588 ], [ -5.960068167774081, 37.400215715598172 ], [ -5.959957321476522, 37.400054014524358 ], [ -5.960480264885841, 37.399835937704729 ], [ -5.960295951440821, 37.39956349634992 ], [ -5.960239188395518, 37.399582925575096 ], [ -5.959519319410303, 37.398542222837115 ], [ -5.961017316419597, 37.397912256797412 ], [ -5.961370062541898, 37.397723259064712 ], [ -5.96153670360208, 37.397966840132717 ] ] ], [ [ [ -5.984027202263981, 37.401786925854182 ], [ -5.983627671386928, 37.401677621593919 ], [ -5.983608318569911, 37.401847068804038 ], [ -5.983236454903238, 37.401734793769165 ], [ -5.981962364288854, 37.40135024079737 ], [ -5.982882990703119, 37.399362757311508 ], [ -5.983393725374095, 37.399550342387997 ], [ -5.984097548658802, 37.399877207446288 ], [ -5.984425462259744, 37.400051373866312 ], [ -5.984680025738396, 37.400286001021961 ], [ -5.985182485319963, 37.400780131786064 ], [ -5.985676341970269, 37.401634885704908 ], [ -5.985874369743843, 37.401920486322275 ], [ -5.985679280152576, 37.402767903015246 ], [ -5.984854151205693, 37.402356219490414 ], [ -5.984884191543485, 37.401961278027933 ], [ -5.984458107034941, 37.401884182804608 ], [ -5.984027202263981, 37.401786925854182 ] ] ], [ [ [ -5.983200520150895, 37.421186919786912 ], [ -5.988209276914662, 37.413656080741752 ], [ -5.98830619474391, 37.413678412414917 ], [ -5.988451454810459, 37.413688249633076 ], [ -5.988543843888925, 37.413658877737959 ], [ -5.988671539092817, 37.413655647752613 ], [ -5.988896638662351, 37.413532832751471 ], [ -5.989038292713998, 37.41331749642638 ], [ -5.990356084120132, 37.413340491536957 ], [ -5.990550947678559, 37.413344547986597 ], [ -5.990492375462717, 37.413420361711076 ], [ -5.990209729250685, 37.41394785998051 ], [ -5.989917818557577, 37.414543165911283 ], [ -5.989551988374959, 37.415419708171136 ], [ -5.989322959250083, 37.416078746813881 ], [ -5.989005375454903, 37.416713012340452 ], [ -5.988813879509827, 37.417641389963308 ], [ -5.988674335117203, 37.418451381244644 ], [ -5.98858541516141, 37.419273566698905 ], [ -5.98859868565313, 37.419962516893818 ], [ -5.988674609541771, 37.420625117062862 ], [ -5.988858284080774, 37.42122190037167 ], [ -5.988932453746827, 37.421566426997167 ], [ -5.986464541871817, 37.421701243621904 ], [ -5.986506422663381, 37.422166505393712 ], [ -5.986427269842356, 37.422172022724624 ], [ -5.986053446967753, 37.422174768610624 ], [ -5.98605224954916, 37.422144641441946 ], [ -5.985569165613676, 37.422146796135301 ], [ -5.985559802235349, 37.42180524242621 ], [ -5.982793772090817, 37.421871131580708 ], [ -5.982852719849412, 37.421808438614008 ], [ -5.98324562875435, 37.42122859325562 ], [ -5.983200520150895, 37.421186919786912 ] ] ] ] } },
{ "type": "Feature", "properties": { "viviendas": 4372, "n_flats": 90, "n_rooms": 10, "n_all": 100, "ratio_flats": 2.0585544373284539, "ratio_rooms": 0.22872827081427263, "ratio": 2.2872827081427265, "mean_price": 123.03296703296704, "mean_revenue": 887.33516483516485, "profit": 344.55651336297115, "net_profit": 1.0, "ingresos_medios": 10460.058109185919 }, "geometry": { "type": "MultiPolygon", "coordinates": [ [ [ [ -5.969033967825397, 37.363597519723264 ], [ -5.969135349037309, 37.36343500092606 ], [ -5.969233927998557, 37.36314870811875 ], [ -5.969309140391594, 37.362844976511504 ], [ -5.969373496732823, 37.362723948392016 ], [ -5.96943574835655, 37.362648052564339 ], [ -5.969600608567278, 37.362560573116426 ], [ -5.969745419023319, 37.36252992202845 ], [ -5.970264094628784, 37.362447046099831 ], [ -5.970623962069594, 37.362363653732608 ], [ -5.971038067196137, 37.362357748108408 ], [ -5.971513283619585, 37.362395370339293 ], [ -5.971801549890684, 37.362444444599952 ], [ -5.972023825492061, 37.362513189155173 ], [ -5.972046366269203, 37.362522867395292 ], [ -5.972311278431191, 37.362636608803854 ], [ -5.972527683545512, 37.362752814087315 ], [ -5.972889013440602, 37.362996025967561 ], [ -5.97317965849923, 37.363454995536856 ], [ -5.973253432393102, 37.363613098354314 ], [ -5.973326782036506, 37.364064026442435 ], [ -5.972259962530749, 37.365381601295809 ], [ -5.970967475545879, 37.364709020194006 ], [ -5.971032114317013, 37.364612803968342 ], [ -5.970855459275324, 37.36452263321052 ], [ -5.970044265249355, 37.365498110725717 ], [ -5.969908881945914, 37.365481269858712 ], [ -5.969629979204605, 37.365830661276853 ], [ -5.969328991296429, 37.365671496692599 ], [ -5.969550431166819, 37.365395646917769 ], [ -5.969033311541673, 37.365124818878698 ], [ -5.969328825095023, 37.364759215781987 ], [ -5.968451029852554, 37.364301470527238 ], [ -5.968583358703589, 37.364140440985437 ], [ -5.969033967825397, 37.363597519723264 ] ] ], [ [ [ -5.953194899856071, 37.374110793010132 ], [ -5.953153684943214, 37.373927102216847 ], [ -5.953079528185213, 37.373768999616757 ], [ -5.952541511456364, 37.372892662967004 ], [ -5.953210900534597, 37.372736267314885 ], [ -5.953564844764859, 37.373551873475854 ], [ -5.95500378598746, 37.373928186647994 ], [ -5.955126772977004, 37.37361872807169 ], [ -5.955457020806413, 37.37382222868635 ], [ -5.956136290481922, 37.374246742674337 ], [ -5.955956590410923, 37.374674748033378 ], [ -5.955548663144235, 37.374570053962614 ], [ -5.955249987810533, 37.375383956352273 ], [ -5.954527499408734, 37.375206005000656 ], [ -5.954469058598728, 37.375308883214757 ], [ -5.953505007604411, 37.375076154695044 ], [ -5.953632650261143, 37.374741855898492 ], [ -5.953138720179871, 37.3746257951966 ], [ -5.953183825786351, 37.3744534550301 ], [ -5.953200393064482, 37.374263821129894 ], [ -5.953194899856071, 37.374110793010132 ] ] ], [ [ [ -5.987083024481533, 37.392570918694311 ], [ -5.986954518293093, 37.392517824503663 ], [ -5.986397679850939, 37.392349430676447 ], [ -5.986198521916655, 37.392266643035335 ], [ -5.986514505987006, 37.391927516526778 ], [ -5.986721253020488, 37.391753350473429 ], [ -5.986417791854479, 37.391526788630308 ], [ -5.986256267942644, 37.3913641277464 ], [ -5.986201927519767, 37.391347507104911 ], [ -5.986430465577949, 37.391233598765027 ], [ -5.987045121244075, 37.390731484460687 ], [ -5.987606283495522, 37.391057452355064 ], [ -5.988169575221221, 37.391245936811721 ], [ -5.988292382542437, 37.391254090273051 ], [ -5.988842164770154, 37.391222176280706 ], [ -5.988793423892878, 37.39152301948436 ], [ -5.988693244586467, 37.391879193203152 ], [ -5.988503020141033, 37.392893197272151 ], [ -5.988402503862333, 37.393120963987926 ], [ -5.988254817138166, 37.393325175271315 ], [ -5.988186984825729, 37.393275126063074 ], [ -5.987936507735303, 37.39330845867476 ], [ -5.987815139004121, 37.392984898842919 ], [ -5.987858380705404, 37.392977070741864 ], [ -5.987681156911876, 37.392850904522817 ], [ -5.987083024481533, 37.392570918694311 ] ] ], [ [ [ -5.922088336262815, 37.397150529378408 ], [ -5.921774802121798, 37.396769024060383 ], [ -5.920266429244885, 37.394704001858265 ], [ -5.921367164618573, 37.394199945064685 ], [ -5.923145618533742, 37.396669894162251 ], [ -5.922088336262815, 37.397150529378408 ] ] ], [ [ [ -5.959192857641869, 37.398694596203057 ], [ -5.959519319410303, 37.398542222837115 ], [ -5.960239188395518, 37.399582925575096 ], [ -5.960295951440821, 37.39956349634992 ], [ -5.960480264885841, 37.399835937704729 ], [ -5.959957321476522, 37.400054014524358 ], [ -5.960068167774081, 37.400215715598172 ], [ -5.960105838057522, 37.400199013004588 ], [ -5.960578259977039, 37.400441708167016 ], [ -5.960829857158783, 37.400140298884459 ], [ -5.961656719496012, 37.400590365648561 ], [ -5.961071297877718, 37.401060058007793 ], [ -5.959731406886325, 37.40034804761963 ], [ -5.959682613122924, 37.400369529589305 ], [ -5.959634155244655, 37.400343707172581 ], [ -5.959544155486031, 37.400379731954445 ], [ -5.959393875317931, 37.400149245224434 ], [ -5.959041000879986, 37.400297738556496 ], [ -5.95843425779198, 37.399400643744677 ], [ -5.95876555301556, 37.399047678046493 ], [ -5.958967650404269, 37.398833116170437 ], [ -5.959192857641869, 37.398694596203057 ] ] ], [ [ [ -5.972626348912106, 37.410771591865853 ], [ -5.973129091320634, 37.411786128538836 ], [ -5.973651793500967, 37.411624280873774 ], [ -5.973813497841837, 37.411624730598639 ], [ -5.974000686140434, 37.411568223158248 ], [ -5.974123376874897, 37.411797130828617 ], [ -5.974249475718094, 37.411929109351455 ], [ -5.974494264168655, 37.412427535226783 ], [ -5.9743579589087, 37.412471526920463 ], [ -5.974252527401388, 37.412487687664061 ], [ -5.973037763135741, 37.412860657805723 ], [ -5.972990769487252, 37.412895647456537 ], [ -5.972793690440249, 37.412963661022125 ], [ -5.971843387521705, 37.411016541593973 ], [ -5.972304062415738, 37.41085627846946 ], [ -5.97261984962198, 37.410758207983577 ], [ -5.972626348912106, 37.410771591865853 ] ] ], [ [ [ -5.968388447287253, 37.427635435851577 ], [ -5.968589958065614, 37.427240826063276 ], [ -5.96879657396302, 37.42683621561951 ], [ -5.9688052930304, 37.426825153105646 ], [ -5.968828867707502, 37.42678548428237 ], [ -5.969665282518384, 37.427039061380349 ], [ -5.969444445007355, 37.427502352768478 ], [ -5.968687853634192, 37.428932733928931 ], [ -5.969679540004293, 37.429247338583586 ], [ -5.967724784132691, 37.431722394221019 ], [ -5.967460991901463, 37.432087161132969 ], [ -5.967304663758702, 37.432356890561763 ], [ -5.966504524997559, 37.434057453805913 ], [ -5.966491507803892, 37.434084798130122 ], [ -5.966274693685541, 37.433869522452682 ], [ -5.965941722739857, 37.433436367169797 ], [ -5.965701459860291, 37.432998613055162 ], [ -5.965552755445598, 37.432621674029548 ], [ -5.965463317510269, 37.432279247549651 ], [ -5.965411414311708, 37.431987729972136 ], [ -5.965172853713932, 37.430056552795563 ], [ -5.966848047473764, 37.430608617409462 ], [ -5.967826650286963, 37.428696490528303 ], [ -5.968388447287253, 37.427635435851577 ] ] ] ] } },
{ "type": "Feature", "properties": { "viviendas": 3943, "n_flats": 108, "n_rooms": 24, "n_all": 132, "ratio_flats": 2.7390311945219374, "ratio_rooms": 0.60867359878265281, "ratio": 3.3477047933045903, "mean_price": 317.30645161290323, "mean_revenue": 674.19758064516134, "profit": 106.286311108728, "net_profit": 1.0, "ingresos_medios": 10011.518470949763 }, "geometry": { "type": "MultiPolygon", "coordinates": [ [ [ [ -5.960715317830111, 37.360674987942183 ], [ -5.962854402749673, 37.359560434729261 ], [ -5.963155234574957, 37.359827688338044 ], [ -5.96354501449359, 37.360142291020836 ], [ -5.963573102812258, 37.360258750697326 ], [ -5.96354851437906, 37.360324693798432 ], [ -5.963508689616746, 37.360366193647295 ], [ -5.963581829171162, 37.360409426468586 ], [ -5.963756211196131, 37.360574015301481 ], [ -5.964617779747612, 37.361284498447816 ], [ -5.963912212632134, 37.361818041838923 ], [ -5.962722625411764, 37.360829686505745 ], [ -5.962614086594732, 37.360877472584264 ], [ -5.96202455814957, 37.361333739759687 ], [ -5.961764249161194, 37.36153173443499 ], [ -5.960715317830111, 37.360674987942183 ] ] ], [ [ [ -5.955113715287393, 37.376887616981357 ], [ -5.954734324511726, 37.377874749432536 ], [ -5.953545535374486, 37.377625143606316 ], [ -5.953297182914239, 37.377599792992868 ], [ -5.953144621713822, 37.377565314164755 ], [ -5.953490879667542, 37.376606027726069 ], [ -5.952848831628264, 37.376473442791045 ], [ -5.953197630492533, 37.375610939522289 ], [ -5.955393283459497, 37.375963818360766 ], [ -5.955114554546051, 37.376770455392553 ], [ -5.955113715287393, 37.376887616981357 ] ] ], [ [ [ -5.985065970086928, 37.389409669158468 ], [ -5.985324168699189, 37.389578860049866 ], [ -5.985622463687872, 37.389688446596388 ], [ -5.985874672083352, 37.389747418624495 ], [ -5.986645072522335, 37.38975269991024 ], [ -5.987238840991739, 37.389845828131243 ], [ -5.987764260295672, 37.39030332749104 ], [ -5.987822006352166, 37.390380704410859 ], [ -5.987890210702489, 37.390430812970315 ], [ -5.988126558394916, 37.390535224251877 ], [ -5.988269524351097, 37.390567614589237 ], [ -5.988354906157256, 37.390590275548902 ], [ -5.988556943734302, 37.390731554686042 ], [ -5.988975632862698, 37.390984520813554 ], [ -5.988862856400686, 37.391160833151119 ], [ -5.988842164770154, 37.391222176280706 ], [ -5.988292382542437, 37.391254090273051 ], [ -5.988169575221221, 37.391245936811721 ], [ -5.987606283495522, 37.391057452355064 ], [ -5.987045121244075, 37.390731484460687 ], [ -5.986430465577949, 37.391233598765027 ], [ -5.986201927519767, 37.391347507104911 ], [ -5.98549015014465, 37.390712242896299 ], [ -5.984826823709146, 37.390560020136412 ], [ -5.984120401870372, 37.390476491330183 ], [ -5.984221586744344, 37.389816165425962 ], [ -5.984478113959836, 37.389187959656162 ], [ -5.985065970086928, 37.389409669158468 ] ] ], [ [ [ -5.958974663263318, 37.396803317979035 ], [ -5.958705110891572, 37.396828113673557 ], [ -5.958650127187214, 37.396453297963944 ], [ -5.959370091689776, 37.39639471387332 ], [ -5.959781178737352, 37.396643470754462 ], [ -5.960554829462057, 37.397155699387525 ], [ -5.960844138516061, 37.397319664725806 ], [ -5.961370062541898, 37.397723259064712 ], [ -5.961017316419597, 37.397912256797412 ], [ -5.959519319410303, 37.398542222837115 ], [ -5.959192857641869, 37.398694596203057 ], [ -5.958967650404269, 37.398833116170437 ], [ -5.95876555301556, 37.399047678046493 ], [ -5.957632667159887, 37.399116574747829 ], [ -5.957618874950484, 37.399022287528815 ], [ -5.957742867085798, 37.399010165429424 ], [ -5.957643262373858, 37.398089115567146 ], [ -5.957621132149574, 37.397875665818646 ], [ -5.959086395585915, 37.397773647514342 ], [ -5.958974663263318, 37.396803317979035 ] ] ], [ [ [ -5.9185244513282, 37.398770363628429 ], [ -5.920390915972769, 37.397922053988886 ], [ -5.920741098172208, 37.398395062843186 ], [ -5.921311460327726, 37.398127023181019 ], [ -5.921846968502587, 37.398831069055731 ], [ -5.922407741062591, 37.399610224210477 ], [ -5.922649447987041, 37.399938385823823 ], [ -5.922057281897957, 37.400220336962015 ], [ -5.922365891976107, 37.400689410121892 ], [ -5.922518210137839, 37.400872760565584 ], [ -5.921674061893282, 37.401281229999476 ], [ -5.922121068700741, 37.401862716410186 ], [ -5.922670914394025, 37.4026526066923 ], [ -5.92164690330995, 37.403153201020203 ], [ -5.92106485674234, 37.402334701912316 ], [ -5.92014076322664, 37.40103509863598 ], [ -5.919234367256156, 37.399760329628911 ], [ -5.9185244513282, 37.398770363628429 ] ] ], [ [ [ -5.973394513986493, 37.40871589943923 ], [ -5.973598382931197, 37.408866181554842 ], [ -5.974111749615727, 37.409583129486542 ], [ -5.973802272655685, 37.41002789632018 ], [ -5.973696448325573, 37.409999041335567 ], [ -5.973568866230355, 37.410040577830948 ], [ -5.973431597592246, 37.410037223924078 ], [ -5.973274027164248, 37.410086250389945 ], [ -5.973515950291123, 37.410562238676057 ], [ -5.973419945743697, 37.410593938890059 ], [ -5.973342454658835, 37.410643184307304 ], [ -5.973259149945437, 37.410665544208626 ], [ -5.973143167551567, 37.410616643544301 ], [ -5.972626348912106, 37.410771591865853 ], [ -5.97261984962198, 37.410758207983577 ], [ -5.972304062415738, 37.41085627846946 ], [ -5.971843387521705, 37.411016541593973 ], [ -5.971733713096729, 37.410791791199806 ], [ -5.971739380445228, 37.410537121609039 ], [ -5.972139126055596, 37.409934605385537 ], [ -5.973056225426431, 37.40855995261758 ], [ -5.973394513986493, 37.40871589943923 ] ] ], [ [ [ -5.965841559995154, 37.424581586376846 ], [ -5.966076353709136, 37.424125288182637 ], [ -5.966861340071861, 37.424389995423581 ], [ -5.968448223064643, 37.424908108414456 ], [ -5.968206166053466, 37.425363528561526 ], [ -5.969395546149343, 37.425752933510381 ], [ -5.96914955499956, 37.426245854665758 ], [ -5.968828867707502, 37.42678548428237 ], [ -5.9688052930304, 37.426825153105646 ], [ -5.96879657396302, 37.42683621561951 ], [ -5.968589958065614, 37.427240826063276 ], [ -5.967366930799529, 37.426853583329937 ], [ -5.965693596036293, 37.426266221060558 ], [ -5.965343034518926, 37.426170124501319 ], [ -5.965097828952735, 37.426094552719057 ], [ -5.965280007379159, 37.425685942771395 ], [ -5.965735529032376, 37.424739700654314 ], [ -5.965841559995154, 37.424581586376846 ] ] ] ] } },
{ "type": "Feature", "properties": { "viviendas": 4813, "n_flats": 184, "n_rooms": 72, "n_all": 256, "ratio_flats": 3.8229794307084979, "ratio_rooms": 1.495948472885934, "ratio": 5.3189279035944317, "mean_price": 164.72457627118644, "mean_revenue": 1122.1165254237287, "profit": 527.83025573669875, "net_profit": 1.0, "ingresos_medios": 8908.1249617760877 }, "geometry": { "type": "MultiPolygon", "coordinates": [ [ [ [ -5.951898232843309, 37.36658783140043 ], [ -5.95051335821009, 37.366052478812655 ], [ -5.950301896679599, 37.365985694280205 ], [ -5.95014766531063, 37.365953469405554 ], [ -5.949861330221684, 37.365983180874423 ], [ -5.949706333154841, 37.365980276429184 ], [ -5.949368343991739, 37.365912087104839 ], [ -5.949132538678023, 37.365895456054588 ], [ -5.948928523232649, 37.365945606116689 ], [ -5.94876895569636, 37.366023936941538 ], [ -5.948286958001664, 37.366211653706394 ], [ -5.948138764033137, 37.366300957916756 ], [ -5.948034482899898, 37.366157826580292 ], [ -5.94783883487592, 37.366226373148315 ], [ -5.948083196867011, 37.366128859269395 ], [ -5.948335893372617, 37.365951385023678 ], [ -5.948417656962004, 37.36573306568021 ], [ -5.948421180345265, 37.365534769324768 ], [ -5.94823472809415, 37.365386234580569 ], [ -5.94532885725167, 37.36498108307665 ], [ -5.941209248537752, 37.364425873236407 ], [ -5.940489212479889, 37.364200489224039 ], [ -5.939863693387637, 37.363792570175185 ], [ -5.939563500198569, 37.363331462730038 ], [ -5.939072977101782, 37.362622820992122 ], [ -5.938977493338694, 37.362490040986167 ], [ -5.938588805734284, 37.362076191442512 ], [ -5.939021102207986, 37.360713862821449 ], [ -5.940342068396705, 37.357248019068841 ], [ -5.94162574233569, 37.355143658357612 ], [ -5.942982318107023, 37.353172622870936 ], [ -5.943214548083704, 37.352826446207089 ], [ -5.943874519732711, 37.353236000688739 ], [ -5.953709455715444, 37.358219136173645 ], [ -5.954842016094974, 37.357190656516977 ], [ -5.957461032675928, 37.354656294049299 ], [ -5.958348912778895, 37.355310481320494 ], [ -5.958400779091191, 37.355220747578372 ], [ -5.958718351805063, 37.355749812565399 ], [ -5.958842937841117, 37.355880202283522 ], [ -5.959612739980903, 37.356013509004228 ], [ -5.960355679097717, 37.356071192727818 ], [ -5.960590625236438, 37.355969943753784 ], [ -5.961689993070173, 37.355370219598207 ], [ -5.963383811031276, 37.354698363125529 ], [ -5.964542874286942, 37.354402279170692 ], [ -5.965022494857395, 37.354447465462535 ], [ -5.966339015318917, 37.354509792539297 ], [ -5.967843482148786, 37.354491095633342 ], [ -5.969274669071288, 37.35382575051554 ], [ -5.971019871667885, 37.353247859503178 ], [ -5.971924194170732, 37.353172125939558 ], [ -5.972951090566255, 37.35570046472521 ], [ -5.972652004967614, 37.355629152675498 ], [ -5.971564294008889, 37.355471777781773 ], [ -5.970297232079715, 37.355350453093912 ], [ -5.969811515732408, 37.355346860046751 ], [ -5.96936007453188, 37.355401012857669 ], [ -5.968245145900944, 37.355672321345466 ], [ -5.967469695861149, 37.355824670256595 ], [ -5.963672124859249, 37.356798486188275 ], [ -5.964120301054197, 37.357915771064647 ], [ -5.964118198508208, 37.357916871739931 ], [ -5.962606966043395, 37.358708325438208 ], [ -5.959639265816129, 37.360262638406788 ], [ -5.959281349628696, 37.360805533074313 ], [ -5.959640849900166, 37.361233495544475 ], [ -5.959452839784046, 37.361319305404834 ], [ -5.959061618526981, 37.361027253645517 ], [ -5.958387134415305, 37.361902369933397 ], [ -5.954087057855592, 37.367490529988928 ], [ -5.953681003905426, 37.36735651596539 ], [ -5.952394466324564, 37.366800685985616 ], [ -5.951986070000193, 37.366625508692252 ], [ -5.951898232843309, 37.36658783140043 ] ] ], [ [ [ -5.985096281547494, 37.38763608777198 ], [ -5.98542241991677, 37.386895747721958 ], [ -5.985770387619392, 37.386256223522167 ], [ -5.98610195354765, 37.385644183431204 ], [ -5.986710825041462, 37.385869778305548 ], [ -5.987302987219613, 37.386318876797368 ], [ -5.986886541945701, 37.386633477088324 ], [ -5.986699972233493, 37.386813927210028 ], [ -5.986557753114507, 37.387013474849347 ], [ -5.98637678632998, 37.386934710140984 ], [ -5.986227760051321, 37.387208784013147 ], [ -5.986731607462185, 37.387509169988107 ], [ -5.986973973830309, 37.387694534237035 ], [ -5.987118294698992, 37.387783262120344 ], [ -5.986889088942221, 37.388032308705597 ], [ -5.987106005654081, 37.388180008378235 ], [ -5.986928133400538, 37.388366987925806 ], [ -5.9872114176988, 37.388537739075424 ], [ -5.987202819150751, 37.388641608049419 ], [ -5.987459819563028, 37.388776998764989 ], [ -5.987934259016587, 37.388900175380648 ], [ -5.987954578154059, 37.38900778230969 ], [ -5.988013075371352, 37.389161714880288 ], [ -5.988192399041051, 37.389434278638518 ], [ -5.988280673492649, 37.389927593299255 ], [ -5.988419201761236, 37.38991508421752 ], [ -5.988455462767488, 37.390024589994709 ], [ -5.988336629030297, 37.390252838022846 ], [ -5.988269524351097, 37.390567614589237 ], [ -5.988126558394916, 37.390535224251877 ], [ -5.987890210702489, 37.390430812970315 ], [ -5.987822006352166, 37.390380704410859 ], [ -5.987764260295672, 37.39030332749104 ], [ -5.987238840991739, 37.389845828131243 ], [ -5.986645072522335, 37.38975269991024 ], [ -5.985874672083352, 37.389747418624495 ], [ -5.985622463687872, 37.389688446596388 ], [ -5.985324168699189, 37.389578860049866 ], [ -5.985065970086928, 37.389409669158468 ], [ -5.984478113959836, 37.389187959656162 ], [ -5.984746352606688, 37.388512178875814 ], [ -5.984982592893394, 37.388012896428769 ], [ -5.985096281547494, 37.38763608777198 ] ] ], [ [ [ -5.959370091689776, 37.39639471387332 ], [ -5.958650127187214, 37.396453297963944 ], [ -5.958705110891572, 37.396828113673557 ], [ -5.958974663263318, 37.396803317979035 ], [ -5.959086395585915, 37.397773647514342 ], [ -5.957621132149574, 37.397875665818646 ], [ -5.957603685741973, 37.397745432876526 ], [ -5.958273513136056, 37.397681392084991 ], [ -5.958128214860436, 37.396527204481302 ], [ -5.958052580315718, 37.396416457958708 ], [ -5.958290539118091, 37.396288855871965 ], [ -5.958759354203321, 37.395986497944122 ], [ -5.959370091689776, 37.39639471387332 ] ] ], [ [ [ -5.922088336262815, 37.397150529378408 ], [ -5.923145618533742, 37.396669894162251 ], [ -5.926234711543168, 37.400979380623731 ], [ -5.92513771807159, 37.401446631773112 ], [ -5.925078843453265, 37.401475415407695 ], [ -5.924905587743765, 37.401560119390119 ], [ -5.923996373476877, 37.400267682063863 ], [ -5.924219566026375, 37.400166793715883 ], [ -5.922808741543897, 37.398313506443202 ], [ -5.921997947856662, 37.397191619216045 ], [ -5.922017930032129, 37.397182536877423 ], [ -5.922088336262815, 37.397150529378408 ] ] ], [ [ [ -5.987882090848181, 37.413333230938299 ], [ -5.986296111967389, 37.41337107105938 ], [ -5.986297696288516, 37.41336838460073 ], [ -5.986447116989797, 37.413114981680152 ], [ -5.986853581073706, 37.412426639225053 ], [ -5.986292252336521, 37.412206542625547 ], [ -5.986510922905799, 37.411935218498883 ], [ -5.986602397271039, 37.411709913002674 ], [ -5.985947268183811, 37.411510196574696 ], [ -5.986103214555778, 37.411308049747099 ], [ -5.986404614985418, 37.410804869346052 ], [ -5.986432806008325, 37.410760765304438 ], [ -5.986785368085593, 37.410971491922282 ], [ -5.987466292857678, 37.411259431594175 ], [ -5.988318213436002, 37.411638402924638 ], [ -5.990929107654259, 37.412477709432501 ], [ -5.990704283638869, 37.41281581685665 ], [ -5.990356084120132, 37.413340491536957 ], [ -5.989038292713998, 37.41331749642638 ], [ -5.988896638662351, 37.413532832751471 ], [ -5.988671539092817, 37.413655647752613 ], [ -5.988543843888925, 37.413658877737959 ], [ -5.988451454810459, 37.413688249633076 ], [ -5.98830619474391, 37.413678412414917 ], [ -5.988209276914662, 37.413656080741752 ], [ -5.988099395130279, 37.413613798664969 ], [ -5.987940799011114, 37.413482675552302 ], [ -5.987882090848181, 37.413333230938299 ] ] ], [ [ [ -5.969886985240415, 37.424768155837647 ], [ -5.972165815271341, 37.425527872977973 ], [ -5.97252758159169, 37.42564089357473 ], [ -5.969679540004293, 37.429247338583586 ], [ -5.968687853634192, 37.428932733928931 ], [ -5.969444445007355, 37.427502352768478 ], [ -5.969665282518384, 37.427039061380349 ], [ -5.968828867707502, 37.42678548428237 ], [ -5.96914955499956, 37.426245854665758 ], [ -5.969395546149343, 37.425752933510381 ], [ -5.969886985240415, 37.424768155837647 ] ] ] ] } },
{ "type": "Feature", "properties": { "viviendas": 2782, "n_flats": 2, "n_rooms": 2, "n_all": 4, "ratio_flats": 0.071890726096333568, "ratio_rooms": 0.071890726096333568, "ratio": 0.14378145219266714, "mean_price": 45.333333333333336, "mean_revenue": 287.83333333333331, "profit": -160.62636730101013, "net_profit": -1.0, "ingresos_medios": 14362.159680001683 }, "geometry": { "type": "MultiPolygon", "coordinates": [ [ [ [ -5.963672124859249, 37.356798486188275 ], [ -5.967469695861149, 37.355824670256595 ], [ -5.968245145900944, 37.355672321345466 ], [ -5.96936007453188, 37.355401012857669 ], [ -5.969811515732408, 37.355346860046751 ], [ -5.969845374191327, 37.355994797203962 ], [ -5.969822940245272, 37.356168790173804 ], [ -5.969757949208851, 37.356301088796066 ], [ -5.969663397620389, 37.356375543703038 ], [ -5.968567994357207, 37.356927947371631 ], [ -5.965855786311997, 37.358304781291274 ], [ -5.965562005344387, 37.358467600274032 ], [ -5.965385227600438, 37.358586873491063 ], [ -5.965176775343317, 37.35880056929048 ], [ -5.965082107988776, 37.358578856152775 ], [ -5.964449964629405, 37.358756831729757 ], [ -5.964118198508208, 37.357916871739931 ], [ -5.964120301054197, 37.357915771064647 ], [ -5.963672124859249, 37.356798486188275 ] ] ], [ [ [ -5.9457635830402, 37.370903214086553 ], [ -5.945765932349139, 37.370909700897521 ], [ -5.945811473100862, 37.3710354174193 ], [ -5.946466587420964, 37.370856884663993 ], [ -5.946402253557992, 37.370678304445903 ], [ -5.946476367987102, 37.370647173507365 ], [ -5.946863028041149, 37.370398730217133 ], [ -5.947297290180923, 37.370090580266442 ], [ -5.947479573376131, 37.370561345546513 ], [ -5.948205983544358, 37.372219164929149 ], [ -5.948491450526751, 37.372818026122232 ], [ -5.948556013749925, 37.372863712278424 ], [ -5.947436232880686, 37.373727397461373 ], [ -5.947380518177863, 37.373787354868284 ], [ -5.94703096731806, 37.37405960440551 ], [ -5.9466559834949, 37.374328003432105 ], [ -5.946647988651916, 37.37433423365561 ], [ -5.944887694980072, 37.37182912608904 ], [ -5.944756385254088, 37.371832398382111 ], [ -5.944730667311644, 37.37117503163379 ], [ -5.9457635830402, 37.370903214086553 ] ] ], [ [ [ -5.924905587743765, 37.401560119390119 ], [ -5.925078843453265, 37.401475415407695 ], [ -5.925663243002222, 37.402248121813408 ], [ -5.92216329343084, 37.403879296905188 ], [ -5.92215591784917, 37.403868925994466 ], [ -5.92164690330995, 37.403153201020203 ], [ -5.922670914394025, 37.4026526066923 ], [ -5.924905587743765, 37.401560119390119 ] ] ], [ [ [ -5.950887729585488, 37.404349053867989 ], [ -5.951637707792095, 37.403924868658962 ], [ -5.953174452361686, 37.40301470221641 ], [ -5.953151061626963, 37.402967972917864 ], [ -5.953596880049848, 37.402688774913521 ], [ -5.953682043610809, 37.402646085976862 ], [ -5.953736766883308, 37.40268304903951 ], [ -5.9541391311814, 37.402445442001969 ], [ -5.955137303354424, 37.401859595579872 ], [ -5.955106220487581, 37.402029868817507 ], [ -5.955040450593914, 37.402353900597518 ], [ -5.954889678441013, 37.403104496994906 ], [ -5.954848947103048, 37.403325853173861 ], [ -5.954769936345008, 37.403756906552026 ], [ -5.954652814294836, 37.404328072622057 ], [ -5.954508930237626, 37.405032109397652 ], [ -5.954423559781429, 37.405449405535506 ], [ -5.954416210897883, 37.405484379433354 ], [ -5.95444735686598, 37.405611164194355 ], [ -5.954491844202959, 37.405707463849147 ], [ -5.954410341466396, 37.405779082439437 ], [ -5.954306056121569, 37.405862865642554 ], [ -5.954254143931882, 37.405947659241704 ], [ -5.954247523388894, 37.406001169636525 ], [ -5.954256972563709, 37.40609370693717 ], [ -5.954314070684381, 37.406140986033158 ], [ -5.954395680355768, 37.406220121937849 ], [ -5.954484107461403, 37.406261965220011 ], [ -5.954469670345981, 37.406345472925651 ], [ -5.954132521900249, 37.406545373640292 ], [ -5.953775973896326, 37.406734522219793 ], [ -5.953332763622422, 37.406925794055802 ], [ -5.952917273261952, 37.407082605740804 ], [ -5.952376990114075, 37.407251556433032 ], [ -5.95107102450254, 37.407608528189577 ], [ -5.949974633902051, 37.407883693226374 ], [ -5.949420885244111, 37.40747175531078 ], [ -5.949306953141206, 37.407361976610538 ], [ -5.9491135308305, 37.407087473458951 ], [ -5.948781920057755, 37.406442497085834 ], [ -5.948090965889118, 37.404731969494016 ], [ -5.947945068218496, 37.404481079955886 ], [ -5.947719090583476, 37.403930309637637 ], [ -5.947323381325433, 37.402928723308321 ], [ -5.949028596565783, 37.402030205401459 ], [ -5.950887729585488, 37.404349053867989 ] ] ], [ [ [ -5.979172049385232, 37.410304902126143 ], [ -5.98027266552781, 37.410011349809494 ], [ -5.980683010700532, 37.41101242334063 ], [ -5.980865630231553, 37.411345680354309 ], [ -5.980983287115319, 37.411491388497531 ], [ -5.981197298138914, 37.411706749398213 ], [ -5.980733888515773, 37.411837814525818 ], [ -5.980052645008084, 37.412026207985321 ], [ -5.97930599384658, 37.412229731654278 ], [ -5.978017297332424, 37.412579856254119 ], [ -5.977850492696114, 37.412575035620904 ], [ -5.977742346844726, 37.412550725664744 ], [ -5.977648718162508, 37.412508060015519 ], [ -5.977380262773865, 37.411888573043683 ], [ -5.977283967367733, 37.411604900468184 ], [ -5.977278290388235, 37.411318980740127 ], [ -5.977235259863394, 37.411229973823048 ], [ -5.977450588381077, 37.410753749327228 ], [ -5.977665300490817, 37.410275288250553 ], [ -5.978538275545255, 37.4104492585221 ], [ -5.979172049385232, 37.410304902126143 ] ] ] ] } },
{ "type": "Feature", "properties": { "viviendas": 1499, "n_flats": 3, "n_rooms": 2, "n_all": 5, "ratio_flats": 0.20013342228152101, "ratio_rooms": 0.13342228152101401, "ratio": 0.33355570380253502, "mean_price": 71.5, "mean_revenue": 889.25, "profit": 351.16841299423072, "net_profit": 1.0, "ingresos_medios": 12753.947951624152 }, "geometry": { "type": "MultiPolygon", "coordinates": [ [ [ [ -5.948655997379219, 37.385162848557229 ], [ -5.94891556278246, 37.384951352327519 ], [ -5.9492117687988, 37.384860611295672 ], [ -5.949781266057948, 37.384422929889773 ], [ -5.949899187865423, 37.384492084815221 ], [ -5.949974306244934, 37.384436120048498 ], [ -5.950266983090508, 37.384413038313383 ], [ -5.950729759240492, 37.384408281561043 ], [ -5.950585183301957, 37.385731299365695 ], [ -5.949624009122736, 37.385048092572035 ], [ -5.949310272045758, 37.385446359814651 ], [ -5.948647998876489, 37.38516592617956 ], [ -5.948655997379219, 37.385162848557229 ] ] ], [ [ [ -5.925663243002222, 37.402248121813408 ], [ -5.925078843453265, 37.401475415407695 ], [ -5.92513771807159, 37.401446631773112 ], [ -5.926234711543168, 37.400979380623731 ], [ -5.928129184547251, 37.403599557559467 ], [ -5.9280231854543, 37.403651750919295 ], [ -5.927023348798656, 37.40413152545436 ], [ -5.925595281485524, 37.404781866538606 ], [ -5.924283647871607, 37.405271624718928 ], [ -5.923391838393422, 37.405606789777536 ], [ -5.922166994969153, 37.403884501843898 ], [ -5.92216329343084, 37.403879296905188 ], [ -5.925663243002222, 37.402248121813408 ] ] ], [ [ [ -5.981717824203158, 37.406057601830369 ], [ -5.981618691142697, 37.405733439615389 ], [ -5.981599318655001, 37.405578516672755 ], [ -5.982916266773055, 37.405579106739985 ], [ -5.982680927726505, 37.406618965074166 ], [ -5.983161274323884, 37.406631604720218 ], [ -5.983182661069503, 37.406734698041738 ], [ -5.983664389703715, 37.406749553365373 ], [ -5.983677168633538, 37.406537495434989 ], [ -5.984303749971198, 37.406544208418758 ], [ -5.98421978948963, 37.407309960887979 ], [ -5.982701595978964, 37.407264939973224 ], [ -5.982049218858789, 37.40651103265666 ], [ -5.981717824203158, 37.406057601830369 ] ] ] ] } },
{ "type": "Feature", "properties": { "viviendas": 2829, "n_flats": 3, "n_rooms": 6, "n_all": 9, "ratio_flats": 0.10604453870625663, "ratio_rooms": 0.21208907741251326, "ratio": 0.31813361611876989, "mean_price": 53.125, "mean_revenue": 377.25, "profit": -182.8593613307612, "net_profit": -1.0, "ingresos_medios": 10719.229758864854 }, "geometry": { "type": "MultiPolygon", "coordinates": [ [ [ [ -5.975905645733835, 37.358599613427458 ], [ -5.97594524243269, 37.358677449639202 ], [ -5.976808219395881, 37.360239346375394 ], [ -5.977695735640873, 37.359926370749747 ], [ -5.978558066972702, 37.361470199841101 ], [ -5.976446815918605, 37.36222169190566 ], [ -5.975682069017208, 37.362441458187263 ], [ -5.974282059210264, 37.359009892609578 ], [ -5.974693587614873, 37.358916182743918 ], [ -5.975905645733835, 37.358599613427458 ] ] ], [ [ [ -5.950091801562908, 37.368736899926333 ], [ -5.950024218631955, 37.369222866053335 ], [ -5.9509025011801, 37.369524747531315 ], [ -5.950971335107201, 37.369548406348315 ], [ -5.951074772606016, 37.36959539108598 ], [ -5.951910499693203, 37.370151200950922 ], [ -5.951971764033463, 37.370233027545673 ], [ -5.951376260567124, 37.370707405045792 ], [ -5.951027531117505, 37.370409765168624 ], [ -5.950974018634194, 37.370381830271427 ], [ -5.94979098653666, 37.370244627075806 ], [ -5.948635396622686, 37.370142819535566 ], [ -5.948457116068815, 37.370113498524375 ], [ -5.948466582015529, 37.369872203624155 ], [ -5.948442310998523, 37.369591207739148 ], [ -5.948468343446237, 37.369529732387925 ], [ -5.949257561372674, 37.369232987119865 ], [ -5.949323310884459, 37.369177279274481 ], [ -5.949338577458579, 37.369007973797764 ], [ -5.949311952766867, 37.368968095560369 ], [ -5.949346761764109, 37.368663094111682 ], [ -5.950091801562908, 37.368736899926333 ] ] ], [ [ [ -5.922699698044435, 37.406509215698811 ], [ -5.923167026360621, 37.405691183111507 ], [ -5.923391838393422, 37.405606789777536 ], [ -5.924283647871607, 37.405271624718928 ], [ -5.926815523917834, 37.406179815018739 ], [ -5.928783828666411, 37.406847383882543 ], [ -5.928007045020543, 37.408256517755589 ], [ -5.927958721950574, 37.408320788590331 ], [ -5.927898576445464, 37.408358316729071 ], [ -5.927713418144882, 37.408421458241854 ], [ -5.927606347030262, 37.408264191731583 ], [ -5.926088773980777, 37.407722847892217 ], [ -5.924349836283675, 37.407096837288307 ], [ -5.922699698044435, 37.406509215698811 ] ] ], [ [ [ -5.98189854860484, 37.410808279148029 ], [ -5.980889870804988, 37.410709830636314 ], [ -5.980987094340352, 37.410468593059186 ], [ -5.981269190840964, 37.41039392044781 ], [ -5.981256609572662, 37.410144194298454 ], [ -5.981058820151101, 37.409687387281394 ], [ -5.981368683884912, 37.409600737881391 ], [ -5.981593809272729, 37.40950945424207 ], [ -5.981704254482457, 37.409508919980695 ], [ -5.981803722836997, 37.40945460911832 ], [ -5.983063039708888, 37.409582759558994 ], [ -5.983073184445862, 37.409780709993974 ], [ -5.983133823004698, 37.410076536763327 ], [ -5.983591673041274, 37.411256581549672 ], [ -5.982015816594964, 37.411111682128286 ], [ -5.982057070395464, 37.410849339236229 ], [ -5.98189854860484, 37.410808279148029 ] ] ] ] } },
{ "type": "Feature", "properties": { "viviendas": 1238, "n_flats": 2, "n_rooms": 3, "n_all": 5, "ratio_flats": 0.16155088852988692, "ratio_rooms": 0.24232633279483037, "ratio": 0.40387722132471726, "mean_price": 78.0, "mean_revenue": 375.0, "profit": -106.70731707317071, "net_profit": -1.0, "ingresos_medios": 7752.2932219701488 }, "geometry": { "type": "MultiPolygon", "coordinates": [ [ [ [ -5.937643375232344, 37.369285596512384 ], [ -5.937585891033674, 37.369237498959258 ], [ -5.937402702319151, 37.368899621690531 ], [ -5.937203741753902, 37.368690834478329 ], [ -5.940751994743494, 37.36832983277052 ], [ -5.942967223313949, 37.368103503003589 ], [ -5.944089762583526, 37.367681063160518 ], [ -5.944198760299551, 37.368943882882085 ], [ -5.943911409480733, 37.370043348701032 ], [ -5.942932963250505, 37.369922196994807 ], [ -5.940223296265235, 37.369892846093087 ], [ -5.939653108442569, 37.369886688048851 ], [ -5.937937477129769, 37.369884271428681 ], [ -5.937643375232344, 37.369285596512384 ] ] ], [ [ [ -5.926542093782516, 37.410401289247581 ], [ -5.926981978320732, 37.409622225720767 ], [ -5.930063700310281, 37.410705984907182 ], [ -5.929619052165619, 37.411489637813474 ], [ -5.92816662298927, 37.4109692379755 ], [ -5.927636367473112, 37.410795406263041 ], [ -5.926542093782516, 37.410401289247581 ] ] ], [ [ [ -5.979786896574439, 37.408838708033016 ], [ -5.980011558000536, 37.408828524493877 ], [ -5.980322409560149, 37.408843250892907 ], [ -5.980663267160787, 37.409677123141861 ], [ -5.981010735598331, 37.40958723709398 ], [ -5.981058820151101, 37.409687387281394 ], [ -5.981256609572662, 37.410144194298454 ], [ -5.981269190840964, 37.41039392044781 ], [ -5.980987094340352, 37.410468593059186 ], [ -5.980889870804988, 37.410709830636314 ], [ -5.98189854860484, 37.410808279148029 ], [ -5.982057070395464, 37.410849339236229 ], [ -5.982015816594964, 37.411111682128286 ], [ -5.981969802396187, 37.411162369504815 ], [ -5.980683010700532, 37.41101242334063 ], [ -5.98027266552781, 37.410011349809494 ], [ -5.979786896574439, 37.408838708033016 ] ] ] ] } },
{ "type": "Feature", "properties": { "viviendas": 2267, "n_flats": 1, "n_rooms": 0, "n_all": 1, "ratio_flats": 0.044111160123511246, "ratio_rooms": 0.0, "ratio": 0.044111160123511246, "mean_price": 54.0, "mean_revenue": 27.0, "profit": -484.88425705818179, "net_profit": -1.0, "ingresos_medios": 7531.257557173617 }, "geometry": { "type": "MultiPolygon", "coordinates": [ [ [ [ -5.965562005344387, 37.358467600274032 ], [ -5.965855786311997, 37.358304781291274 ], [ -5.968567994357207, 37.356927947371631 ], [ -5.969654982534975, 37.359621781983989 ], [ -5.968054447850276, 37.359966089586443 ], [ -5.967859367548169, 37.360022806432042 ], [ -5.967641498437487, 37.360116114460155 ], [ -5.967495364332446, 37.360207639780704 ], [ -5.967150473740596, 37.360479866923399 ], [ -5.966229500619694, 37.359741604305647 ], [ -5.966106135700634, 37.359681626778048 ], [ -5.96517345516867, 37.358803973027136 ], [ -5.965176775343317, 37.35880056929048 ], [ -5.965385227600438, 37.358586873491063 ], [ -5.965562005344387, 37.358467600274032 ] ] ], [ [ [ -5.954087057855592, 37.367490529988928 ], [ -5.953642933996156, 37.368098582341794 ], [ -5.952863520190204, 37.369104707900725 ], [ -5.952751603104762, 37.369021875833766 ], [ -5.952464411579608, 37.368882640414796 ], [ -5.952653680047383, 37.368630120180867 ], [ -5.952086414929053, 37.368364972779972 ], [ -5.952373409157636, 37.367974854857252 ], [ -5.951729556952513, 37.3676755627042 ], [ -5.952394466324564, 37.366800685985616 ], [ -5.953681003905426, 37.36735651596539 ], [ -5.954087057855592, 37.367490529988928 ] ] ], [ [ [ -5.970446165817386, 37.404888506629831 ], [ -5.97057678624681, 37.404736601010285 ], [ -5.970702118262184, 37.404631556376934 ], [ -5.971765904147396, 37.405428302984028 ], [ -5.971521895166704, 37.405606094219237 ], [ -5.971212148451772, 37.405632957268459 ], [ -5.971249481499713, 37.405670163772776 ], [ -5.97145965565771, 37.405846066126244 ], [ -5.971829223687259, 37.406122856143654 ], [ -5.972025198584573, 37.406241897291309 ], [ -5.972794686651304, 37.406809025510888 ], [ -5.972787470102925, 37.406814198095255 ], [ -5.972002650645419, 37.407430888835023 ], [ -5.970497165764499, 37.406184736949378 ], [ -5.970398322071194, 37.406045316137572 ], [ -5.970110650089959, 37.405428564497576 ], [ -5.970165786139427, 37.40531453925054 ], [ -5.970294681905253, 37.405097310704797 ], [ -5.970446165817386, 37.404888506629831 ] ] ], [ [ [ -5.927606347030262, 37.408264191731583 ], [ -5.927713418144882, 37.408421458241854 ], [ -5.927550873164797, 37.408598946203135 ], [ -5.926981978320732, 37.409622225720767 ], [ -5.926542093782516, 37.410401289247581 ], [ -5.924919912885934, 37.409826442907175 ], [ -5.926088773980777, 37.407722847892217 ], [ -5.927606347030262, 37.408264191731583 ] ] ] ] } },
{ "type": "Feature", "properties": { "viviendas": 1884, "n_flats": 1, "n_rooms": 0, "n_all": 1, "ratio_flats": 0.053078556263269641, "ratio_rooms": 0.0, "ratio": 0.053078556263269641, "mean_price": 100.0, "mean_revenue": 0.0, "profit": -631.64231601779215, "net_profit": -1.0, "ingresos_medios": 9515.3091583867918 }, "geometry": { "type": "MultiPolygon", "coordinates": [ [ [ [ -5.98316729404101, 37.36773342090838 ], [ -5.98338565412265, 37.368160403024078 ], [ -5.983481082281995, 37.368405786851689 ], [ -5.979135306172021, 37.369102842007102 ], [ -5.978957065937442, 37.368263834619071 ], [ -5.97888991205999, 37.367948992873927 ], [ -5.978757114064688, 37.367357471737954 ], [ -5.980369583785162, 37.367153103634088 ], [ -5.981471664104702, 37.367010705181663 ], [ -5.981627698253709, 37.366979482348754 ], [ -5.982173663521787, 37.366780156089767 ], [ -5.982567396582174, 37.366632915272291 ], [ -5.98256773477897, 37.366633501437967 ], [ -5.98316729404101, 37.36773342090838 ] ] ], [ [ [ -5.93486927558256, 37.383888392591729 ], [ -5.935043872527394, 37.382179186481309 ], [ -5.935359026544581, 37.380539803904661 ], [ -5.935539203739117, 37.379563731199632 ], [ -5.936410971271568, 37.377177248582754 ], [ -5.936889532487418, 37.375900459703445 ], [ -5.937289470038662, 37.374964762424291 ], [ -5.937574269247493, 37.374316053931913 ], [ -5.938419286688639, 37.372718504909209 ], [ -5.939313339523409, 37.371328889939342 ], [ -5.939358690203954, 37.371346936701023 ], [ -5.93966957617025, 37.371447342722021 ], [ -5.939932325338339, 37.371503882920507 ], [ -5.940006263501899, 37.37156286932904 ], [ -5.940105139769837, 37.371600989947922 ], [ -5.940483053894451, 37.371544276844915 ], [ -5.94084966338469, 37.371526134000327 ], [ -5.942574722580582, 37.371602604845947 ], [ -5.942956094306742, 37.371651644741483 ], [ -5.943583230055268, 37.371766274311199 ], [ -5.943170008723352, 37.373394076220507 ], [ -5.942808437392707, 37.374658980867125 ], [ -5.942802111638017, 37.374681110108021 ], [ -5.942792425272137, 37.374675506091798 ], [ -5.940210274388333, 37.373181666433425 ], [ -5.939832337885668, 37.373601132653903 ], [ -5.939531605556139, 37.374161722275957 ], [ -5.938713691062373, 37.375860465521377 ], [ -5.938314798531088, 37.376661902414909 ], [ -5.937363354885433, 37.377696411913313 ], [ -5.938268733004655, 37.378236547095469 ], [ -5.938946781211549, 37.378644089879167 ], [ -5.940569350000454, 37.379619304948662 ], [ -5.939850723071039, 37.380495458173328 ], [ -5.941638108294545, 37.381280636064439 ], [ -5.941667827923065, 37.381277514643486 ], [ -5.941706067167233, 37.381273498999178 ], [ -5.942460770277184, 37.381194234736107 ], [ -5.941018851833849, 37.385226957252399 ], [ -5.940848937100924, 37.38585965564792 ], [ -5.940812981035493, 37.386117332028029 ], [ -5.940804489260941, 37.386414904489129 ], [ -5.93715637942945, 37.386257811095881 ], [ -5.934721695326932, 37.386204009360753 ], [ -5.934772535932805, 37.385531501825724 ], [ -5.93486927558256, 37.383888392591729 ] ] ], [ [ [ -5.969595415992254, 37.405229795374936 ], [ -5.96971177147705, 37.405445360593262 ], [ -5.970165786139427, 37.40531453925054 ], [ -5.970110650089959, 37.405428564497576 ], [ -5.970398322071194, 37.406045316137572 ], [ -5.970497165764499, 37.406184736949378 ], [ -5.972002650645419, 37.407430888835023 ], [ -5.971931722301274, 37.407491222435397 ], [ -5.97062199679197, 37.408598657740725 ], [ -5.970504355159836, 37.408766038083165 ], [ -5.970466253535903, 37.408821062564257 ], [ -5.968971783545811, 37.405822133026447 ], [ -5.968828279964179, 37.40553511576806 ], [ -5.969595415992254, 37.405229795374936 ] ] ], [ [ [ -5.926088773980777, 37.407722847892217 ], [ -5.924919912885934, 37.409826442907175 ], [ -5.923175089710162, 37.409209603792938 ], [ -5.924349836283675, 37.407096837288307 ], [ -5.926088773980777, 37.407722847892217 ] ] ] ] } },
{ "type": "Feature", "properties": { "viviendas": 1760, "n_flats": 0, "n_rooms": 4, "n_all": 4, "ratio_flats": 0.0, "ratio_rooms": 0.22727272727272727, "ratio": 0.22727272727272727, "mean_price": 31.0, "mean_revenue": 330.0, "profit": -114.54545454545456, "net_profit": -1.0, "ingresos_medios": 8531.3500548485626 }, "geometry": { "type": "MultiPolygon", "coordinates": [ [ [ [ -5.942792425272137, 37.374675506091798 ], [ -5.942802111638017, 37.374681110108021 ], [ -5.942808437392707, 37.374658980867125 ], [ -5.943170008723352, 37.373394076220507 ], [ -5.943583230055268, 37.371766274311199 ], [ -5.943596227722137, 37.371768650147764 ], [ -5.943798330558198, 37.371833444963357 ], [ -5.943918586698797, 37.371855215940052 ], [ -5.944397944438295, 37.371834272948462 ], [ -5.944424525906348, 37.371834986554461 ], [ -5.94421352930678, 37.37599921321776 ], [ -5.944176066654355, 37.376018447373994 ], [ -5.944075861012145, 37.376523266300886 ], [ -5.943949526326522, 37.376992716748802 ], [ -5.943498248552105, 37.378301443258991 ], [ -5.942876467689355, 37.38003502248084 ], [ -5.942488977667789, 37.381115341955685 ], [ -5.942460770277184, 37.381194234736107 ], [ -5.941706067167233, 37.381273498999178 ], [ -5.941667827923065, 37.381277514643486 ], [ -5.941711507590278, 37.381160948756715 ], [ -5.942232555884694, 37.379749720230087 ], [ -5.942134989900661, 37.379706490588227 ], [ -5.941462357933167, 37.379313174183579 ], [ -5.941449302638639, 37.379284890194484 ], [ -5.942451810738899, 37.378334903915309 ], [ -5.941962732692184, 37.378051455087402 ], [ -5.941737767703917, 37.378104737911066 ], [ -5.940669727652699, 37.377377951058257 ], [ -5.9403525451364, 37.377193445763055 ], [ -5.942792425272137, 37.374675506091798 ] ] ], [ [ [ -5.922699698044435, 37.406509215698811 ], [ -5.924349836283675, 37.407096837288307 ], [ -5.923175089710162, 37.409209603792938 ], [ -5.921510763492308, 37.40860753898464 ], [ -5.921502256708766, 37.408604461359403 ], [ -5.922699698044435, 37.406509215698811 ] ] ], [ [ [ -5.980733888515773, 37.411837814525818 ], [ -5.980865804650111, 37.412156590516027 ], [ -5.98081770030013, 37.41221188956203 ], [ -5.98071239880407, 37.412266342341752 ], [ -5.981259330379312, 37.413538816202575 ], [ -5.98126620665565, 37.41353691171841 ], [ -5.981467219249335, 37.413937872841188 ], [ -5.981469692328759, 37.413942805882783 ], [ -5.980236476103981, 37.414255119442679 ], [ -5.98004097554566, 37.41386514063359 ], [ -5.980015294593147, 37.413872018450242 ], [ -5.97930599384658, 37.412229731654278 ], [ -5.980052645008084, 37.412026207985321 ], [ -5.980733888515773, 37.411837814525818 ] ] ] ] } },
{ "type": "Feature", "properties": { "viviendas": 1528, "n_flats": 0, "n_rooms": 0, "n_all": 0, "ratio_flats": 0.0, "ratio_rooms": 0.0, "ratio": 0.0, "mean_price": null, "mean_revenue": null, "profit": null, "net_profit": null, "ingresos_medios": 12219.094959079059 }, "geometry": { "type": "MultiPolygon", "coordinates": [ [ [ [ -5.946511958275644, 37.385376246657344 ], [ -5.946506157131348, 37.385196154183951 ], [ -5.946589658391425, 37.384534084118989 ], [ -5.94656610657111, 37.383780012922195 ], [ -5.9471403660569, 37.383513398635856 ], [ -5.94787255963452, 37.383180578497736 ], [ -5.947846064012642, 37.384286106247387 ], [ -5.948372143529125, 37.38459721492967 ], [ -5.948369238946364, 37.385119434816623 ], [ -5.948356819374219, 37.385114008528916 ], [ -5.947752905848006, 37.384926337264986 ], [ -5.947150808614119, 37.384707067532048 ], [ -5.947173445987596, 37.384780831120359 ], [ -5.947106573378931, 37.385377183592723 ], [ -5.946975463591372, 37.385380451983785 ], [ -5.946900100424873, 37.386249592896014 ], [ -5.946461541823695, 37.386233489287427 ], [ -5.946511958275644, 37.385376246657344 ] ] ], [ [ [ -5.917162522145402, 37.404238171572111 ], [ -5.918010847360184, 37.403815237582627 ], [ -5.918030313106584, 37.403805801006591 ], [ -5.92106485674234, 37.402334701912316 ], [ -5.92164690330995, 37.403153201020203 ], [ -5.92215591784917, 37.403868925994466 ], [ -5.92216329343084, 37.403879296905188 ], [ -5.922166994969153, 37.403884501843898 ], [ -5.921038297135111, 37.404398646682765 ], [ -5.919475450382286, 37.405095288647246 ], [ -5.919011108093836, 37.405297490387795 ], [ -5.918550229953646, 37.404665173078875 ], [ -5.917736976628633, 37.405030811536385 ], [ -5.917162522145402, 37.404238171572111 ] ] ] ] } },
{ "type": "Feature", "properties": { "viviendas": 1866, "n_flats": 6, "n_rooms": 2, "n_all": 8, "ratio_flats": 0.32154340836012862, "ratio_rooms": 0.10718113612004287, "ratio": 0.4287245444801715, "mean_price": 84.375, "mean_revenue": 594.0625, "profit": 56.087816455949337, "net_profit": 1.0, "ingresos_medios": 9352.3683852265967 }, "geometry": { "type": "MultiPolygon", "coordinates": [ [ [ [ -5.931756571458093, 37.376196419427899 ], [ -5.931080839405976, 37.37572435621383 ], [ -5.929863548137725, 37.374948088602594 ], [ -5.929723965562889, 37.374856914151785 ], [ -5.928465678476234, 37.374181986080792 ], [ -5.932725726440654, 37.372952356064665 ], [ -5.932734110694132, 37.372971189455313 ], [ -5.933262539163311, 37.374104656222855 ], [ -5.933431468527435, 37.375693107572893 ], [ -5.933665422101678, 37.377617786494454 ], [ -5.933629738286518, 37.377591216748471 ], [ -5.931756571458093, 37.376196419427899 ] ] ], [ [ [ -5.922808741543897, 37.398313506443202 ], [ -5.924219566026375, 37.400166793715883 ], [ -5.923996373476877, 37.400267682063863 ], [ -5.924905587743765, 37.401560119390119 ], [ -5.922670914394025, 37.4026526066923 ], [ -5.922121068700741, 37.401862716410186 ], [ -5.921674061893282, 37.401281229999476 ], [ -5.922518210137839, 37.400872760565584 ], [ -5.922365891976107, 37.400689410121892 ], [ -5.922057281897957, 37.400220336962015 ], [ -5.922649447987041, 37.399938385823823 ], [ -5.922407741062591, 37.399610224210477 ], [ -5.921846968502587, 37.398831069055731 ], [ -5.921311460327726, 37.398127023181019 ], [ -5.920741098172208, 37.398395062843186 ], [ -5.920390915972769, 37.397922053988886 ], [ -5.921997947856662, 37.397191619216045 ], [ -5.922808741543897, 37.398313506443202 ] ] ], [ [ [ -5.984013831155888, 37.40389795810507 ], [ -5.984755503724583, 37.404127018246072 ], [ -5.986712949490061, 37.40449877677478 ], [ -5.986985578696434, 37.404532445504984 ], [ -5.986459269253491, 37.405593198713774 ], [ -5.98632774652732, 37.405704656956807 ], [ -5.98614466303548, 37.406004387945757 ], [ -5.985834825233799, 37.405904083033548 ], [ -5.984913464839785, 37.405670580803786 ], [ -5.983004565845009, 37.405171363775089 ], [ -5.983299508032394, 37.403805606751391 ], [ -5.984013831155888, 37.40389795810507 ] ] ] ] } },
{ "type": "Feature", "properties": { "viviendas": 1462, "n_flats": 1, "n_rooms": 1, "n_all": 2, "ratio_flats": 0.068399452804377564, "ratio_rooms": 0.068399452804377564, "ratio": 0.13679890560875513, "mean_price": 70.0, "mean_revenue": 411.0, "profit": -55.604938271604965, "net_profit": -1.0, "ingresos_medios": 10999.999110344392 }, "geometry": { "type": "MultiPolygon", "coordinates": [ [ [ [ -5.947765059013284, 37.368797169364406 ], [ -5.94743129089968, 37.36886181151138 ], [ -5.947143448461276, 37.368238244864841 ], [ -5.946778242849815, 37.367253918443794 ], [ -5.946530520801711, 37.366748464761606 ], [ -5.94783883487592, 37.366226373148315 ], [ -5.948034482899898, 37.366157826580292 ], [ -5.948138764033137, 37.366300957916756 ], [ -5.948286958001664, 37.366211653706394 ], [ -5.94876895569636, 37.366023936941538 ], [ -5.948928523232649, 37.365945606116689 ], [ -5.949132538678023, 37.365895456054588 ], [ -5.949368343991739, 37.365912087104839 ], [ -5.949706333154841, 37.365980276429184 ], [ -5.949861330221684, 37.365983180874423 ], [ -5.95014766531063, 37.365953469405554 ], [ -5.950301896679599, 37.365985694280205 ], [ -5.95051335821009, 37.366052478812655 ], [ -5.951898232843309, 37.36658783140043 ], [ -5.951986070000193, 37.366625508692252 ], [ -5.950939253561198, 37.368070065003714 ], [ -5.951281321329092, 37.368261786190843 ], [ -5.9509025011801, 37.369524747531315 ], [ -5.950024218631955, 37.369222866053335 ], [ -5.950091801562908, 37.368736899926333 ], [ -5.949346761764109, 37.368663094111682 ], [ -5.949311952766867, 37.368968095560369 ], [ -5.947765059013284, 37.368797169364406 ] ] ], [ [ [ -5.929558098514964, 37.396651724895975 ], [ -5.927280467452313, 37.397662637969269 ], [ -5.927007724292285, 37.397909658163478 ], [ -5.92676454519043, 37.398674065849306 ], [ -5.926786783339683, 37.39870414684605 ], [ -5.926713781169688, 37.398694366685227 ], [ -5.926365137508286, 37.398621646342313 ], [ -5.926150748044128, 37.398580973137662 ], [ -5.926007500591587, 37.39854561098749 ], [ -5.925898311792544, 37.398474036305039 ], [ -5.925805192815615, 37.39835961856987 ], [ -5.925491397401379, 37.397928789210624 ], [ -5.925247753245782, 37.397591724762194 ], [ -5.924989449676657, 37.397219651125148 ], [ -5.924628901540165, 37.396726310601501 ], [ -5.924230867990627, 37.396170291811927 ], [ -5.928004630340905, 37.394432883468887 ], [ -5.929558098514964, 37.396651724895975 ] ] ], [ [ [ -5.977483334896276, 37.399827800547122 ], [ -5.977609777613374, 37.399919206030155 ], [ -5.979271022815955, 37.400915762533167 ], [ -5.978787665248862, 37.401450583344868 ], [ -5.978303436844795, 37.401165430857844 ], [ -5.978358569047185, 37.401105468394363 ], [ -5.977562778603196, 37.400614179972628 ], [ -5.977388434666318, 37.400951971828576 ], [ -5.977158024647913, 37.401192057079051 ], [ -5.977038853220548, 37.40127389587893 ], [ -5.976923742561533, 37.401326339665282 ], [ -5.976209338577616, 37.400517626212462 ], [ -5.977463239771433, 37.399837294196999 ], [ -5.977483334896276, 37.399827800547122 ] ] ] ] } },
{ "type": "Feature", "properties": { "viviendas": 1064, "n_flats": 0, "n_rooms": 0, "n_all": 0, "ratio_flats": 0.0, "ratio_rooms": 0.0, "ratio": 0.0, "mean_price": null, "mean_revenue": null, "profit": null, "net_profit": null, "ingresos_medios": 8213.4802410120628 }, "geometry": { "type": "MultiPolygon", "coordinates": [ [ [ [ -5.942956094306742, 37.371651644741483 ], [ -5.942574722580582, 37.371602604845947 ], [ -5.94084966338469, 37.371526134000327 ], [ -5.940483053894451, 37.371544276844915 ], [ -5.940105139769837, 37.371600989947922 ], [ -5.940006263501899, 37.37156286932904 ], [ -5.939932325338339, 37.371503882920507 ], [ -5.93966957617025, 37.371447342722021 ], [ -5.939358690203954, 37.371346936701023 ], [ -5.939313339523409, 37.371328889939342 ], [ -5.938788711743566, 37.371120118606257 ], [ -5.938522710414488, 37.370984787668156 ], [ -5.938340743316082, 37.370802336439752 ], [ -5.938296944450931, 37.370634499737456 ], [ -5.938233754721887, 37.370482849936636 ], [ -5.937937477129769, 37.369884271428681 ], [ -5.939653108442569, 37.369886688048851 ], [ -5.940223296265235, 37.369892846093087 ], [ -5.942932963250505, 37.369922196994807 ], [ -5.943911409480733, 37.370043348701032 ], [ -5.943917831840429, 37.370044143840296 ], [ -5.943602586083217, 37.371543228585239 ], [ -5.943918586698797, 37.371855215940052 ], [ -5.943798330558198, 37.371833444963357 ], [ -5.943596227722137, 37.371768650147764 ], [ -5.943583230055268, 37.371766274311199 ], [ -5.942956094306742, 37.371651644741483 ] ] ], [ [ [ -5.921510763492308, 37.40860753898464 ], [ -5.923175089710162, 37.409209603792938 ], [ -5.922025993562931, 37.411262436938735 ], [ -5.920754032912805, 37.410807164811189 ], [ -5.920302434883822, 37.410684667691463 ], [ -5.921510763492308, 37.40860753898464 ] ] ] ] } },
{ "type": "Feature", "properties": { "viviendas": 2021, "n_flats": 3, "n_rooms": 3, "n_all": 6, "ratio_flats": 0.14844136566056407, "ratio_rooms": 0.14844136566056407, "ratio": 0.29688273132112813, "mean_price": 40.6, "mean_revenue": 470.25, "profit": -1.0927010148571981, "net_profit": -1.0, "ingresos_medios": 8710.0052645010237 }, "geometry": { "type": "MultiPolygon", "coordinates": [ [ [ [ -5.944397944438295, 37.371834272948462 ], [ -5.943918586698797, 37.371855215940052 ], [ -5.943602586083217, 37.371543228585239 ], [ -5.943917831840429, 37.370044143840296 ], [ -5.943911409480733, 37.370043348701032 ], [ -5.944198760299551, 37.368943882882085 ], [ -5.944089762583526, 37.367681063160518 ], [ -5.944386470514565, 37.36756940159902 ], [ -5.944513771166607, 37.367521461832339 ], [ -5.94591555941544, 37.36699385060632 ], [ -5.946095748765806, 37.366921948607711 ], [ -5.946345980904028, 37.367539534755551 ], [ -5.946599628769166, 37.368220245174925 ], [ -5.946632512862026, 37.368356826747593 ], [ -5.947297290180923, 37.370090580266442 ], [ -5.946863028041149, 37.370398730217133 ], [ -5.946476367987102, 37.370647173507365 ], [ -5.946402253557992, 37.370678304445903 ], [ -5.946466587420964, 37.370856884663993 ], [ -5.945811473100862, 37.3710354174193 ], [ -5.945765932349139, 37.370909700897521 ], [ -5.9457635830402, 37.370903214086553 ], [ -5.944730667311644, 37.37117503163379 ], [ -5.944756385254088, 37.371832398382111 ], [ -5.944756835558222, 37.371843908247456 ], [ -5.944424525906348, 37.371834986554461 ], [ -5.944397944438295, 37.371834272948462 ] ] ], [ [ [ -5.92106485674234, 37.402334701912316 ], [ -5.918030313106584, 37.403805801006591 ], [ -5.917026357374276, 37.402487170371266 ], [ -5.92014076322664, 37.40103509863598 ], [ -5.92106485674234, 37.402334701912316 ] ] ], [ [ [ -5.986701723091373, 37.410340051125658 ], [ -5.986432806008325, 37.410760765304438 ], [ -5.986404614985418, 37.410804869346052 ], [ -5.986103214555778, 37.411308049747099 ], [ -5.984202079866038, 37.410862784538594 ], [ -5.984576410469084, 37.409839650765889 ], [ -5.986701723091373, 37.410340051125658 ] ] ] ] } },
{ "type": "Feature", "properties": { "viviendas": 1871, "n_flats": 3, "n_rooms": 4, "n_all": 7, "ratio_flats": 0.16034206306787813, "ratio_rooms": 0.21378941742383753, "ratio": 0.37413148049171563, "mean_price": 54.666666666666664, "mean_revenue": 704.54166666666663, "profit": 169.89880952380952, "net_profit": 1.0, "ingresos_medios": 9392.2506469404798 }, "geometry": { "type": "MultiPolygon", "coordinates": [ [ [ [ -5.925002095359011, 37.372378827637029 ], [ -5.926326231218548, 37.371589144735509 ], [ -5.926914589535505, 37.371331286060467 ], [ -5.928527639192159, 37.371003038924314 ], [ -5.929192145409416, 37.370671207756033 ], [ -5.929619333540297, 37.370624544405736 ], [ -5.929886560872609, 37.370527852373023 ], [ -5.930456953144131, 37.370099188949986 ], [ -5.930723431049342, 37.369984484067757 ], [ -5.931303273528322, 37.369884630047693 ], [ -5.931662982894705, 37.370564898203028 ], [ -5.932725726440654, 37.372952356064665 ], [ -5.928465678476234, 37.374181986080792 ], [ -5.927813242658228, 37.373832018011448 ], [ -5.927794596228915, 37.37382345575223 ], [ -5.926581161427792, 37.373222773135851 ], [ -5.926168499484829, 37.373050518595868 ], [ -5.925993858919574, 37.372982779596335 ], [ -5.925667676097555, 37.372855679302688 ], [ -5.925321876758557, 37.372713286786166 ], [ -5.925003730588426, 37.372588251862844 ], [ -5.924809475488514, 37.372510791004267 ], [ -5.925002095359011, 37.372378827637029 ] ] ], [ [ [ -5.968736715785281, 37.404405217696834 ], [ -5.96891151541553, 37.403685606108873 ], [ -5.969025170210318, 37.402988118482213 ], [ -5.9690995157776, 37.402982895282335 ], [ -5.97093283981511, 37.402353380210911 ], [ -5.971643028337152, 37.402116998482242 ], [ -5.972281299514189, 37.401927486803579 ], [ -5.97322977683464, 37.401698644748841 ], [ -5.973274736036065, 37.401839441110432 ], [ -5.973291939684334, 37.402055263645984 ], [ -5.973540550722303, 37.403265417500926 ], [ -5.973429791920441, 37.403401103747342 ], [ -5.973151738394675, 37.403250399373199 ], [ -5.972974983622062, 37.403329213261536 ], [ -5.972273211584308, 37.403554097450346 ], [ -5.972100875798223, 37.403774104158941 ], [ -5.971958610356291, 37.40372600300477 ], [ -5.970776741909828, 37.404574708709951 ], [ -5.97077356118065, 37.404571678236188 ], [ -5.970702118262184, 37.404631556376934 ], [ -5.97057678624681, 37.404736601010285 ], [ -5.970446165817386, 37.404888506629831 ], [ -5.970294681905253, 37.405097310704797 ], [ -5.970165786139427, 37.40531453925054 ], [ -5.96971177147705, 37.405445360593262 ], [ -5.969595415992254, 37.405229795374936 ], [ -5.968828279964179, 37.40553511576806 ], [ -5.968457955302291, 37.404791311223256 ], [ -5.968775696859142, 37.404938268453343 ], [ -5.968736715785281, 37.404405217696834 ] ] ], [ [ [ -5.919011108093836, 37.405297490387795 ], [ -5.919475450382286, 37.405095288647246 ], [ -5.921038297135111, 37.404398646682765 ], [ -5.922166994969153, 37.403884501843898 ], [ -5.923391838393422, 37.405606789777536 ], [ -5.923167026360621, 37.405691183111507 ], [ -5.920708126132299, 37.406626010254918 ], [ -5.920153985219284, 37.406836011656409 ], [ -5.919284220025713, 37.407165618363209 ], [ -5.917736976628633, 37.405030811536385 ], [ -5.918550229953646, 37.404665173078875 ], [ -5.919011108093836, 37.405297490387795 ] ] ] ] } },
{ "type": "Feature", "properties": { "viviendas": 1680, "n_flats": 0, "n_rooms": 3, "n_all": 3, "ratio_flats": 0.0, "ratio_rooms": 0.17857142857142858, "ratio": 0.17857142857142858, "mean_price": 110.0, "mean_revenue": 285.0, "profit": -245.96991876710524, "net_profit": -1.0, "ingresos_medios": 11689.12168082382 }, "geometry": { "type": "MultiPolygon", "coordinates": [ [ [ [ -5.951281321329092, 37.368261786190843 ], [ -5.950939253561198, 37.368070065003714 ], [ -5.951986070000193, 37.366625508692252 ], [ -5.952394466324564, 37.366800685985616 ], [ -5.951729556952513, 37.3676755627042 ], [ -5.952373409157636, 37.367974854857252 ], [ -5.952086414929053, 37.368364972779972 ], [ -5.952653680047383, 37.368630120180867 ], [ -5.952464411579608, 37.368882640414796 ], [ -5.952751603104762, 37.369021875833766 ], [ -5.952863520190204, 37.369104707900725 ], [ -5.95239961445498, 37.3697087258371 ], [ -5.952250422057983, 37.369908425801668 ], [ -5.951971764033463, 37.370233027545673 ], [ -5.951910499693203, 37.370151200950922 ], [ -5.951074772606016, 37.36959539108598 ], [ -5.950971335107201, 37.369548406348315 ], [ -5.9509025011801, 37.369524747531315 ], [ -5.951281321329092, 37.368261786190843 ] ] ], [ [ [ -5.915406001910525, 37.400144191162163 ], [ -5.918524128958015, 37.398769914748151 ], [ -5.9185244513282, 37.398770363628429 ], [ -5.919234367256156, 37.399760329628911 ], [ -5.92014076322664, 37.40103509863598 ], [ -5.917026357374276, 37.402487170371266 ], [ -5.917025192945472, 37.402485629454226 ], [ -5.915300266162283, 37.400193474226356 ], [ -5.915406001910525, 37.400144191162163 ] ] ], [ [ [ -5.973172091482012, 37.404355945533219 ], [ -5.972098628556089, 37.403776972909164 ], [ -5.972100875798223, 37.403774104158941 ], [ -5.972273211584308, 37.403554097450346 ], [ -5.972974983622062, 37.403329213261536 ], [ -5.973151738394675, 37.403250399373199 ], [ -5.973429791920441, 37.403401103747342 ], [ -5.973540550722303, 37.403265417500926 ], [ -5.973291939684334, 37.402055263645984 ], [ -5.973274736036065, 37.401839441110432 ], [ -5.97322977683464, 37.401698644748841 ], [ -5.974204163196603, 37.401462393914969 ], [ -5.974952988538325, 37.401168754870717 ], [ -5.975774378560319, 37.400742581767105 ], [ -5.976236201486241, 37.401287337197168 ], [ -5.9767916481637, 37.401920918808585 ], [ -5.975470916546945, 37.401935368803308 ], [ -5.975182503936161, 37.402269197865969 ], [ -5.975146503501187, 37.402247374378689 ], [ -5.974341203469252, 37.403134881383721 ], [ -5.973899398162629, 37.403650589322083 ], [ -5.973850749064668, 37.403669820821968 ], [ -5.973751715406747, 37.403784970768193 ], [ -5.973648496961678, 37.403722224143671 ], [ -5.973472482330502, 37.403931654131746 ], [ -5.974092397118657, 37.404310238355109 ], [ -5.973861843765161, 37.404597639336508 ], [ -5.973733966819745, 37.404549882786554 ], [ -5.973624449152762, 37.404508981463657 ], [ -5.97355670917594, 37.404534513361988 ], [ -5.973553364838835, 37.404535773428819 ], [ -5.973528337538883, 37.404545206768532 ], [ -5.973172091482012, 37.404355945533219 ] ] ] ] } },
{ "type": "Feature", "properties": { "viviendas": 2385, "n_flats": 1, "n_rooms": 2, "n_all": 3, "ratio_flats": 0.041928721174004195, "ratio_rooms": 0.08385744234800839, "ratio": 0.12578616352201258, "mean_price": 48.666666666666664, "mean_revenue": 161.16666666666666, "profit": -287.44325304761912, "net_profit": -1.0, "ingresos_medios": 8979.7071493366348 }, "geometry": { "type": "MultiPolygon", "coordinates": [ [ [ [ -5.946632512862026, 37.368356826747593 ], [ -5.946599628769166, 37.368220245174925 ], [ -5.946345980904028, 37.367539534755551 ], [ -5.946095748765806, 37.366921948607711 ], [ -5.946530520801711, 37.366748464761606 ], [ -5.946778242849815, 37.367253918443794 ], [ -5.947143448461276, 37.368238244864841 ], [ -5.94743129089968, 37.36886181151138 ], [ -5.947765059013284, 37.368797169364406 ], [ -5.949311952766867, 37.368968095560369 ], [ -5.949338577458579, 37.369007973797764 ], [ -5.949323310884459, 37.369177279274481 ], [ -5.949257561372674, 37.369232987119865 ], [ -5.948468343446237, 37.369529732387925 ], [ -5.948442310998523, 37.369591207739148 ], [ -5.948466582015529, 37.369872203624155 ], [ -5.948457116068815, 37.370113498524375 ], [ -5.948635396622686, 37.370142819535566 ], [ -5.94979098653666, 37.370244627075806 ], [ -5.950974018634194, 37.370381830271427 ], [ -5.951027531117505, 37.370409765168624 ], [ -5.951376260567124, 37.370707405045792 ], [ -5.951262005929669, 37.370789089520549 ], [ -5.950447205169524, 37.371419925948388 ], [ -5.949991195891143, 37.37176243748177 ], [ -5.948556013749925, 37.372863712278424 ], [ -5.948491450526751, 37.372818026122232 ], [ -5.948205983544358, 37.372219164929149 ], [ -5.947479573376131, 37.370561345546513 ], [ -5.947297290180923, 37.370090580266442 ], [ -5.946632512862026, 37.368356826747593 ] ] ], [ [ [ -5.9170251863147, 37.402485633222241 ], [ -5.917026357374276, 37.402487170371266 ], [ -5.918030313106584, 37.403805801006591 ], [ -5.918010847360184, 37.403815237582627 ], [ -5.917162522145402, 37.404238171572111 ], [ -5.916955205603982, 37.404339806449919 ], [ -5.916288543176264, 37.403405306615248 ], [ -5.913940648098152, 37.404512244723172 ], [ -5.911170133818935, 37.405759570196317 ], [ -5.911161928392755, 37.40576326406309 ], [ -5.910214940830953, 37.404461039407934 ], [ -5.911493537215743, 37.403444902505541 ], [ -5.912618883089528, 37.402253724234477 ], [ -5.912650281507034, 37.402225200649056 ], [ -5.913852425909516, 37.403899025529959 ], [ -5.9170251863147, 37.402485633222241 ] ] ], [ [ [ -5.975182503936161, 37.402269197865969 ], [ -5.976584345739954, 37.403118963116754 ], [ -5.975970391679765, 37.403717847138537 ], [ -5.976377731675986, 37.403953145214636 ], [ -5.976164097315862, 37.404183750328116 ], [ -5.974341203469252, 37.403134881383721 ], [ -5.975146503501187, 37.402247374378689 ], [ -5.975182503936161, 37.402269197865969 ] ] ] ] } },
{ "type": "Feature", "properties": { "viviendas": 1809, "n_flats": 4, "n_rooms": 3, "n_all": 7, "ratio_flats": 0.22111663902708678, "ratio_rooms": 0.16583747927031509, "ratio": 0.38695411829740189, "mean_price": 72.285714285714292, "mean_revenue": 525.5, "profit": -39.088405794710184, "net_profit": -1.0, "ingresos_medios": 11673.727584727763 }, "geometry": { "type": "MultiPolygon", "coordinates": [ [ [ [ -5.9403525451364, 37.377193445763055 ], [ -5.940306116219581, 37.377241358545938 ], [ -5.938946781211549, 37.378644089879167 ], [ -5.938268733004655, 37.378236547095469 ], [ -5.937363354885433, 37.377696411913313 ], [ -5.938314798531088, 37.376661902414909 ], [ -5.938713691062373, 37.375860465521377 ], [ -5.939531605556139, 37.374161722275957 ], [ -5.939832337885668, 37.373601132653903 ], [ -5.940210274388333, 37.373181666433425 ], [ -5.942792425272137, 37.374675506091798 ], [ -5.9403525451364, 37.377193445763055 ] ] ], [ [ [ -5.938981477552334, 37.398552373216752 ], [ -5.939514291083406, 37.39816997996931 ], [ -5.941711214102287, 37.399552142465289 ], [ -5.940942560610621, 37.400290542137427 ], [ -5.940503303417864, 37.400673393043121 ], [ -5.941610869656023, 37.40148501593599 ], [ -5.942828690356754, 37.402203037636561 ], [ -5.942827749234337, 37.402476103436229 ], [ -5.942844141655784, 37.40269781270954 ], [ -5.942531120449464, 37.402582551139872 ], [ -5.94069651441403, 37.403274725417674 ], [ -5.939939223640311, 37.402098941701354 ], [ -5.938774688826044, 37.400506025067443 ], [ -5.938426241349457, 37.399960582139023 ], [ -5.93799544414073, 37.399517740807838 ], [ -5.937976882763325, 37.399498660029522 ], [ -5.937983459482526, 37.399492299823883 ], [ -5.938739567167951, 37.398761137778223 ], [ -5.938981477552334, 37.398552373216752 ] ] ], [ [ [ -5.9767916481637, 37.401920918808585 ], [ -5.976798448610094, 37.401928675875638 ], [ -5.976901753853548, 37.401935079678118 ], [ -5.976960830065959, 37.401974170216803 ], [ -5.976918454204582, 37.402018033033102 ], [ -5.976967947398618, 37.402050574665687 ], [ -5.976987157840591, 37.402090633760594 ], [ -5.976954986126125, 37.402125210819854 ], [ -5.977014945094671, 37.402159777385442 ], [ -5.977066443023065, 37.402135949492724 ], [ -5.977492171676254, 37.402490137551347 ], [ -5.977500024731243, 37.402478667357201 ], [ -5.977675203344145, 37.402584640756494 ], [ -5.977350138389257, 37.402932978705529 ], [ -5.97639481231949, 37.40393466662438 ], [ -5.976377731675986, 37.403953145214636 ], [ -5.975970391679765, 37.403717847138537 ], [ -5.976584345739954, 37.403118963116754 ], [ -5.975182503936161, 37.402269197865969 ], [ -5.975470916546945, 37.401935368803308 ], [ -5.9767916481637, 37.401920918808585 ] ] ] ] } },
{ "type": "Feature", "properties": { "viviendas": 1182, "n_flats": 0, "n_rooms": 1, "n_all": 1, "ratio_flats": 0.0, "ratio_rooms": 0.084602368866328256, "ratio": 0.084602368866328256, "mean_price": 80.0, "mean_revenue": 0.0, "profit": -534.30233428325585, "net_profit": -1.0, "ingresos_medios": 10133.171542549266 }, "geometry": { "type": "MultiPolygon", "coordinates": [ [ [ [ -5.940306116219581, 37.377241358545938 ], [ -5.9403525451364, 37.377193445763055 ], [ -5.940669727652699, 37.377377951058257 ], [ -5.941737767703917, 37.378104737911066 ], [ -5.941962732692184, 37.378051455087402 ], [ -5.942451810738899, 37.378334903915309 ], [ -5.941449302638639, 37.379284890194484 ], [ -5.941462357933167, 37.379313174183579 ], [ -5.942134989900661, 37.379706490588227 ], [ -5.942232555884694, 37.379749720230087 ], [ -5.941711507590278, 37.381160948756715 ], [ -5.941667827923065, 37.381277514643486 ], [ -5.941638108294545, 37.381280636064439 ], [ -5.939850723071039, 37.380495458173328 ], [ -5.940569350000454, 37.379619304948662 ], [ -5.938946781211549, 37.378644089879167 ], [ -5.940306116219581, 37.377241358545938 ] ] ], [ [ [ -5.921238683971862, 37.388358217325404 ], [ -5.92242371491418, 37.388405203454781 ], [ -5.922427881967908, 37.388204836831967 ], [ -5.924200196350366, 37.388294495710547 ], [ -5.924115101675307, 37.390061824257657 ], [ -5.92333815028895, 37.389913234729832 ], [ -5.922893026083617, 37.389838420162519 ], [ -5.922981795348686, 37.388739540605123 ], [ -5.921939670673376, 37.388679490092322 ], [ -5.921851626289416, 37.389797424233805 ], [ -5.921128664405805, 37.38977029935706 ], [ -5.921238683971862, 37.388358217325404 ] ] ] ] } },
{ "type": "Feature", "properties": { "viviendas": 905, "n_flats": 0, "n_rooms": 0, "n_all": 0, "ratio_flats": 0.0, "ratio_rooms": 0.0, "ratio": 0.0, "mean_price": null, "mean_revenue": null, "profit": null, "net_profit": null, "ingresos_medios": 11122.334902781013 }, "geometry": { "type": "MultiPolygon", "coordinates": [ [ [ [ -5.944756835558222, 37.371843908247456 ], [ -5.944756385254088, 37.371832398382111 ], [ -5.944887694980072, 37.37182912608904 ], [ -5.946647988651916, 37.37433423365561 ], [ -5.945652617430134, 37.375109861636211 ], [ -5.94526400790086, 37.37539891517298 ], [ -5.945259062205383, 37.375402282296186 ], [ -5.944900028137543, 37.375646752338596 ], [ -5.94421352930678, 37.37599921321776 ], [ -5.944424525906348, 37.371834986554461 ], [ -5.944756835558222, 37.371843908247456 ] ] ], [ [ [ -5.911242559748345, 37.405843620766085 ], [ -5.911440658394101, 37.406019930232198 ], [ -5.911689112698161, 37.406261752450483 ], [ -5.91179955212047, 37.406335321538265 ], [ -5.912105879061363, 37.406528034236253 ], [ -5.912262246940804, 37.406552789475363 ], [ -5.912695159135117, 37.40641980734938 ], [ -5.914424220418177, 37.408798629449976 ], [ -5.913818900341175, 37.408888733922474 ], [ -5.913452131134005, 37.408911323270189 ], [ -5.913667328893753, 37.409259665107385 ], [ -5.914107301196527, 37.409708346854181 ], [ -5.914466596193865, 37.409999119303727 ], [ -5.914926788968248, 37.410273819034103 ], [ -5.915443426921854, 37.410515623239498 ], [ -5.915920438529686, 37.410704335338288 ], [ -5.918637267270793, 37.411617307464439 ], [ -5.919111500875981, 37.411776661320133 ], [ -5.922801533194558, 37.413016769954773 ], [ -5.923274520487115, 37.413106457783982 ], [ -5.92495029273318, 37.413233937335733 ], [ -5.928673442603531, 37.413477381789598 ], [ -5.931179448754034, 37.413646920449501 ], [ -5.931792448634139, 37.413688382982251 ], [ -5.93078231786158, 37.414109874073404 ], [ -5.92781272767965, 37.41532557338774 ], [ -5.92733764274272, 37.415504033240431 ], [ -5.926910502715907, 37.415645301884304 ], [ -5.925480366307202, 37.416043395408842 ], [ -5.922402904770744, 37.416799793575699 ], [ -5.919219115704879, 37.417804337845993 ], [ -5.918072887775461, 37.41820206952351 ], [ -5.917556209857602, 37.418397276956817 ], [ -5.916650746645233, 37.418800341036885 ], [ -5.914929448616863, 37.419617696256829 ], [ -5.905559276015046, 37.424126224421158 ], [ -5.902392473622432, 37.425632226913272 ], [ -5.900661067024354, 37.42641585641659 ], [ -5.897281329013958, 37.428008015326739 ], [ -5.890906782230515, 37.431065679731681 ], [ -5.888626485222403, 37.428913713445411 ], [ -5.887677563535355, 37.428035869359007 ], [ -5.88715789339002, 37.42715649540645 ], [ -5.887002892026162, 37.426944063708099 ], [ -5.885221236749612, 37.424680880035055 ], [ -5.884303621896086, 37.423144417622481 ], [ -5.883990769069256, 37.422647454305604 ], [ -5.883263618832616, 37.421655999372589 ], [ -5.883085639418338, 37.421435058933383 ], [ -5.881320557324416, 37.419892264116108 ], [ -5.879175409463464, 37.417863089844239 ], [ -5.878656373292725, 37.417290028519012 ], [ -5.878341336570508, 37.417027409650871 ], [ -5.877992016648463, 37.416756600869348 ], [ -5.876387223964211, 37.415263838290173 ], [ -5.876118329680119, 37.415027085900348 ], [ -5.875386474493288, 37.413909544335048 ], [ -5.874989569733758, 37.412982079417674 ], [ -5.874797101900253, 37.412403344472999 ], [ -5.875783228115404, 37.41171931669782 ], [ -5.884605481827082, 37.405769051263285 ], [ -5.888966280402991, 37.402851287764769 ], [ -5.893222075694391, 37.39991556228351 ], [ -5.894804796541643, 37.398881158263805 ], [ -5.899974959822357, 37.395395729048261 ], [ -5.902204094717575, 37.39386326589262 ], [ -5.903562317502036, 37.392949154031477 ], [ -5.904615592109018, 37.392211463572124 ], [ -5.905284604930586, 37.39153014791458 ], [ -5.906136519631932, 37.390662543161525 ], [ -5.906055955703691, 37.390623943867176 ], [ -5.906523086080304, 37.390116904528305 ], [ -5.907371058098454, 37.390134342542773 ], [ -5.908653703403347, 37.39011177595583 ], [ -5.909119598074666, 37.390118377603393 ], [ -5.911081169990832, 37.389503315790215 ], [ -5.911109653123256, 37.389494384482191 ], [ -5.91255786771843, 37.389040275510155 ], [ -5.913043767229865, 37.388924645065323 ], [ -5.913487293365296, 37.389702184986611 ], [ -5.914019034150248, 37.389508844020398 ], [ -5.914314564589792, 37.389607441084898 ], [ -5.914220655749372, 37.389830502732039 ], [ -5.914180130975884, 37.390045488645576 ], [ -5.914177730706436, 37.390279837231475 ], [ -5.914188502309067, 37.390671490453656 ], [ -5.91421271147464, 37.391549470071389 ], [ -5.914177563299925, 37.391935539244443 ], [ -5.914182760369635, 37.392174200351548 ], [ -5.914199486921636, 37.392360743652461 ], [ -5.914296437307451, 37.392795370749639 ], [ -5.914395869483098, 37.393047472520578 ], [ -5.914716178485827, 37.39360049152365 ], [ -5.91502453675899, 37.39401189330794 ], [ -5.91504276731377, 37.39403410462171 ], [ -5.915722798491024, 37.394864154496972 ], [ -5.916286519052427, 37.39564973325777 ], [ -5.916759954835914, 37.396309541433169 ], [ -5.918524128958015, 37.398769914748151 ], [ -5.915406001910525, 37.400144191162163 ], [ -5.914865900244379, 37.400395928000769 ], [ -5.913935270579051, 37.401057823713373 ], [ -5.912650281507034, 37.402225200649056 ], [ -5.912618883089528, 37.402253724234477 ], [ -5.911493537215743, 37.403444902505541 ], [ -5.910214940830953, 37.404461039407934 ], [ -5.911161928392755, 37.40576326406309 ], [ -5.911170133818935, 37.405759570196317 ], [ -5.911242559748345, 37.405843620766085 ] ] ] ] } },
{ "type": "Feature", "properties": { "viviendas": 1549, "n_flats": 1, "n_rooms": 0, "n_all": 1, "ratio_flats": 0.064557779212395097, "ratio_rooms": 0.0, "ratio": 0.064557779212395097, "mean_price": 47.0, "mean_revenue": 998.75, "profit": 440.10035192757891, "net_profit": 1.0, "ingresos_medios": 8185.6356016766204 }, "geometry": { "type": "MultiPolygon", "coordinates": [ [ [ [ -5.933794999368432, 37.380685458712449 ], [ -5.933914159991998, 37.386176669738582 ], [ -5.932828045439316, 37.38613555031732 ], [ -5.926670461413438, 37.385966015515748 ], [ -5.925703030751224, 37.385978668881293 ], [ -5.924234183345953, 37.38608035770541 ], [ -5.923413108374859, 37.386082636308998 ], [ -5.92232148305467, 37.386019540361445 ], [ -5.921345935245785, 37.38598284474299 ], [ -5.920537980823709, 37.385953140387613 ], [ -5.91917292527611, 37.385902940439379 ], [ -5.919168700853914, 37.383369397331855 ], [ -5.919194130938073, 37.382176719365141 ], [ -5.919177867167348, 37.381757520388852 ], [ -5.914744296371836, 37.381754059751103 ], [ -5.914589942371498, 37.374798496574499 ], [ -5.914588077922789, 37.374714461305743 ], [ -5.914638940649049, 37.374705833267278 ], [ -5.914940188517902, 37.374654730967073 ], [ -5.916127495497519, 37.374409173992483 ], [ -5.916863654430073, 37.374296623525666 ], [ -5.920695745347715, 37.373710704699349 ], [ -5.921076732331626, 37.373638217621178 ], [ -5.923486543411327, 37.373182213756728 ], [ -5.924265262136225, 37.372883640572262 ], [ -5.924809475488514, 37.372510791004267 ], [ -5.925003730588426, 37.372588251862844 ], [ -5.925321876758557, 37.372713286786166 ], [ -5.925667676097555, 37.372855679302688 ], [ -5.925993858919574, 37.372982779596335 ], [ -5.926168499484829, 37.373050518595868 ], [ -5.926581161427792, 37.373222773135851 ], [ -5.927794596228915, 37.37382345575223 ], [ -5.927813242658228, 37.373832018011448 ], [ -5.928465678476234, 37.374181986080792 ], [ -5.929723965562889, 37.374856914151785 ], [ -5.929863548137725, 37.374948088602594 ], [ -5.931080839405976, 37.37572435621383 ], [ -5.931756571458093, 37.376196419427899 ], [ -5.933629738286518, 37.377591216748471 ], [ -5.933794999368432, 37.380685458712449 ] ] ], [ [ [ -5.917025192945472, 37.402485629454226 ], [ -5.913852425909516, 37.403899025529959 ], [ -5.912650281507034, 37.402225200649056 ], [ -5.913935270579051, 37.401057823713373 ], [ -5.914865900244379, 37.400395928000769 ], [ -5.915300266162283, 37.400193474226356 ], [ -5.917025192945472, 37.402485629454226 ] ] ] ] } }
]
}
